comment,–ù—Ä–∞–≤–∏—Ç—Å—è —Å–∫–æ—Ä–æ—Å—Ç—å –æ—Ç—Ä–∞–±–æ—Ç–∫–∏ –∑–∞—è–≤–æ–∫,–ù—Ä–∞–≤–∏—Ç—Å—è –∫–∞—á–µ—Å—Ç–≤–æ –≤—ã–ø–æ–ª–Ω–µ–Ω–∏—è –∑–∞—è–≤–∫–∏,–ù—Ä–∞–≤–∏—Ç—Å—è –∫–∞—á–µ—Å—Ç–≤–æ —Ä–∞–±–æ—Ç—ã —Å–æ—Ç—Ä—É–¥–Ω–∏–∫–æ–≤,–ü–æ–Ω—Ä–∞–≤–∏–ª–æ—Å—å –≤—ã–ø–æ–ª–Ω–µ–Ω–∏–µ –∑–∞—è–≤–∫–∏,–í–æ–ø—Ä–æ—Å —Ä–µ—à–µ–Ω,id,original_rating,selection_score
—Å–ø–∞—Å–∏–±–æ —É–ø—Ä–∞–≤–ª—è—é—â–µ–π –∫–æ–º–ø–∞–Ω–∏–∏ –∑–∞ —Ç–æ —á—Ç–æ –ø—Ä–∏—Å–ª–∞–ª–∏ –≥—Ä–∞–º–æ—Ç–Ω–æ–≥–æ —Å–ø–µ—Ü–∏–∞–ª–∏—Å—Ç–∞ –∏ –±—ã—Å—Ç—Ä–æ –æ—Ç—Ä–µ–∞–≥–∏—Ä–æ–≤–∞–ª–∏ –Ω–∞ –∑–∞—è–≤–∫—É,1,0,1,0,0,3627490,5,36.199999999999996
–û—á–µ–Ω—å —Ä–∞–¥—É–µ—Ç —Ä–∞–±–æ—Ç–∞ –£–ö. –û–ø–µ—Ä–∞—Ç–∏–≤–Ω–æ! –°–ø–∞—Å–∏–±–æ!,1,0,1,0,0,3716702,5,15.999999999999998
"–í—ã–ø–æ–ª–Ω–∏–ª–∏ –æ—Ç–ª–∏—á–Ω–æ , –æ–±—Ä–∞–±–æ—Ç–∫–∞ –∑–∞—è–≤–∫–∏ –±—ã–ª–∞ —Å–ª–∏—à–∫–æ–º –¥–æ—Ä–æ–≥–æ–π",0,0,0,1,0,3749719,5,20.4
"–ü—Ä–æ–±–ª–µ–º–∞ —Ä–µ—à–µ–Ω–∞, —Ä—É—á–∫–∏ –Ω–∞ –æ–∫–Ω–∞ –ø–æ—Å—Ç–∞–≤–∏–ª–∏. –°–ø–∞—Å–∏–±–æ –∑–∞ –æ–±—Ä–∞—Ç–Ω—É—é —Å–≤—è–∑—å!",0,0,0,0,1,3834081,5,24.4
"–ú–∏—Ö–∞–∏–ª –æ—Ç–ª–∏—á–Ω—ã–π –º–∞—Å—Ç–µ—Ä —Å–≤–æ–µ–≥–æ –¥–µ–ª–∞. –°–¥–µ–ª–∞–ª –±—ã—Å—Ç—Ä–æ, —á–∏—Å—Ç–æ, –¥–∞–ª —Ä–µ–∫–æ–º–µ–Ω–¥–∞—Ü–∏–∏)",1,1,1,1,0,3842440,5,27.4
"–ø—Ä–æ—Ñ–µ—Å—Å–∏–æ–Ω–∞–ª—å–Ω–æ, –±—ã—Å—Ç—Ä–æ. –æ—á–µ–Ω—å –ø—Ä–∏—è—Ç–Ω—ã–π –º–∞—Å—Ç–µ—Ä",1,0,1,0,0,3844645,5,16.7
"–°–ø–∞—Å–∏–±–æ, –≤–æ–ø—Ä–æ—Å —Ä–µ—à–∏–ª–∏, –≤—Å—ë —Å—Ç–∞–ª–æ –Ω–æ—Ä–º–∞–ª—å–Ω–æ",0,0,0,0,1,3846831,5,15.800000000000002
–¢–∞—Ç—å—è–Ω–∞ –í–ª–∞–¥–∏–º–∏—Ä–æ–≤–Ω–∞ –±–æ–ª—å—à–æ–µ –≤–∞–º —Å–ø–∞—Å–∏–±–æ!!!!,0,0,1,0,0,3848236,5,15.3
–û–≥—Ä–æ–º–Ω–æ–µ —Å–ø–∞—Å–∏–±–æ –≤–∞–º –æ—Ç –≤—Å–µ–≥–æ –ø–æ–¥—ä–µ–∑–¥–∞!!! ))))),0,0,1,1,0,3852179,5,16.6
"—Å–ø–∞—Å–∏–±–æ, –í–∞–º, —Å—Ä–µ–∞–≥–∏—Ä–æ–≤–∞–ª–∏ –æ–ø–µ—Ä–∞—Ç–∏–≤–Ω–æ/–±—ã—Å—Ç—Ä–æ, –∞ —Ç–∞–∫ –∂–µ –≤—Å—ë –≤—Ä–µ–º—è –±—ã–ª–∏ –Ω–∞ —Å–≤—è–∑–∏ü§ù",1,0,1,0,0,3859780,5,27.799999999999997
"–°–ø–∞—Å–∏–±–æ! –ü–æ –∫—Ä–∞–π–Ω–µ–π –º–µ—Ä–µ, –ø–æ –Ω–æ—á–∞–º –ø–æ–∫–∞ —à—É–º–∞ –Ω–µ —Å–ª—ã—à–Ω–æ.",0,0,0,0,1,3863351,5,19.8
"–ë–æ–ª—å—à–æ–µ —Å–ø–∞—Å–∏–±–æ –ê–ª–µ–∫—Å–∞–Ω–¥—Ä—É,–∑–∞ –æ–ø–µ—Ä–∞—Ç–∏–≤–Ω–æ—Å—Ç—å –∏ –ø—Ä–æ—Ñ–µ—Å—Å–∏–æ–Ω–∞–ª–∏–∑–º",1,0,1,0,0,3872124,5,21.2
"–ú–∞—Å—Ç–µ—Ä –±—ã—Å—Ç—Ä–æ —Ä–µ—à–∏–ª –ø—Ä–æ–±–ª–µ–º—É!–í—Å—ë –∏—Å–ø—Ä–∞–≤–∏–ª,–æ—á–µ–Ω—å –¥–æ–≤–æ–ª—å–Ω–∞!–°–ø–∞—Å–∏–±–æ!",1,0,1,1,1,3877901,5,23.9
"–≤—ã—Ç—è–∂–∫–∞ –∑–∞—Ä–∞–±–æ—Ç–∞–ª–∞ - —Å–ø–∞—Å–∏–±–æ. –æ—Ç–¥–µ–ª—å–Ω–æ–µ —Å–ø–∞—Å–∏–±–æ –º–∞—Å—Ç–µ—Ä—É, –∫–æ—Ç–æ—Ä—ã–π —Å–æ–æ–±—â–∏–ª, —á—Ç–æ –Ω–µ—Ç –ø—Ä–∏—á–∏–Ω, –ø—Ä–µ–ø—è—Ç—Å—Ç–≤—É—é—â–∏—Ö –ø–æ–¥–∫–ª—é—á–µ–Ω–∏—é –≤—ã—Ç—è–∂–∫–∏ –∫ –¥–æ–º–æ–≤–æ–π –≤–µ–Ω—Ç–∏–ª—è—Ü–∏–∏",0,0,1,0,1,3878088,5,50.300000000000004
–í—Å—ë –æ—á–µ–Ω—å —á–µ—Ç–∫–æ –æ—Ä–≥–∞–Ω–∏–∑–æ–≤–∞–Ω–æ! –ë–æ–ª—å—à–æ–µ —Å–ø–∞—Å–∏–±–æ –∑–∞ —Ä–∞–±–æ—Ç—É!,0,0,1,1,0,3879856,5,19.700000000000003
–°–ø–∞—Å–∏–±–æ –í–∞–º –±–æ–ª—å—à–æ–µ –∏ –∑–∞ –¥–≤–µ—Ä—å –∏ –∑–∞ –Ω–æ–º–µ—Ä–∞ –∫–≤–∞—Ä—Ç–∏—Ä!,0,0,0,1,0,3880345,5,18.2
"–í –¥–µ–Ω—å —Å–æ–∑–¥–∞–Ω–∏—è –∑–∞—è–≤–∫–∏ , —Ä–∞–±–æ—á–∏–µ –æ–ø–µ—Ä–∞—Ç–∏–≤–Ω–æ –ø—Ä–∏—à–ª–∏ –∏ –≤–µ—Å—å —É–∂–∞—Å —É–±—Ä–∞–ª–∏ , –æ–≥—Ä–æ–º–Ω–∞—è –±–ª–∞–≥–æ–¥–∞—Ä–Ω–æ—Å—Ç—å !",1,0,1,1,1,3881004,5,34.6
"—Å–ø–∞—Å–∏–±–æ, —Ä–µ—à–∏–ª–∏ –º–æ–π –≤–æ–ø—Ä–æ—Å –Ω–∞ –º–µ—Å—Ç–µ –≤ –æ—Ñ–∏—Å–µ",0,0,0,0,1,3881636,5,16.4
"–°–ø–∞—Å–∏–±–æ –±–æ–ª—å—à–µ –û–ª—å–≥–µ –ü—Ç—É—à–∫–∏–Ω–µ, –∑–∞ –ø—Ä–æ–¥–µ–ª–∞–Ω–Ω—É—é —Ä–∞–±–æ—Ç—É!",0,0,1,1,0,3882840,5,18.599999999999998
"–≤—Å—ë —Å–¥–µ–ª–∞–ª–∏ —Ö–æ—Ä–æ—à–æ, –ø–æ—á–∏–Ω–∏–ª–∏ –≤–æ–≤—Ä–µ–º—è. –Ω–∞–≤–µ—Ä–Ω–æ–µ, –º–æ–ª–æ–¥—Ü—ã.",1,1,1,0,1,3883200,5,19.5
"–ú–∞—Å—Ç–µ—Ä –ê–Ω–¥—Ä–µ–π –ø–æ–º–æ–≥ –ø–æ–¥–æ–±—Ä–∞—Ç—å –æ–±–æ—Ä—É–¥–æ–≤–∞–Ω–∏–µ (–∫—Ä–∞–Ω—ã/–ø–µ—Ä–µ—Ö–æ–¥–Ω–∏–∫–∏) –¥–ª—è –ø–æ–¥–∫–ª—é—á–µ–Ω–∏—è, –±—ã—Å—Ç—Ä–æ –∏ –∫–∞—á–µ—Å—Ç–≤–µ–Ω–Ω–æ –ø—Ä–æ–∏–∑–≤–µ–ª –ø–æ–¥–∫–ª—é—á–µ–Ω–∏–µ —Å—Ç–∏—Ä–∞–ª—å–Ω–æ–π –º–∞—à–∏–Ω–∫–∏. –û–≥—Ä–æ–º–Ω–æ–µ –µ–º—É —Å–ø–∞—Å–∏–±–æ.",1,1,1,1,1,3883745,5,56.5
–£–º–µ–ª–æ –ø–æ–¥–∫—Ä—É—Ç–∏–ª–∏ —Ä–µ–¥—É–∫—Ç–æ—Ä—ã –¥–∞–≤–ª–µ–Ω–∏—è. –ú–æ–ª–æ–¥–µ—Ü!,0,1,1,0,1,3884964,5,15.8
"–ø—Ä–æ–±–ª–µ–º—ã –∫–∞–∫ —Ç–∞–∫–æ–≤–æ–π –Ω–µ –±—ã–ª–æ, —è –≤ –ø—Ä–æ—Ü–µ—Å—Å–µ –ø–æ–∏—Å–∫–∞ —Å—Ç—Ä–∞—Ö –∫–æ–º–ø–∞–Ω–∏–∏ –∏ –≤—Å–µ–≥–æ –ª–∏—à—å. –°–ø–∞—Å–∏–±–æ —Å–æ—Ç—Ä—É–¥–Ω–∏–∫–∞–º",0,0,1,0,0,3886150,5,35.5
"–±—ã—Å—Ç—Ä–æ, —á—ë—Ç–∫–æ, –±–µ–∑ –ø—Ä–æ–±–ª–µ–º. –æ–¥–Ω–æ —Å–ª–æ–≤–æ - –º–∞—Å—Ç–µ—Ä!",1,1,1,0,1,3886231,5,18.099999999999998
"—Å–µ–≥–æ–¥–Ω—è –µ–∑–¥–∏–ª, –≤—Å–µ –∏—Å–ø—Ä–∞–≤–Ω–æ —Ä–∞–±–æ—Ç–∞–µ—Ç, —Å–ø–∞—Å–∏–±–æ!",0,0,0,0,1,3886923,5,16.1
"–°–µ—Ä–≤–∏—Å –Ω–∞ –≤—ã—Å–æ—Ç–µ, –º–∞—Å—Ç–µ—Ä - –ø—Ä–æ—Ñ–µ—Å—Å–∏–æ–Ω–∞–ª",0,0,1,1,0,3887422,5,14.6
"–°–ø–∞—Å–∏–±–æ —Å–∞–Ω—Ç–µ—Ö–Ω–∏–∫—É –ê–ª–µ–∫—Å–µ—é, –≤—Å–µ —Å–¥–µ–ª–∞–Ω–æ –∫–∞—á–µ—Å—Ç–≤–µ–Ω–Ω–æ",0,1,1,0,0,3888354,5,17.9
"–û–≥—Ä–æ–º–Ω–æ–µ —á–µ–ª–æ–≤–µ—á–µ—Å–∫–æ–µ —Å–ø–∞—Å–∏–±–æ –∑–∞ –æ–ø–µ—Ä–∞—Ç–∏–≤–Ω–æ—Å—Ç—å –≤—ã–ø–æ–ª–Ω–µ–Ω–∏—è —Ä–∞–±–æ—Ç—ã –Ω–∞—à–µ–º—É –¥–µ–∂—É—Ä–Ω–æ–º—É —Å–∞–Ω—Ç–µ—Ö–Ω–∏–∫—É, –ø—Ä–∏–±—ã–≤—à–µ–º—É –≤ –≤–æ—Å–∫—Ä–µ—Å–µ–Ω—å–µ —á–µ—Ä–µ–∑ 20 –º–∏–Ω—É—Ç –ø–æ—Å–ª–µ –Ω–∞–ø–∏—Å–∞–Ω–∏—è –∑–∞—è–≤–∫–∏! –í—Å–µ —Ä–µ—à–∏–ª–æ—Å—å –Ω–∞–∏–ª—É—á—à–∏–º –æ–±—Ä–∞–∑–æ–º! –í–æ—Ç —Ç–∞–∫ –±—ã –≤—Å–µ –≤–æ–ø—Ä–æ—Å—ã –æ–ø–µ—Ä–∞—Ç–∏–≤–Ω–æ —Ä–µ—à–∞–ª–∏—Å—å!!!",1,0,1,1,1,3888539,5,81.3
–û—á–µ–Ω—å –æ–ø–µ—Ä–∞—Ç–∏–≤–Ω–æ –∏ –Ω–∏–∫—É–¥–∞ –Ω–µ –ø—Ä–∏—à–ª–æ—Å—å —Ö–æ–¥–∏—Ç—å.,1,0,1,0,0,3888591,5,16.2
"–æ–ø–µ—Ä–∞—Ç–∏–≤–Ω–æ, –∫–∞—á–µ—Å—Ç–≤–µ–Ω–Ω–æ, –≤–æ–ø—Ä–æ—Å–æ–≤ –Ω–µ –≤–æ–∑–Ω–∏–∫–ª–æ. –°–ø–∞—Å–∏–±–æ.",1,1,0,1,0,3888794,5,19.7
–ü–µ—Ä–≤—ã–π —Ä–∞–∑ –≤—ã —Ä–µ—à–∏–ª–∏ –≤–æ–ø—Ä–æ—Å –±—ã—Å—Ç—Ä–æ,1,0,0,0,1,3889542,5,13.499999999999998
–æ—Ç–ª–∏—á–Ω–∞—è —Ä–∞–±–æ—Ç–∞. —Ç–µ–ø–µ—Ä—å –¥–≤–µ—Ä—å –∑–∞–∫—Ä—ã–≤–∞–µ—Ç—Å—è –ø–ª–∞–≤–Ω–æ. —Å–ø–∞—Å–∏–±–æ.,0,1,0,0,1,3890275,5,20.299999999999997
–ê–ª–µ–∫—Å–∞–Ω–¥—Ä—É —Å–ø–∞—Å–∏–±–æ –∑–∞ –æ–±—ä—è—Å–Ω–µ–Ω–∏–µ –ø—Ä–∏—á–∏–Ω—ã –±—É–ª—å–∫–∞–Ω—å—è !,0,0,1,0,0,3890678,5,18.099999999999998
–º–∞—Å—Ç–µ—Ä —Å–¥–µ–ª–∞–ª –≤—Å–µ –æ—á–µ–Ω—å –±—ã—Å—Ç—Ä–æ –∏ –∞–∫–∫—É—Ä–∞—Ç–Ω–æ,1,1,1,0,0,3891095,5,16.2
–û—á–µ–Ω—å –≤–µ–∂–ª–∏–≤—ã–π –∏ –ø—Ä–æ—Ñ–µ—Å—Å–∏–æ–Ω–∞–ª—å–Ω—ã–π –º–∞—Å—Ç–µ—Ä. –£—Å—Ç—Ä–∞–Ω–∏–ª –≤—Å–µ –Ω–µ–¥–æ—á–µ—Ç—ã –æ–ø–µ—Ä–∞—Ç–∏–≤–Ω–æ –∏ –∫–∞—á–µ—Å—Ç–≤–µ–Ω–Ω–æ. –ü—Ä–æ—Å—Ç–æ –æ—Ç–ª–∏—á–Ω–æ. –°–ø–∞—Å–∏–±–æ,1,1,1,1,1,3891325,5,40.099999999999994
"–°–ø–∞—Å–∏–±–æ —Å–ø–µ—Ü–∏–∞–ª–∏—Å—Ç—É –†–æ–º–∞–Ω—É, –∫–æ—Ç–æ—Ä—ã–π –ø–æ–º–æ–≥ –º–Ω–µ –Ω–∞–∫–æ–Ω–µ—Ü-—Ç–æ —Ä–µ—à–∏—Ç—å –º–æ–π –≤–æ–ø—Ä–æ—Å! –û—á–µ–Ω—å –≥—Ä–∞–º–æ—Ç–Ω—ã–π –∏ –≤–µ–∂–ª–∏–≤—ã–π —Å–ø–µ—Ü–∏–∞–ª–∏—Å—Ç)",0,0,1,0,1,3891489,5,40.49999999999999
—Å–ø–∞—Å–∏–±–æ! –≤ —Ç–æ—Ç –∂–µ –¥–µ–Ω—å —ç–ª–µ–∫—Ç—Ä–∏–∫ —Ä–µ—à–∏–ª –ø—Ä–æ–±–ª–µ–º—É.,1,0,0,0,1,3891568,5,17.599999999999998
"–õ–∏—Ñ—Ç –∏ –ø–æ–ª—ã –ø–æ–º—ã–ª–∏ , –±–æ–ª—å—à–æ–µ —Å–ø–∞—Å–∏–±–æ –∑–∞ —É–±–æ—Ä–∫—É ! –ñ–¥—ë–º —É—Å—Ç–∞–Ω–æ–≤–∫—É –∑–µ—Ä–∫–∞–ª –≤ –ª–∏—Ñ—Ç–∞—Ö",0,0,0,1,0,3891612,5,28.8
–°–ø–∞—Å–∏–±–æ –±–æ–ª—å—à–æ–µ –∑–∞ –í–∞—à—É –±—ã—Å—Ç—Ä—É—é –∏ –ø—Ä–æ—Ñ–µ—Å—Å–∏–æ–Ω–∞–ª—å–Ω—É—é –ø–æ–º–æ—â—å.,1,0,1,0,0,3892115,5,20.9
"–í—Å–µ –±—ã—Å—Ç—Ä–æ, –Ω–µ —Å–º–æ—Ç—Ä—è –Ω–∞ –ø–æ–∑–¥–Ω–∏–π —á–∞—Å.",1,0,0,0,0,3892189,5,13.600000000000001
–æ—Ç–≤–µ—Ç –±—ã–ª –ø—Ä–µ–¥–æ—Å—Ç–∞–≤–ª–µ–Ω –æ–ø–µ—Ä–∞—Ç–∏–≤–Ω–æ –∏ –≤ –ø–æ–ª–Ω–æ–º –æ–±—ä–µ–º–µ,1,1,0,0,0,3892432,5,18.400000000000002
"–°–ø–∞—Å–∏–±–æ –æ–≥—Ä–æ–º–Ω–æ–µ, –Ω–∞–ø–æ—Ä —Å—Ç–∞–ª –æ—Ç–ª–∏—á–Ω—ã–º!",0,1,0,1,0,3892474,5,13.500000000000002
–°–ø–∞—Å–∏–±–æ) —Ç–∞–º –ø—Ä–∞–≤–¥–∞ –≤—Å–µ —É–±—Ä–∞–ª–∏ –∏ —Å—Ç–∞–ª–æ –ø—Ä—è–º —á–∏—Å—Ç–æ) –µ—Å–ª–∏ –º–æ–∂–µ—Ç–µ –µ—â–µ –æ—Ç–º—ã—Ç—å –ø—è—Ç–Ω–∞ —á–µ–≥–æ-—Ç–æ‚Ä¶ –±—É–¥—É –æ—á–µ–Ω—å –≤–∞–º –ø—Ä–∏–∑–Ω–∞—Ç–µ–ª–µ–Ω) –≤–æ–∑–º–æ–∂–Ω–æ —Ç–∞–º –Ω—É–∂–Ω–∞ –Ω–µ —Ç–æ–ª—å–∫–æ —Ç—Ä—è–ø–∫–∞),0,1,0,1,0,3892548,5,54.2
–°–ø–∞—Å–∏–±–æ –º–∞—Å—Ç–µ—Ä—É –°–µ—Ä–≥–µ—é –∑–∞ —á–µ—Ç–∫—É—é —Ä–∞–±–æ—Ç—É!,0,0,1,1,0,3892591,5,14.6
"–í–æ–ø—Ä–æ—Å —Ä–µ—à–µ–Ω –±—ã—Å—Ç—Ä–æ, —Å–ø–∞—Å–∏–±–æ –º–∞—Å—Ç–µ—Ä—É. –§–æ—Ç–æ –≤—ã–ø–æ–ª–Ω–µ–Ω–Ω–æ–π —Ä–∞–±–æ—Ç—ã –ø—Ä–∏–ª–æ–∂–∏–ª –∏ –¥–∞–∂–µ –ø–æ–∑–≤–æ–Ω–∏–ª!",1,0,1,1,1,3892748,5,31.499999999999996
–°–ø–∞—Å–∏–±–æ.. –≤—Å–µ —Å–¥–µ–ª–∞–ª–∏ –±—ã—Å—Ç—Ä–æ .. –æ—á–µ–Ω—å –≤–µ–∂–ª–∏–≤—ã–µ —Å–æ—Ç—Ä—É–¥–Ω–∏–∫–∏.,1,0,1,0,0,3892909,5,21.2
–ó–∞—è–≤–∫–∞ –±—ã—Å—Ç—Ä–∞ –ø—Ä–∏–Ω—è—Ç–∞ –≤ —Ä–∞–±–æ—Ç—É. –ü—Ä–æ–±–ª–µ–º–∞ —Ä–µ—à–µ–Ω–∞. –°–ø–∞—Å–∏–±–æ!,1,0,0,0,1,3893476,5,20.799999999999997
"–°–ø–∞—Å–∏–±–æ –±–æ–ª—å—à–æ–µ,–≤—Å–µ—Ö –±–ª–∞–≥ –∏ –ø—Ä–æ—Ü–≤–µ—Ç–∞–Ω–∏–µ –≤–∞—à–µ–π –∫–æ–º–ø–∞–Ω–∏–∏",0,0,0,1,0,3893860,5,19.099999999999998
–±–ª–∞–≥–æ–¥–∞—Ä—é –∑–∞ –±—ã—Å—Ç—Ä–æ –∏ –∫–∞—á–µ—Å—Ç–≤–µ–Ω–Ω–æ –æ–∫–∞–∑–∞–Ω–Ω—É—é —É—Å–ª—É–≥—É,1,1,0,1,0,3894130,5,18.299999999999997
–°–ø–∞—Å–∏–±–æ –æ–≥—Ä–æ–º–Ω–æ–µ! –û–ø–µ—Ä–∞—Ç–∏–≤–Ω–æ –∏ –∫–∞—á–µ—Å—Ç–≤–µ–Ω–Ω–æ —Ä–µ—à–∏–ª–∏ –ø—Ä–æ–±–ª–µ–º—É!,1,1,0,1,1,3894902,5,21.599999999999998
"–ü–æ–¥–Ω–∏–º–∞–ª–∞—Å—å —Å–µ–≥–æ–¥–Ω—è —Å —É—Ç—Ä–∞, –∑–∞–ø–∞—Ö–∞ –Ω–µ—Ç —Å–æ–≤—Å–µ–º. –°–ø–∞—Å–∏–±–æ –±–æ–ª—å—à–æ–µ",0,1,0,1,1,3895042,5,22.099999999999998
"–õ–∏–∫–∞, —Å–ø–∞—Å–∏–±–æ –í–∞–º –∑–∞ –æ–ø–µ—Ä–∞—Ç–∏–≤–Ω—ã–π –æ—Ç–≤–µ—Ç –∏ –ø–æ–¥—Ä–æ–±–Ω—ã–µ —Ä–∞–∑—ä—è—Å–Ω–µ–Ω–∏—è –ø–æ —Ä–∞–±–æ—Ç–µ —Å –ø—Ä–∏–ª–æ–∂–µ–Ω–∏–µ–º!",1,0,1,1,1,3895634,5,30.900000000000002
"–°–ø–∞—Å–∏–±–æ –±–æ–ª—å—à–æ–µ –∑–∞ –æ–ø–µ—Ä–∞—Ç–∏–≤–Ω–æ—Å—Ç—å!)üëç –£–∂–µ –æ—Ü–µ–Ω–∏–ª–∏ –ø–µ—Å–æ—á–µ–∫ - –æ—á–µ–Ω—å —Ö–æ—Ä–æ—à–∏–π, —á–∏—Å—Ç—ã–π))) –î–µ—Ç–∏ –±—ã–ª–∏ –æ—á–µ–Ω—å —Ä–∞–¥—ã —á—Ç–æ –≤ –ø–µ—Å–æ—á–Ω–∏—Ü–µ –¥–æ—Å—Ç–∞—Ç–æ—á–Ω–æ–µ –∫–æ–ª–∏—á–µ—Å—Ç–≤–æ –ø–µ—Å–∫–∞!)) ü§ó",1,1,0,1,1,3895925,5,53.900000000000006
–ü—Ä–∏—Ö–æ–¥–∏–ª –º–∞—Å—Ç–µ—Ä –≤—Å–µ –æ—Ç—Ä–µ–≥—É–ª–∏—Ä–æ–≤–∞–ª –±–æ–ª—å—à–æ–µ —Å–ø–∞—Å–∏–±–æ,0,0,1,1,1,3896509,5,17.3
"–û—Ç–≤–µ—Ç –ø–æ–ª—É—á–µ–Ω. –°–ø–∞—Å–∏–±–æ, —á—Ç–æ —Ä–µ–∑—É–ª—å—Ç–∞—Ç–æ–º —Å—Ç–∞–ª–æ —É—Ç–æ—á–Ω–µ–Ω–∏–µ –∏ –º–µ–Ω—è –ø–æ–Ω—è–ª–∏.",0,0,0,1,1,3896928,5,24.7
"–ë–ª–∞–≥–æ–¥–∞—Ä—é –∑–∞ –æ–±—Ä–∞—Ç–Ω—É—é —Å–≤—è–∑—å. –ó–∞ –≤–æ–∑–º–æ–∂–Ω–æ—Å—Ç—å –¥–æ–±–∞–≤–∏—Ç—å –Ω–µ–æ–±—Ö–æ–¥–∏–º—ã–π –¥–æ–∫—É–º–µ–Ω—Ç –≤ –õ–ö –ø—Ä–∏–ª–æ–∂–µ–Ω–∏—è –∏ —Ç–µ–º —Å–∞–º—ã–º —Ä–µ—à–∏—Ç—å –≤–æ–ø—Ä–æ—Å, –Ω–µ –ø–æ—Å–µ—â–∞—è –∫–ª–∏–µ–Ω—Ç—Å–∫–∏–π –æ—Ñ–∏—Å. –ü—Ä–∏ –∑–≤–æ–Ω–∫–µ –±—ã–ª–æ –≤–µ–∂–ª–∏–≤–æ–µ, –¥–æ–±—Ä–æ–∂–µ–ª–∞—Ç–µ–ª—å–Ω–æ–µ –æ—Ç–Ω–æ—à–µ–Ω–∏–µ.",0,0,1,1,1,3896945,5,69.19999999999999
–û—á–µ–Ω—å –±—ã—Å—Ç—Ä–æ –æ—Ç—Ä–µ–∞–≥–∏—Ä–æ–≤–∞–ª–∏. –†–∞–±–æ—Ç–∞ –∫–∞—á–µ—Å—Ç–≤–µ–Ω–Ω–∞—è!,1,1,0,1,0,3897000,5,17.0
–°–ø–∞—Å–∏–±–æ –±–æ–ª—å—à–æ–µ –∑–∞ –∏–Ω—Ñ–æ—Ä–º–∞—Ü–∏—é. –¢–∞—Ç—å—è–Ω–∞ –º–æ–ª–æ–¥–µ—Ü!,0,0,1,1,0,3897281,5,16.700000000000003
"—ç–ª–µ–∫—Ç—Ä–∏–∫ –ø—Ä–∏—à—ë–ª –≤ –¥–µ–Ω—å –æ–±—Ä–∞—â–µ–Ω–∏—è, —Å–Ω—è–ª –ø–æ–∫–∞–∑–∞–Ω–∏—è, —Å—á–µ—Ç–∫–∏–∫ —Ä–∞–±–æ—Ç–∞–µ—Ç, —Å–æ—Ç—Ä—É–¥–Ω–∏–∫ –≤–µ–∂–ª–∏–≤—ã–π. –±–ª–∞–≥–æ–¥–∞—Ä—é.",1,1,1,1,1,3897654,5,34.6
–í—Å–µ –±—ã–ª–æ —Å–¥–µ–ª–∞–Ω–æ –±—ã—Å—Ç—Ä–æ –∏ –∫–∞—á–µ—Å—Ç–≤–µ–Ω–Ω–æ.,1,1,0,0,0,3897730,5,14.000000000000002
"–ù–∞–ø–æ—Ä —Å—Ç–∞–ª –≥–æ—Ä–∞–∑–¥–æ —Å–∏–ª—å–Ω–µ–µ, –Ω–µ–±–æ –∏ –∑–µ–º–ª—è. –ë—ã—Å—Ç—Ä–æ –ø–æ–Ω—è–ª–∏ –ø—Ä–∏—á–∏–Ω—É —Å–ª–∞–±–æ–≥–æ –Ω–∞–ø–æ—Ä–∞. –°–ø–∞—Å–∏–±–æ",1,0,0,0,1,3897831,5,31.5
"–°–ø–∞—Å–∏–±–æ –∑–∞ –≤–∞—à—É —Ä–∞–±–æ—Ç—É! –í—ã—á–∏—Å–ª–∏—Ç—å –±—ã, –∫—Ç–æ –≤—ã—Ä–≤–∞–ª –ø—Ä–µ–¥—ã–¥—É—â–∏–π –¥–æ–≤–æ–¥—á–∏–∫ –∏ –Ω–∞–∫–∞–∑–∞—Ç—å! –ê –≤–∞–º —Å–ø–∞—Å–∏–±–æ!",0,0,1,0,0,3898045,5,33.599999999999994
"–±—ã—Å—Ç—Ä–æ –ø–æ–∑–≤–æ–Ω–∏–ª–∏, –ø—Ä–∏—à–ª–∏ –≤—Å–µ —Å–¥–µ–ª–∞–ª–∏,—Å–ø–∞—Å–∏–±–æ",1,1,1,0,1,3898417,5,15.9
"–ú–æ–ª–æ–¥—Ü—ã, –æ—á–µ–Ω—å –æ–ø–µ—Ä–∞—Ç–∏–≤–Ω–æ!!!!! –ü—Ä—è–º –º–∏–Ω—É—Å –æ–¥–Ω–∞ –≥–æ–ª–æ–≤–Ω–∞—è –±–æ–ª—å",1,0,0,0,1,3898427,5,21.1
"–ü—Ä–æ—Å—Ç–æ –∏ —É–¥–æ–±–Ω–æ, –∞ —Ç–∞–∫–∂–µ –±—ã—Å—Ç—Ä–æ –∏ —ç–∫–æ–Ω–æ–º–∏—è –≤—Ä–µ–º–µ–Ω–∏ –∏ —Ä–µ—Å—É—Ä—Å–æ–≤ .",1,1,0,0,0,3899012,5,22.2
–í–ª–∞–¥–∏–º–∏—Ä –≥—Ä–∞–º–æ—Ç–Ω–æ –∏ –∑–¥–æ—Ä–æ–≤–æ –∏ –±—ã—Å—Ç—Ä–æ –≤—Å–µ —Å–¥–µ–ª–∞–ª,1,0,1,1,0,3901194,5,16.900000000000002
"–°–ø–∞—Å–∏–±–æ! –°–µ—Ä–≤–∏—Å —Ä–∞–±–æ—Ç–∞–µ—Ç, —ç—Ç–æ —Å–∞–º–æ–µ –≥–ª–∞–≤–Ω–æ–µ :)",0,0,0,0,1,3901257,5,16.3
"–¢–∞—Ç—å—è–Ω–∞ –æ–ø–µ—Ä–∞—Ç–∏–≤–Ω–æ —Ä–µ—à–∏–ª–∞ –≤–æ–ø—Ä–æ—Å,–æ—á–µ–Ω—å –æ—Ç–∑—ã–≤—á–∏–≤–∞—è üëç",1,0,1,0,1,3901616,5,18.599999999999998
"–ü–æ–ø—Ä–∏–≤–µ—Ç—Å—Ç–≤–æ–≤–∞–ª–∏, –ø—Ä–µ–¥–ª–æ–∂–∏–ª–∏ –ø—Ä–∏—Å–µ—Å—Ç—å. –í—Å—ë –±—ã—Å—Ç—Ä–æ –æ—Ñ–æ—Ä–º–∏–ª–∏. –°–ø–∞—Å–∏–±–æ.",1,0,1,1,0,3901987,5,23.4
"–°–ø–∞—Å–∏–±–æ —á—Ç–æ —É–±—Ä–∞–ª–∏ –Ω–∞–¥–ø–∏—Å—å. –î—É–º–∞–ª, –±—É–¥–µ—Ç –∞–∫–∫—É—Ä–∞—Ç–Ω–µ–µ",0,1,0,0,1,3902000,4,18.299999999999997
"–î–æ–±—Ä—ã–π –¥–µ–Ω—å! –ó–∞—è–≤–∫–∞ –±—ã–ª–∞ –≤—ã–ø–æ–ª–Ω–µ–Ω–∞ –∫–∞—á–µ—Å—Ç–≤–µ–Ω–Ω–æ, —Å–æ—Ç—Ä—É–¥–Ω–∏–∫–∏ –≥—Ä–∞–º–æ—Ç–Ω—ã–µ,–æ—á–µ–Ω—å –≤–µ–∂–ª–∏–≤—ã–µ, –±–æ–ª—å—à–æ–µ –∏–º —Å–ø–∞—Å–∏–±–æ!",0,1,1,1,1,3902093,5,36.9
–ó–∞–º–µ—á–∞—Ç–µ–ª—å–Ω—ã–π –º–∞—Å—Ç–µ—Ä! –í—Å–µ –æ—á–µ–Ω—å –æ–ø–µ—Ä–∞—Ç–∏–≤–Ω–æ –∏ –∫–∞—á–µ—Å—Ç–≤–µ–Ω–Ω–æ. –î–æ–±—Ä—ã–π —á–µ–ª–æ–≤–µ–∫ —Å –∑–æ–ª–æ—Ç—ã–º–∏ —Ä—É–∫–∞–º–∏! –û–≥—Ä–æ–º–Ω–æ–µ —Å–ø–∞—Å–∏–±–æ!!!,1,1,1,1,1,3902482,5,39.3
–í–æ–ø—Ä–æ—Å –±—ã–ª —Ä–µ—à–µ–Ω –æ–ø–µ—Ä–∞—Ç–∏–≤–Ω–æ) —Å–ø–∞—Å–∏–±–æ –±–æ–ª—å—à–æ–µ!,1,0,0,0,1,3902529,5,16.599999999999998
"–∫—Ä–∞—Å–∞–≤—Ü—ã, –±—ã—Å—Ç—Ä–æ, –æ–ø–µ—Ä–∞—Ç–∏–≤–Ω–æ, –æ—á–µ–Ω—å –ø—Ä–∏—è—Ç–Ω–æ –≤ –æ–±—â–µ–Ω–∏–∏",1,0,1,0,0,3902786,5,19.099999999999998
"–ë–æ–ª—å—à–æ–µ —Å–ø–∞—Å–∏–±–æ , –æ–ø–µ—Ä–∞—Ç–∏–≤–Ω–æ –ø–æ—Å—Ç–∞–≤–∏–ª–∏ –æ–≥—Ä–∞–Ω–∏—á–∏—Ç–µ–ª–∏",1,0,0,0,1,3903349,5,17.9
–≤—Å–µ –æ—Ç–ª–∏—á–Ω–æ –±–∏—Å—Ç—Ä–æ —É—Å—Ç—Ä–∞–Ω–∏–ª–∏ –º–∞—Å—Ç–µ—Ä —Ö–æ—Ä–æ—à–∏,1,0,1,0,1,3903626,5,15.4
"—Å–ø–∞—Å–∏–±–æ –∑–∞ –æ–ø–µ—Ä–∞—Ç–∏–≤–Ω–æ—Å—Ç—å –∏ –≥—Ä–∞–º–æ—Ç–Ω—ã–π, —Ä–∞–∑–≤—ë—Ä–Ω—É—Ç—ã–π –æ—Ç–≤–µ—Ç)",1,0,1,0,0,3903709,5,19.6
–°–ø–∞—Å–∏–±–æ –±–æ–ª—å—à–æ–µ! –ó–∞—è–≤–∫–∞ –≤—ã–ø–æ–ª–Ω–µ–Ω–∞ –±—ã—Å—Ç—Ä–æ –∏ –∫–∞—á–µ—Å—Ç–≤–µ–Ω–Ω–æ!,1,1,0,0,1,3903741,5,19.799999999999997
–ë–æ–ª—å—à–æ–µ —Å–ø–∞—Å–∏–±–æ –í–∞—Å–∏–ª–∏—é –∑–∞ –ø—Ä–æ–¥–µ–ª–∞–Ω–Ω—É—é —Ä–∞–±–æ—Ç—É!,0,0,1,1,0,3904265,5,16.1
"–ë–ª–∞–≥–æ–¥–∞—Ä—é, –ø–æ–º–æ–≥–ª–∏, –∞ —Ç–æ –¥–æ –í–∞—Å –Ω–∏–∫—Ç–æ –Ω–µ –º–æ–≥ —Ä–µ—à–∏—Ç—å —ç—Ç—É –ø—Ä–æ–±–ª–µ–º—É, –µ—â–µ —Ä–∞–∑ —Å–ø–∞—Å–∏–±–æ)",0,0,1,0,1,3904421,5,30.499999999999996
"–û—á–µ–Ω—å –æ–ø–µ—Ä–∞—Ç–∏–≤–Ω–æ –º–µ–Ω–µ–¥–∂–µ—Ä —Å–≤—è–∑–∞–ª—Å—è, –æ—Ç–≤–µ—Ç–∏–ª –Ω–∞ –≤–æ–ø—Ä–æ—Å—ã –∏ –æ—Ç–ø—Ä–∞–≤–∏–ª –Ω–µ–æ–±—Ö–æ–¥–∏–º—ã–µ –¥–æ–∫—É–º–µ–Ω—Ç—ã. –ë–ª–∞–≥–æ–¥–∞—Ä—é!",1,0,1,1,1,3904489,5,35.300000000000004
–°–ø–∞—Å–∏–±–æ. –û–ø–µ—Ä–∞—Ç–∏–≤–Ω–æ –ø—Ä–∏–Ω—è–ª–∏ –∑–∞—è–≤–∫—É –∏ –æ—Ç—Ä–µ–º–æ–Ω—Ç–∏—Ä–æ–≤–∞–ª–∏.–õ–∏—Ñ—Ç —Ä–∞–±–æ—Ç–∞–µ—Ç –∏—Å–ø—Ä–∞–≤–Ω–æ.,1,1,0,0,1,3904606,5,26.000000000000004
"–°–ø–∞—Å–∏–±–æ! –£—Å–ª—É–≥–∞ –æ–∫–∞–∑–∞–Ω–∞ –æ—á–µ–Ω—å –æ–ø–µ—Ä–∞—Ç–∏–≤–Ω–æ, —É–¥–æ–±–Ω—ã–π —Ñ–æ—Ä–º–∞—Ç. –ó–∞–∫–∞–∑–∞–ª–∞ –∫–ª—é—á –Ω–∞ –≤—ã—Ö–æ–¥–Ω—ã—Ö, –≤ –ø–æ–Ω–µ–¥–µ–ª—å–Ω–∏–∫ –≤—Å–µ –±—ã–ª–æ –≥–æ—Ç–æ–≤–æ. –°–æ—Ç—Ä—É–¥–Ω–∏–∫–∏ –≤–µ–∂–ª–∏–≤—ã–µ –∏ –≤–Ω–∏–º–∞—Ç–µ–ª—å–Ω—ã–µüëç",1,1,1,1,1,3904847,5,52.99999999999999
"–í—Å–µ —Å—É–ø–µ—Ä, –û—á–µ–Ω—å –æ–ø–µ—Ä–∞—Ç–∏–≤–Ω–æ –∏ –ø—Ä–æ—Ñ–µ—Å—Å–∏–æ–Ω–∞–ª—å–Ω–æ, –°–ø–∞—Å–∏–±–æ",1,1,1,1,0,3904911,5,19.299999999999997
"–¢–æ—Ç –∫—Ç–æ –≤—ã–ø–æ–ª–Ω—è–ª –∑–∞—è–≤–∫—É, —á—É–¥–æ! –û–ø–µ—Ä–∞—Ç–∏–≤–Ω–æ –≤—ã–ø–æ–ª–Ω–∏–ª–∏. –°–ø–∞—Å–∏–±–æ üëçüèª",1,0,1,0,1,3905086,5,22.999999999999996
"–ë–æ–ª—å—à–æ–µ —Å–ø–∞—Å–∏–±–æ —ç–ª–µ–∫—Ç—Ä–∏–∫—É! –°–∏—Ç—É–∞—Ü–∏—è –±—ã–ª–∞ –Ω–µ –∏–∑ –ø—Ä–æ—Å—Ç—ã—Ö, –Ω–æ –æ–Ω –æ–±–Ω–∞—Ä—É–∂–∏–ª –ø—Ä–æ–±–ª–µ–º—É –∏ —Å–º–æ–≥ –µ–µ —Ä–µ—à–∏—Ç—å",0,1,1,0,1,3906048,5,35.1
–°–∞–Ω—Ç–µ—Ö–Ω–∏–∫ –º–æ–ª–æ–¥–µ—Ü! –£—Å—Ç—Ä–∞–Ω–∏–ª —É—Ç–µ—á–∫—É –≤–æ–¥—ã –≤—ã—à–µ –ø–æ —ç—Ç–∞–∂—É –∏ –≤ –Ω–∞—Å –ø–µ—Ä–µ—Å—Ç–∞–ª–∞ —Ç–µ—á—å –≤–æ–¥–∞. –ú–æ–ª–æ–¥–µ—Ü!,0,1,1,0,1,3906126,5,33.1
"—Å–ø–∞—Å–∏–±–æ –±–æ–ª—å—à–æ–µ, –∂–∞–ª—å, —á—Ç–æ —Ç–∞–º —É–∂–µ –æ–ø—è—Ç—å –Ω–∞–º—É—Å–æ—Ä–∏–ª–∏(",0,0,0,0,1,3906752,5,18.700000000000003
"–°–ø–∞—Å–∏–±–æ –±–æ–ª—å—à–æ–µ –∑–∞ –æ–ø–µ—Ä–∞—Ç–∏–≤–Ω–æ—Å—Ç—å,–º–∏—Ä –∏ –ø—Ä–æ—Ü–≤–µ—Ç–∞–Ω–∏–µ –≤–∞—à–µ–π –∫–æ–º–ø–∞–Ω–∏–∏ –°–∞–º–æ–ª–µ—Ç!",1,0,0,1,0,3906976,5,26.0
–ö–æ–Ω—Å—É–ª—å—Ç–∞—Ü–∏—è –±—ã–ª–∞ –ø—Ä–æ–≤–µ–¥–µ–Ω–∞ –ø—Ä–æ—Ñ–µ—Å—Å–∏–æ–Ω–∞–ª—å–Ω–æ. –°–ø–∞—Å–∏–±–æ –∑–∞ —Ä–∞–∑—ä—è—Å–Ω–µ–Ω–∏—è –∏ —Ä–µ–∫–æ–º–µ–Ω–¥–∞—Ü–∏–∏,0,1,1,1,0,3907792,5,28.2
"–°–ø–∞—Å–∏–±–æ –±–æ–ª—å—à–æ–µ, —á—Ç–æ –ø–æ—á–∏–Ω–∏–ª–∏ –¥–≤–µ—Ä—å. –ó–∞—à–ª–∞ –±–µ–∑ –ø—Ä–æ–±–ª–µ–º. –î–≤–µ—Ä—å —Ä–∞–±–æ—Ç–∞–µ—Ç –æ—Ç–ª–∏—á–Ω–æ.",0,1,0,1,1,3907928,5,28.1
–°–ø–∞—Å–∏–±–æ –∑–∞ –±—ã—Å—Ç—Ä–æ–µ —Ä–µ—à–µ–Ω–∏–µ –≤–æ–ø—Ä–æ—Å–∞. –õ–æ—è–ª—å–Ω–æ—Å—Ç—å –º–∞—Å—Ç–µ—Ä–∞ —Å –ø–æ–¥–±–æ—Ä–æ–º –≤—Ä–µ–º–µ–Ω–∏,1,0,1,0,1,3908429,5,26.499999999999996
"—Å–ø–∞—Å–∏–±–æ –∑–∞ –æ–±—Ä–∞—Ç–Ω—É—é —Å–≤—è–∑—å,–Ω–∞–¥–µ—é—Å—å –≤ –ø—Ä–∏–ª–æ–∂–µ–Ω–∏–∏ –∏–Ω—Ñ–æ—Ä–º–∞—Ü–∏—è –æ–±–Ω–æ–≤–∏—Ç—å—Å—è,—á—Ç–æ –æ–ø–ª–∞—Ç–∞ –ø—Ä–æ—à–ª–∞.",0,0,0,0,1,3908490,4,30.0
"–ö–æ–Ω—Å—É–ª—å—Ç–∞—Ü–∏—è –∏ –Ω–∞—Å—Ç—Ä–æ–π–∫–∞ –ø—Ä–∏–±–æ—Ä–∞ –≤—ã–ø–æ–ª–Ω–µ–Ω–∞ –æ—á–µ–Ω—å –±—ã—Å—Ç—Ä–æ, –∫–∞—á–µ—Å—Ç–≤–µ–Ω–Ω–æ –∏ –ø—Ä–æ—Ñ–µ—Å—Å–∏–æ–Ω–∞–ª—å–Ω–æ, —Å–ø–∞—Å–∏–±–æ!",1,1,1,1,0,3908590,5,33.6
"–º–∞—Å—Ç–µ—Ä –≤—ã–ø–æ–ª–Ω–∏–ª —Ä–∞–±–æ—Ç—É –±—ã—Å—Ç—Ä–æ –∏ —á–∏—Å—Ç–æ, –≤—Å–µ –æ—Ç–ª–∏—á–Ω–æ",1,1,1,1,1,3908772,5,18.7
–°–∞–º–∞—è –ª—É—á—à–∞—è –£–ö . –°–ø–∞—Å–∏–±–æ –±–æ–ª—å—à–æ–µ –∑–∞ –ø–æ–º–æ—â—å. –ó–∞ –±—ã—Å—Ç—Ä—É—é —Ä–∞–±–æ—Ç—É –∏ –º–≥–Ω–æ–≤–µ–Ω–Ω—É—é –≤—ã–ø–æ–ª–Ω–µ–Ω–∏—è!!!!,1,0,1,1,1,3908843,5,32.300000000000004
"–°–ø–µ—Ü–∏–∞–ª–∏—Å—Ç –ø—Ä–∏—à—ë–ª –æ—á–µ–Ω—å –±—ã—Å—Ç—Ä–æ, –≤—Å–µ –±—ã—Å—Ç—Ä–æ –∏—Å–ø—Ä–∞–≤–∏–ª. –°–ø–∞—Å–∏–±–æ.",1,0,1,0,1,3910052,5,22.3
"–≤—Å—ë —Å—É–ø–µ—Ä, –≤–æ–ø—Ä–æ—Å —Ä–µ—à—ë–Ω –±—ã—Å—Ç—Ä–æ)",1,0,0,0,1,3910060,5,11.7
–û—á–µ–Ω—å –Ω–∞–¥–µ—é—Å—å —á—Ç–æ –∫–≤–∏—Ç–∞–Ω—Ü–∏—è –±—É–¥–µ—Ç –¥—É–±–ª–∏—Ä–æ–≤–∞—Ç—å—Å—è –∏ –≤ –ø—Ä–∏–ª–æ–∂–µ–Ω–∏–∏. –ê —Ç–∞–∫ –æ–ø–µ—Ä–∞—Ç–∏–≤–Ω–æ –∏ –±—ã—Å—Ç—Ä–æ –ø–æ—Å—Ç—É–ø–∏–ª–∞.,1,0,0,0,0,3910089,5,35.2
"–ú–µ–Ω–µ–¥–∂–µ—Ä –ï–ª–∏–∑–∞–≤–µ—Ç–∞ –æ—á–µ–Ω—å –±—ã—Å—Ç—Ä–æ —Ä–µ—à–∏–ª–∞ –º–æ–π –≤–æ–ø—Ä–æ—Å, —Å–ø–∞—Å–∏–±–æ!",1,0,1,0,1,3910259,5,22.2
"–°–ø–∞—Å–∏–±–æ –∑–∞ —Ä–∞–±–æ—Ç—É, –≤—ã–ø–æ–ª–Ω–µ–Ω–∞ –∫–∞—á–µ—Å—Ç–≤–µ–Ω–Ω–æ –∏ –≤ —Å—Ä–æ–∫",1,1,0,1,0,3910346,5,17.700000000000003
–ê–ª–µ–∫—Å–µ–π –ø—Ä–æ—Ñ–µ—Å—Å–∏–æ–Ω–∞–ª –≤ —Å–≤–æ–µ–º –¥–µ–ª–µ! –ë—ã—Å—Ç—Ä–æ –Ω–∞—à–µ–ª –ø—Ä–æ–±–ª–µ–º—É –∏ —É—Å—Ç—Ä–∞–Ω–∏–ª –µ–µ. –û–≥—Ä–æ–º–Ω–æ–µ –µ–º—É —Å–ø–∞—Å–∏–±–æ!,1,0,1,0,1,3910434,5,34.4
"–î–∞, –ø–æ–¥—Ç–≤–µ—Ä–∂–¥–∞—é ! –í—á–µ—Ä–∞ –≤–µ—á–µ—Ä–æ–º –æ–±–Ω–∞—Ä—É–∂–∏–ª–∞ —á—Ç–æ —É—Å—Ç—Ä–∞–Ω–µ–Ω–æ. –°–ø–∞—Å–∏–±–æ",0,0,0,0,1,3910685,5,22.6
–º–æ–ª–æ–¥–µ—Ü —ç–ª–µ–∫—Ç—Ä–∏–∫ –æ–ø–µ—Ä–∞—Ç–∏–≤–Ω–æ —Ä–µ—à–∏–ª –ø—Ä–æ–±–ª–µ–º—É,1,0,1,0,1,3911065,5,15.799999999999999
–°–ø–∞—Å–∏–±–æ –±–æ–ª—å—à–æ–µ! –ü—Ä–æ–±–ª–µ–º–∞ –±—ã–ª–∞ —Ä–µ—à–µ–Ω–∞ –æ—á–µ–Ω—å –±—ã—Å—Ç—Ä–æ!,1,0,0,0,1,3911514,5,18.799999999999997
–°–ø–∞—Å–∏–±–æ! –æ–ø–µ—Ä–∞—Ç–∏–≤–Ω–æ –∏ –≤ –ø–æ–ª–Ω–æ–π –º–µ—Ä–µ –æ—Ç–≤–µ—Ç–∏–ª–∏ –Ω–∞ –º–æ–π –≤–æ–ø—Ä–æ—Å üëå,1,0,0,0,1,3911570,5,22.299999999999997
"–ë—ã—Å—Ç—Ä–æ, –∫–∞—á–µ—Å—Ç–≤–µ–Ω–Ω–æ —É—Å—Ç—Ä–∞–Ω–∏–ª –Ω–∞—à –∑–∞—Å–æ—Ä",1,1,0,1,1,3911586,5,14.3
"–æ–ø–µ—Ä–∞—Ç–∏–≤–Ω–æ –∏ —á–µ—Ç–∫–æ. —Å–¥–µ–ª–∞–ª–∏ –∞–∫–∫—É—Ä–∞—Ç–Ω–æ, –ø—Ä–∏–±—Ä–∞–ª–∏—Å—å –ø–æ—Å–ª–µ —Ä–∞–±–æ—Ç—ã",1,1,1,1,0,3911983,5,22.299999999999997
–°–ø–∞—Å–∏–±–æ –ê–ª–µ–∫—Å–∞–Ω–¥—Ä—É –∑–∞ –ø—Ä–æ—Ñ–µ—Å—Å–∏–æ–Ω–∞–ª–∏–∑–º –∏ –±—ã—Å—Ç—Ä—É—é —Ä–∞–±–æ—Ç—É.,1,0,1,0,0,3912007,5,19.599999999999998
"–≤—Å–µ –æ—Ç–ª–∏—á–Ω–æ, —Å–¥–µ–ª–∞–ª–∏ –±—ã—Å—Ç—Ä–æ –∏ –Ω–µ –¥–æ—Ä–æ–≥–æ",1,1,0,1,0,3912121,5,14.5
–°–ø–∞—Å–∏–±–æ –æ–≥—Ä–æ–º–Ω–æ–µ –º–µ–Ω–µ–¥–∂–µ—Ä—É –ø–æ —Å—Ç—Ä–∞—Ö–æ–≤–∞–Ω–∏—é –ï–≤–≥–µ–Ω–∏–∏ –ì—É—â–∏–Ω–æ–π –∑–∞ –ø–æ–º–æ—â—å –≤ –æ—Ñ–æ—Ä–º–ª–µ–Ω–∏–∏ —Å—Ç—Ä–∞—Ö–æ–≤–∫–∏!!!! –ù–∞—Å—Ç–æ—è—â–∏–π –ø—Ä–æ—Ñ–µ—Å—Å–∏–æ–Ω–∞–ª —Å–≤–æ–µ–≥–æ –¥–µ–ª–∞!!! –ò—Å—á–µ—Ä–ø—ã–≤–∞—é—â–µ –æ—Ç–≤–µ—Ç–∏–ª–∞ –Ω–∞ –≤—Å–µ –∏–Ω—Ç–µ—Ä–µ—Å—É—é—â–∏–µ –≤–æ–ø—Ä–æ—Å—ã!!!!,0,0,1,0,1,3912199,5,64.6
"–°–ø–µ—Ü–∏–∞–ª–∏—Å—Ç —Å–≤—è–∑—ã–≤–∞–ª—Å—è –ø–æ –∑–∞—è–≤–∫–µ, –≤—Å–µ –ø–æ—á–∏–Ω–∏–ª–∏! –°–ø–∞—Å–∏–±–æ",0,0,1,1,1,3912227,5,19.0
"–í —Ç–µ—á–µ–Ω–∏–∏ 2 —á–∞—Å–æ–≤ –ø–æ—Å–ª–µ —Å–æ–∑–¥–∞–Ω–∏—è –∑–∞—è–≤–∫–∏ –≤—Å–µ —É—Å—Ç—Ä–∞–Ω–∏–ª–∏, —Å–ø–∞—Å–∏–±–æ",1,0,0,1,1,3912230,5,22.2
"–†–∞–±–æ—Ç–∞ –º–∞—Å—Ç–µ—Ä–∞, –≤—ã–ø–æ–ª–Ω–µ–Ω–∞ –æ—Ç–ª–∏—á–Ω–æ! –ü—Ä–æ–±–ª–µ–º–∞ —Ä–µ—à–∏–ª–∞—Å—å —Ç–æ–ª—å–∫–æ –ø—Ä–∏ –ª–∏—á–Ω–æ–º –≤–∏–∑–∏—Ç–µ –≤ –£–ö",0,1,1,0,1,3912521,5,29.9
–î–æ–±—Ä—ã–π –¥–µ–Ω—å! –°–ø–∞—Å–∏–±–æ. –í–æ–ø—Ä–æ—Å —Ä–µ—à–µ–Ω.,0,0,0,0,1,3913158,5,12.9
"–ë–ª–∞–≥–æ–¥–∞—Ä–Ω–æ—Å—Ç—å –º–∞—Å—Ç–µ—Ä—É, —Å–¥–µ–ª–∞–ª –±—ã—Å—Ç—Ä–æ –∏ –∫–∞—á–µ—Å—Ç–≤–µ–Ω–Ω–æ. –ü—Ä–µ–º–∏—é –†–µ–Ω–∞—Ç—É. ü§ù",1,1,1,0,1,3913442,5,25.099999999999998
–ü—Ä–∏—à–ª–∏ –≤–æ–≤—Ä–µ–º—è) –∑–∞—Ä–∞–Ω–µ–µ –ø–æ–∑–≤–æ–Ω–∏–ª–∏ —É—Ç–æ—á–Ω–∏—Ç—å —É–¥–æ–±–Ω–æ–µ –≤—Ä–µ–º—è) –æ—Ç–ª–∏—á–Ω—ã–π –º–∞—Å—Ç–µ—Ä –≤—Å–µ —Å–¥–µ–ª–∞–ª –±—ã—Å—Ç—Ä–æ –∏ –∞–∫–∫—É—Ä–∞—Ç–Ω–æ),1,1,1,1,1,3913486,5,37.6
"–ü—Ä–æ–±–ª–µ–º–∞ —Ä–µ—à–µ–Ω–∞, –±—ã—Å—Ç—Ä–æ –∏ –æ–ø–µ—Ä–∞—Ç–∏–≤–Ω–æ..",1,0,0,0,1,3913676,5,14.100000000000001
–í—Ç–æ—Ä–æ–π —Å–ø–µ—Ü–∏–∞–ª–∏—Å—Ç –≤—Å–µ –æ—Ç–ª–∏—á–Ω–æ —Ä–µ—à–∏–ª. –°–ø–∞—Å–∏–±–æ.,0,0,1,0,1,3913976,5,16.4
–ö–æ–º–æ–¥ —É–±—Ä–∞–Ω. –ë–æ–ª—å—à–æ–µ —Å–ø–∞—Å–∏–±–æ –∑–∞ –æ–ø–µ—Ä–∞—Ç–∏–≤–Ω–æ–µ —Ä–µ—à–µ–Ω–∏–µ,1,0,0,1,1,3914367,5,18.299999999999997
–û—á–µ–Ω—å –±—ã—Å—Ç—Ä–æ –æ—Ç—Ä–µ–∞–≥–∏—Ä–æ–≤–∞–ª–∏ –∏ —É—Å—Ç—Ä–∞–Ω–∏–ª–∏ –ø—Ä–æ–±–ª–µ–º—É,1,0,0,0,1,3914571,5,17.2
–í–æ—Ç —Ç–µ–ø–µ—Ä—å –≤—Å–µ –¥–∞–Ω–Ω—ã–µ –ø—Ä–∞–≤–∏–ª—å–Ω–æ –≤–Ω–µ—Å–µ–Ω—ã. –°–ø–∞—Å–∏–±–æ.,0,0,0,0,1,3914622,5,17.2
–ë—ã—Å—Ç—Ä–æ —Å—Ä–µ–∞–≥–∏—Ä–æ–≤–∞–ª–∏ –∏ —Ä–µ—à–∏–ª–∏ –ø—Ä–æ–±–ª–µ–º—É. –°–ø–∞—Å–∏–±–æ!,1,0,0,0,1,3915543,5,17.3
–î–æ–±—Ä—ã–π –¥–µ–Ω—å! –í–æ–ø—Ä–æ—Å —Ä–µ—à–µ–Ω –æ—á–µ–Ω—å –±—ã—Å—Ç—Ä–æ! –ë–ª–∞–≥–æ–¥–∞—Ä—é –∑–∞ —Ä–∞–±–æ—Ç—É –∏ –æ–ø–µ—Ä–∞—Ç–∏–≤–Ω–æ—Å—Ç—å),1,0,1,0,1,3916307,5,28.0
–≤—Å–µ –æ—á–µ–Ω—å –±—ã—Å—Ç—Ä–æ –∏ –∫–∞—á–µ—Å—Ç–≤–µ–Ω–Ω–æ —Å–¥–µ–ª–∞–ª —Å–∞–Ω—Ç–µ—Ö–Ω–∏–∫ –°–µ—Ä–≥–µ–π!,1,1,1,0,0,3917220,5,20.2
"–ë–æ–ª—å—à–æ–µ —Å–ø–∞—Å–∏–±–æ, –æ—á–µ–Ω—å –≤–Ω–∏–º–∞—Ç–µ–ª—å–Ω–æ –∏ –∫–ª–∏–µ–Ω—Ç–æ–æ—Ä–∏–µ–Ω—Ç–∏—Ä–æ–≤–∞–Ω–Ω–æ—Å—Ç—å –Ω–∞ –≤—ã—Å—à–µ–º —É—Ä–æ–≤–Ω–µ",0,0,1,0,0,3917445,5,26.7
"–ë—ã—Å—Ç—Ä–æ –≤—ã—è–≤–∏–ª–∏ –æ—à–∏–±–∫—É –≤ –ø–æ–∫–∞–∑–∞–Ω–∏—è—Ö, –∏ –Ω–µ —Å—Ç–∞–ª–∞ –¥–µ–ª–∞—Ç—å –≤ —É–±—ã—Ç–æ–∫ –º–Ω–µ . –ü–æ–∑–≤–æ–Ω–∏–ª–∞ –º–Ω–µ , —É—Ç–æ—á–Ω–∏–ª–∞ –∏ —Ä–µ—à–∏–ª–∞ –≤—Å—ë. –û–≥—Ä–æ–º–Ω–æ–µ —Å–ø–∞—Å–∏–±–æ –í–∞–º . ‚úàÔ∏è –º–µ–Ω—è–µ—Ç—Å—è –≤ –ª—É—á—à—É—é —Å—Ç–æ—Ä–æ–Ω—É",1,1,1,0,1,3918118,5,56.79999999999999
–°–ø–∞—Å–∏–±–æ –±–æ–ª—å—à–æ–µ! –í—ã–ø–æ–ª–Ω–∏–ª–∏ —Ä–∞–±–æ—Ç—É –±—ã—Å—Ç—Ä–æ –∏ –∞–∫–∫—É—Ä–∞—Ç–Ω–æ!,1,1,0,1,0,3918647,5,19.499999999999996
"–æ–ø–µ—Ä–∞—Ç–∏–≤–Ω–æ —É—Å—Ç—Ä–∞–Ω–∏–ª–∏, –¥–∞–ª–∏ –∫–æ–Ω—Å—É–ª—å—Ç–∞—Ü–∏—é",1,0,1,0,1,3919253,5,13.9
—Å–ø–∞—Å–∏–±–æ –æ–≥—Ä–æ–º–Ω–æ–µ —Å–ø–µ—Ü–∏–∞–ª–∏—Å—Ç—É –∑–∞ –æ–ø–µ—Ä–∞—Ç–∏–≤–Ω–æ—Å—Ç—å –∏ –ø—Ä–æ—Ñ–µ—Å—Å–∏–æ–Ω–∞–ª–∏–∑–º.,1,0,1,0,0,3919349,5,22.599999999999998
–í—Å–µ –æ—Ç–ª–∏—á–Ω–æ! –°–ø–∞—Å–∏–±–æ –∑–∞ –±—ã—Å—Ç—Ä–æ–µ —É—Å—Ç—Ä–∞–Ω–µ–Ω–∏–µ –ø—Ä–æ–±–ª–µ–º—ã),1,0,0,0,1,3919607,5,18.699999999999996
"–û–ø–µ—Ä–∞—Ç–∏–≤–Ω–æ —Å—Ä–µ–∞–≥–∏—Ä–æ–≤–∞–ª–∏, –ø—Ä–∏—à–ª–æ –±–æ–ª—å—à–æ–µ –∫–æ–ª–∏—á–µ—Å—Ç–≤–æ —Å—Ç—Ä–æ–∏—Ç–µ–ª–µ–π –∏ –ø–æ–º–æ–≥–ª–∏ —É–±—Ä–∞—Ç—å –≤—Å—é –≤–æ–¥—É.",1,1,1,0,1,3919776,5,30.9
"–°–ø–∞—Å–∏–±–æ –±–æ–ª—å—à–æ–µ, —á—Ç–æ –≤—Å–µ –±—ã—Å—Ç—Ä–æ –ø–æ—á–∏–Ω–∏–ª–∏!!! –°–ø–∞—Å–∏–±–æ –∑–∞ —Ö–æ—Ä–æ—à—É—é —Ä–∞–±–æ—Ç—É!",1,1,1,0,1,3920112,5,24.400000000000002
–°–ø–∞—Å–∏–±–æ –¢–∞—Ç—å—è–Ω–µ!) –ë—ã—Å—Ç—Ä–æ –∏ –ø–æ–Ω—è—Ç–Ω–æ –≤—Å–µ –æ–±—ä—è—Å–Ω–∏–ª–∞!),1,0,1,0,0,3920519,5,17.8
"–í–æ–ø—Ä–æ—Å –±—ã–ª —Ä–µ—à–µ–Ω –æ–ø–µ—Ä–∞—Ç–∏–≤–Ω–æ . –°–ø–∞—Å–∏–±–æ –∫–∞–∫ —Å–∞–Ω—Ç–µ—Ö–Ω–∏–∫—É , —Ç–∞–∫ –∏ –º–µ–Ω–µ–¥–∂–µ—Ä—É . –ö —Å–æ–∂–∞–ª–µ–Ω–∏—é –Ω–µ —Å–ø—Ä–æ—Å–∏–ª–∞ –∏–º–µ–Ω–∞ .",1,0,1,0,1,3920898,5,37.6
–í—ã–ø–æ–ª–Ω–µ–Ω–æ –±—ã—Å—Ç—Ä–æ –∏ –∫–∞—á–µ—Å—Ç–≤–µ–Ω–Ω–æ. –ü–æ—á–∏–Ω–∏–ª–∏ –ø–µ—Ä–∏–ª–∞.,1,1,0,1,1,3920982,5,17.2
"—Å–ø–∞—Å–∏–±–æ –±–æ–ª—å—à–æ–µ, –æ—á–µ–Ω—å –±—ã—Å—Ç—Ä–æ –∏ –æ–ø–µ—Ä–∞—Ç–∏–≤–Ω–æ ,–º–∞—Å—Ç–µ—Ä –∫–ª–∞—Å—Å–Ω—ã–π , –æ—Ç–ª–∏—á–Ω–æ –∑–Ω–∞–µ—Ç —Å–≤–æ—é —Ä–∞–±–æ—Ç—É",1,1,1,0,0,3921087,5,31.9
—Å–∞–Ω—Ç–µ—Ö–Ω–∏–∫ –ø—Ä–∏—à–µ–ª –≤ —Ç–µ—á–µ–Ω–∏–µ 20 –º–∏–Ω—É—Ç. –≤–µ–∂–ª–∏–≤—ã–π. –ø—Ä–æ–±–ª–µ–º—É —Ä–∞–∑—Ä–µ—à–∏–ª .,1,0,1,0,1,3921169,5,23.8
—Å–ø–∞—Å–∏–±–æ —Å–µ–≥–æ–¥–Ω—è –≤–æ–∑–≤—Ä–∞—â–∞–ª—Å—è –¥–æ–º–æ–π –∏ –∑–∞–ø–∞—Ö–∞ –Ω–µ –ø–æ—á—É–≤—Å—Ç–≤–æ–≤–∞–ª,0,0,0,1,1,3921394,5,20.3
–≠–ª–µ–∫—Ç—Ä–∏–∫ –ø—Ä–∏–±–µ–∂–∞–ª –æ–ø–µ—Ä–∞—Ç–∏–≤–Ω–æ –∏ –æ—Ç–∫–ª—é—á–∏–ª —Å–∏–≥–Ω–∞–ª –ø–æ–∂–∞—Ä–Ω–æ–π —Ç—Ä–µ–≤–æ–≥–∏.,1,0,1,0,1,3921414,5,22.5
–°–ø–∞—Å–∏–±–æ –∑–∞ –ø—Ä—è–º—É—é —Å–≤—è–∑—å —Å–æ —Å–ø–µ—Ü–∏–∞–ª–∏—Å—Ç–æ–º –∫–æ—Ç–æ—Ä—ã–π —Å–º–æ–≥ —É—Å—Ç—Ä–∞–Ω–∏—Ç—å –Ω–µ–∏—Å–ø—Ä–∞–≤–Ω–æ—Å—Ç—å!,0,0,1,1,1,3921888,5,27.099999999999998
"–¥–Ω—ë–º –∑–≤–æ–Ω–∏–ª–∏ –±—ã–ª –∑–∞–Ω—è—Ç –∑–∞ —Ä—É–ª—ë–º –∏–∑–≤–∏–Ω–∏—Ç–µ,,,, –≤–µ—á–µ—Ä–æ–º –ø—Ä–∏—à–ª–∏ –¥–æ–º–æ–π –≤—Å—ë –ø–µ—Ä–µ—Å–º–æ—Ç—Ä–µ–ª–∏ –ø—Ä–æ–≤–µ—Ä–∏–ª–∏ –≤–∞—à—É –∏–Ω—Ñ–æ—Ä–º–∞—Ü–∏—é —Å–ø–∞—Å–∏–±–æ –Ω–∞–º –≤—Å—ë –ø–æ–Ω—è—Ç–Ω–æ –≤—Å—ë –Ω–∞ –∫–∞–∂–¥—ã–π –≤–æ–ø—Ä–æ—Å –í—ã –æ—Ç–≤–µ—Ç–∏–ª–∏!!! —Å–ø–∞—Å–∏–±–æ –í–∞–º –±–æ–ª—å—à–æ–µ.!!!",0,0,1,1,1,3922048,5,67.19999999999999
–û—á–µ–Ω—å –æ–ø–µ—Ä–∞—Ç–∏–≤–Ω–æ! –≤—Å√´ –∏—Å–ø—Ä–∞–≤–∏–ª–∏,1,0,0,1,1,3922350,5,11.5
"–û—Ç–∑–≤–æ–Ω–∏–ª–∏—Å—å, –∑–∞—Ñ–∏–∫—Å–∏—Ä–æ–≤–∞–ª–∏, –¥–µ–∂—É—Ä–Ω—ã–π —ç–ª–µ–∫—Ç—Ä–∏–∫ –º–æ–ª–æ–¥–µ—Ü üëèüèª",0,0,1,1,0,3922415,5,19.3
—Å–ø–∞—Å–∏–±–æ –æ–≥—Ä–æ–º–Ω–æ–µ –∑–∞ –±—ã—Å—Ç—Ä–æ–µ —Ä–µ—à–µ–Ω–∏–µ –º–æ–µ–π –∑–∞—è–≤–∫–∏! üëç,1,0,0,1,1,3922516,5,18.200000000000003
"–≠–ª–µ–∫—Ç—Ä–∏–∫ –ø—Ä–∏—à–µ–ª, –≤—Å–µ –ø—Ä–æ–≤–µ—Ä–∏–ª –∏ –Ω–∞–º –æ–±—ä—è—Å–Ω–∏–ª –≤—Å–µ. –°–ø–∞—Å–∏–±–æ –±–æ–ª—å—à–æ–µ!",0,0,1,1,1,3922726,5,23.3
–°–ø–∞—Å–∏–±–æ –±–æ–ª—å—à–æ–µ –∑–∞ –æ–ø–µ—Ä–∞—Ç–∏–≤–Ω–æ—Å—Ç—å! –•–æ—Ä–æ—à–µ–≥–æ –¥–Ω—è –≤–∞–º!,1,0,0,1,0,3923075,5,18.299999999999997
–í—Å–µ —Ö–æ—Ä–æ—à–æ ! –ë—ã—Å—Ç—Ä–æ –ø—Ä–∏—à–µ–ª –º–∞—Å—Ç–µ—Ä —Å–¥–µ–ª–∞–ª –≤—Å–µ —á–µ—Ç–∫–æ .,1,1,1,1,1,3923181,5,19.5
"–°–µ—Ä–≥–µ–π –ê–Ω–∞—Ç–æ–ª—å–µ–≤–∏—á, –º–∞—Å—Ç–µ—Ä —Å–≤–æ–µ–≥–æ –¥–µ–ª–∞. –í—ã–ø–æ–ª–Ω–∏–ª —Ä–∞–±–æ—Ç—É –±—ã—Å—Ç—Ä–æ –∏ –∫–∞—á–µ—Å—Ç–≤–µ–Ω–Ω–æ, —Å–ø–∞—Å–∏–±–æ.",1,1,1,1,1,3923395,5,31.3
"–û—Ç–ª–∏—á–Ω—ã–π —Å–ø–µ—Ü–∏–∞–ª–∏—Å—Ç, –≤–æ–ø—Ä–æ—Å —Ä–µ—à–µ–Ω. –°–ø–∞—Å–∏–±–æ.",0,0,1,1,1,3923512,5,15.600000000000001
—É—Å—Ç—Ä–∞–Ω–∏–ª–∏ –Ω–µ–ø–æ–ª–∞–¥–∫—É –æ—á–µ–Ω—å –æ–ø–µ—Ä–∞—Ç–∏–≤–Ω–æ –∏ –∫–∞—á–µ—Å—Ç–≤–µ–Ω–Ω–æ. –±–æ–ª—å—à–æ–µ —Å–ø–∞—Å–∏–±–æ.,1,1,0,1,1,3923554,5,24.4
"–°–ø–∞—Å–∏–±–æ –±–æ–ª—å—à–æ–µ –º–∞—Å—Ç–µ—Ä—É, –≤—Å–µ –ø–æ—á–∏–Ω–∏–ª, –æ–±—ä—è—Å–Ω–∏–ª!",0,0,1,1,1,3924911,5,16.700000000000003
—Å–ø–∞—Å–∏–±–æ –±–æ–ª—å—à–æ–µ –≤—Å–µ–º –∫—Ç–æ –ø–æ–º–æ–≥ —Ä–µ—à–∏—Ç—å –¥–∞–Ω–Ω—É—é –ø—Ä–æ–±–ª–µ–º—É,0,0,1,0,1,3925142,5,19.5
"–°–ø–∞—Å–∏–±–æ –æ–≥—Ä–æ–º–Ω–æ–µ –ü–µ—Ç—Ä–∏–Ω–µ –û–∫—Å–∞–Ω–µ –í–¥–∞–¥–∏–º–∏—Ä–æ–≤–Ω–µ. –ò–∑ 5 –∑–∞—è–≤–æ–∫ —Ç–æ–ª—å–∫–æ –æ–Ω–∞ —Å–º–æ–≥–ª–∞ –ø—Ä–∞–≤–∏–ª—å–Ω–æ –æ—Ç–≤–µ—Ç–∏—Ç—å –Ω–∞ –∑–∞—è–≤–∫—É. –ê –æ—Å—Ç–∞–ª—å–Ω—ã—Ö –º–æ–∂–µ—Ç–µ —É–≤–æ–ª—å–Ω—è—Ç—å ,—Ä–∞–±–æ—Ç–∞—é—Ç –≤–∏–¥–Ω–æ –¥–ª—è –≥–∞–ª–æ—á–∫–∏.",0,0,1,0,1,3925271,5,57.0
–∑–∞–º–µ—á–∞—Ç–µ–ª—å–Ω—ã–π —à—É—Ç—Ä–æ –∏ –±—ã—Å—Ç—Ä–æ —Å–¥–µ–ª–∞–ª–∏ –ú–æ–ª–æ–¥–µ—Ü üëç,1,0,1,1,0,3925459,5,17.099999999999998
–û–ø–µ—Ä–∞—Ç–∏–≤–Ω–æ. –û—á–µ–Ω—å –≤–µ–∂–ª–∏–≤—ã–π —Å–∞–Ω—Ç–µ—Ö–Ω–∏–∫. –ü—Ä–∏—è—Ç–Ω–æ –±—ã–ª–æ –æ–±—â–∞—Ç—å—Å—è –∏ –ø–æ–ª—É—á–∏—Ç—å —Ä–µ—à–µ–Ω–∏–µ –ø—Ä–æ–±–ª–µ–º—ã —á–µ—Ä–µ–∑ 25 –º–∏–Ω—É—Ç. –°–ø–∞—Å–∏–±–æ.,1,1,1,1,1,3925871,5,39.7
–°–æ—Ç—Ä—É–¥–Ω–∏–∫ –ø–æ–∑–≤–æ–Ω–∏–ª –∏ –≤—Å—ë –ø–æ–Ω—è—Ç–Ω–æ –æ–±—ä—è—Å–Ω–∏–ª. –°–ø–∞—Å–∏–±–æ.,0,0,1,0,1,3926847,5,18.099999999999998
–°–ø–∞—Å–∏–±–æ –í–∞–º –¢–∞—Ç—å—è–Ω–∞. –•–æ—Ä–æ—à–µ–≥–æ –¥–Ω—è ü§ùüëçüòé,0,0,1,0,0,3926885,5,13.400000000000002
"–°–æ—Ç—Ä—É–¥–Ω–∏–∫ —Å—É–ø–µ—Ä,–≤–µ–∂–ª–∏–≤—ã–π –∏ —Ä–∞–±–æ—Ç–∞ –≤—ã–ø–æ–ª–Ω–µ–Ω–∞ –Ω–∞ 5+",0,0,1,1,0,3927330,5,17.4
–°–ø–∞—Å–∏–±–æ. –û—á–µ–Ω—å –±—ã—Å—Ç—Ä–æ –ø—Ä–∏–Ω—è–ª–∏ –º–µ—Ä—ã.,1,0,0,0,1,3927378,5,12.9
"–æ—Ç–∑—ã–≤—á–∏–≤—ã–µ –º–µ–Ω–µ–¥–∂–µ—Ä—ã, –≤—Å–µ–º —Å–ø–∞—Å–∏–±–æ –∑–∞ –±—ã—Å—Ç—Ä–æ—Ç—É",1,0,1,0,0,3927621,5,16.7
–û–ø–µ—Ä–∞—Ç–∏–≤–Ω–æ –∏ —á–µ—Ç–∫–æ —Ä–µ—à–µ–Ω –≤–æ–ø—Ä–æ—Å. –ë–ª–∞–≥–æ–¥–∞—Ä—é.,1,1,0,0,1,3927815,5,16.0
—Å–ø–∞—Å–∏–±–æ –±–æ–ª—å—à–æ–µ –∑–∞ –ø–æ–º–æ—â—å!–ú–∞—Ä–∏—è —Ä–µ—à–∏–ª–∞ –±—ã—Å—Ç—Ä–æ –≤–æ–ø—Ä–æ—Å.–ù–∞—Å—Ç–æ—è—â–∏–π —Å–ø–µ—Ü–∏–∞–ª–∏—Å—Ç.,1,0,1,0,1,3928192,5,26.5
"–ë–ª–∞–≥–æ–¥–∞—Ä—è –ø–æ–º–æ—â–∏ –ê–Ω–∞—Å—Ç–∞—Å–∏–∏, –±—ã—Å—Ç—Ä–æ –≤—Å—ë —Ä–µ—à–∏–ª–∏. –û—Ç–ª–∏—á–Ω–∞—è, –æ–ø–µ—Ä–∞—Ç–∏–≤–Ω–∞—è —Ä–∞–±–æ—Ç–∞",1,1,1,0,1,3928290,5,26.9
–í—Å–µ —É—Å—Ç—Ä–∞–Ω–∏–ª–∏ –≤ –∫–æ—Ä–æ—Ç–∫–∏–µ —Å—Ä–æ–∫–∏. –ú–æ–ª–æ–¥—Ü—ã,1,0,1,0,1,3928349,5,14.0
"–±—ã—Å—Ç—Ä–æ, –∫–∞—á–µ—Å—Ç–≤–µ–Ω–Ω–æ, –±–µ–∑ –ª–∏—à–Ω–∏—Ö –≤–æ–ø—Ä–æ—Å–æ–≤ –∏ –Ω—é–∞–Ω—Å–æ–≤",1,1,0,1,0,3928497,5,18.299999999999997
"–û–∫–∞–∑–∞–ª–æ—Å—å, —á—Ç–æ —ç—Ç–æ –Ω–µ –∞–≤–∞—Ä–∏—è, –∞ –Ω—é–∞–Ω—Å—ã —Å–∏—Å—Ç–µ–º—ã –≤–æ–¥–æ—Å–Ω–∞–±–∂–µ–Ω–∏—è –∏ –æ—Ç–æ–ø–ª–µ–Ω–∏—è. –í—Å—ë –ø–æ–¥—Ä–æ–±–Ω–æ –æ–±—ä—è—Å–Ω–∏–ª–∏, —Å–ø–∞—Å–∏–±–æ!)",0,0,1,0,1,3929549,5,37.0
"–°–ø–∞—Å–∏–±–æ. –û—Ç–ª–∏—á–Ω–∞—è —Ä–∞–±–æ—Ç–∞, –ø—Ä–µ–∫—Ä–∞—Å–Ω—ã–π –∫–æ–ª–ª–µ–∫—Ç–∏–≤",0,1,1,0,0,3929557,5,15.9
–°–ø–∞—Å–∏–±–æ –±–æ–ª—å—à–æ–µ –∑–∞ –æ–ø–µ—Ä–∞—Ç–∏–≤–Ω–æ–µ —Ä–µ–∞–≥–∏—Ä–æ–≤–∞–Ω–∏–µ –∏ —É—Å—Ç—Ä–∞–Ω–µ–Ω–∏–µ –Ω–µ–∏—Å–ø—Ä–∞–≤–Ω–æ—Å—Ç–µ–π!,1,0,1,0,0,3930202,5,24.8
–ë–æ–ª—å—à–æ–µ —Å–ø–∞—Å–∏–±–æ –∑–∞ –æ–ø–µ—Ä–∞—Ç–∏–≤–Ω–æ—Å—Ç—å —Ä–µ—à–µ–Ω–∏—è –≤–æ–ø—Ä–æ—Å–∞!,1,0,0,0,1,3930255,5,17.599999999999998
"–≠–ª–µ–∫—Ç—Ä–∏–∫ –±—ã—Å—Ç—Ä–æ –ø—Ä–∏—à—ë–ª –∏ –≤—Å—ë —É—Å—Ç—Ä–∞–Ω–∏–ª! –°–ø–∞—Å–∏–±–æ, –æ—á–µ–Ω—å –¥–æ–≤–æ–ª–µ–Ω —Ä–∞–±–æ—Ç–æ–π!",1,0,1,1,0,3930751,5,25.299999999999997
"–°–ø–∞—Å–∏–±–æ –∑–∞ –æ–ø–µ—Ä–∞—Ç–∏–≤–Ω–æ—Å—Ç—å, –∂–µ–ª–∞—Ç–µ–ª—å–Ω–æ –ø—Ä–æ–≤–µ—Ä–∏—Ç—å –∏ –¥—Ä—É–≥–∏–µ —Å—Ç–æ–ª–±—ã –æ—Å–≤–µ—â–µ–Ω–∏—è",1,0,0,0,0,3930767,5,25.2
–û–ø–µ—Ä–∞—Ç–∏–≤–Ω–æ –∏ –∫–∞—á–µ—Å—Ç–≤–µ–Ω–Ω–æ –º–∞—Å—Ç–µ—Ä —Ä–µ—à–∏–ª –ø—Ä–æ–±–ª–µ–º—É! –û–≥—Ä–æ–º–Ω–æ–µ —Å–ø–∞—Å–∏–±–æ –µ–º—É.,1,1,1,0,1,3930927,5,25.7
"–û–ø–µ—Ä–∞—Ç–∏–≤–Ω–æ, –∞–∫–∫—É—Ä–∞—Ç–Ω–æ, –≤ —É–¥–æ–±–Ω–æ–µ –≤—Ä–µ–º—è.",1,1,0,1,0,3932129,5,14.1
"–ë—ã—Å—Ç—Ä–æ –æ–±—Ä–∞–±–æ—Ç–∞–ª–∏ –∑–∞—è–≤–∫—É, —Å–ø–∞—Å–∏–±–æ –∑–∞ –æ–ø–µ—Ä–∞—Ç–∏–≤–Ω–æ—Å—Ç—å",1,0,0,0,1,3932312,5,17.9
–•–æ—Ä–æ—à–∏–π –º–∞—Å—Ç–µ—Ä —Å–¥–µ–ª–∞–ª –≤—Å—ë –±—ã—Å—Ç—Ä–æ,1,0,1,1,0,3932575,5,12.3
"–ú–∞—Å—Ç–µ—Ä –ø—Ä–∏—à–µ–ª –Ω–∞ —Å–ª–µ–¥—É—é—â–∏–π –¥–µ–Ω—å –∏ –æ—Ç–≤–µ—Ç–∏–ª –Ω–∞ –≤—Å–µ –≤–æ–ø—Ä–æ—Å—ã, –≤—ã–¥–∞–ª —Ä–µ–∫–æ–º–µ–Ω–¥–∞—Ü–∏–∏ –ø–æ —É—Å—Ç—Ä–∞–Ω–µ–Ω–∏—é –ø—Ä–æ–±–ª–µ–º—ã. –°–ø–∞—Å–∏–±–æ!",1,0,1,0,1,3932946,5,38.9
–í—Å–µ —Å–¥–µ–ª–∞–ª–∏ –æ—á–µ–Ω—å –±—ã—Å—Ç—Ä–æ! –°–ø–∞—Å–∏–±–æ –±–æ–ª—å—à–æ–µ!,1,0,0,1,1,3932950,5,15.500000000000002
"–ü—Ä–∏ –ª–∏—á–Ω–æ–º –æ–±—â–µ–Ω–∏–∏ –±—ã–ª–∏ —Ä–µ—à–µ–Ω—ã –≤—Å–µ –≤–æ–ø—Ä–æ—Å—ã, –ø–æ–ª–Ω–æ–µ –≤–∑–∞–∏–º–æ–ø–æ–Ω–∏–º–∞–Ω–∏–µ, –æ—Ç–ª–∏—á–Ω–æ –≤—ã–ø–æ–ª–Ω–µ–Ω–Ω–∞—è —Ä–∞–±–æ—Ç–∞...",0,0,1,1,1,3932971,5,33.8
"–æ—á–µ–Ω—å –±—ã—Å—Ç—Ä–æ –æ—Ç—Ä–µ–∞–≥–∏—Ä–æ–≤–∞–ª–∏..–ø–æ—Å–º–æ—Ç—Ä–∏–º ,–∫–∞–∫ –¥–∞–ª—å—à–µ –±—É–¥–µ—Ç..",1,0,0,0,0,3933243,5,19.799999999999997
"–ó–¥—Ä–∞–≤—Å—Ç–≤—É–π—Ç–µ. –°–ø–∞—Å–∏–±–æ –ì–µ–Ω–Ω–∞–¥–∏—é –∑–∞ —Ä–∞–±–æ—Ç—É. –í—Å–µ –ø—Ä–æ–≤–µ—Ä–∏–ª –∏ —Ä–µ—à–∏–ª —Ä–∞–±–æ—Ç—É. –ü—Ä–æ—Å—å–±–∞ –µ—Å–ª–∏ —Ä–∞–Ω–µ–µ –≤–æ–ø—Ä–æ—Å –Ω–µ —Ä–µ—à–µ–Ω, —Ç–æ –Ω–µ –∑–∞–∫—Ä—ã–≤–∞—Ç—å –∑–∞—è–≤–∫–∏ –ø—Ä–æ—Å—Ç–æ —Ç–∞–∫, –∞ –ø–µ—Ä–µ–¥–∞–≤–∞—Ç—å –∏–Ω—Ñ–æ—Ä–º–∞—Ü–∏—é —Å–ø–µ—Ü–∏–∞–ª–∏—Å—Ç–∞–º –≤ —É–∫–∞–∑–∞–Ω–Ω–æ–π —Å—Ñ–µ—Ä–µ.",0,0,1,0,1,3933289,5,68.9
"–ë–ª–∞–≥–æ–¥–∞—Ä—é –∑–∞ –æ–ø–µ—Ä–∞—Ç–∏–≤–Ω–æ–µ —Ä–µ—à–µ–Ω–∏–µ. –û—Ç–≤–µ—Ç—Å—Ç–≤–µ–Ω–Ω—ã–π —Å–æ—Ç—Ä—É–¥–Ω–∏–∫ –¥–µ—Ä–∂–∞–ª –º–µ–Ω—è –≤ –∫—É—Ä—Å–µ –≤—ã–ø–æ–ª–Ω–µ–Ω–∏—è –∑–∞—è–≤–∫–∏,–∑–∞ —á—Ç–æ –µ–º—É –æ—Ç–¥–µ–ª—å–Ω–æ–µ —Å–ø–∞—Å–∏–±–æ.–û—á–µ–Ω—å –∫–ª–∏–µ–Ω—Ç–æ–æ—Ä–∏–µ–Ω—Ç–∏—Ä–æ–≤–∞–Ω–Ω—ã–π –ø–æ–¥—Ö–æ–¥! –°–ø–∞—Å–∏–±–æ!",1,0,1,1,1,3933331,5,58.8
"–û–≥—Ä–æ–º–Ω–æ–µ —Å–ø–∞—Å–∏–±–æ, –æ—á–µ–Ω—å –ø–æ–º–æ–≥–ª–∏! –ë—ã—Å—Ç—Ä–æ –∏ –ø—Ä–æ—Ñ–µ—Å—Å–∏–æ–Ω–∞–ª—å–Ω–æ!",1,0,1,0,1,3934049,5,20.699999999999996
"–°–ø–∞—Å–∏–±–æ –æ–≥—Ä–æ–º–Ω–æ–µ –¢–∞—Ç—å—è–Ω–µ, –≤–æ–ø—Ä–æ—Å —Ä–µ—à–∏–ª—Å—è –æ—á–µ–Ω—å –æ–ø–µ—Ä–∞—Ç–∏–≤–Ω–æ –∏ —á–µ—Ç–∫–æ.",1,0,1,1,1,3934243,5,24.2
"–°–ø–∞—Å–∏–±–æ –æ–ø–µ—Ä–∞—Ç–æ—Ä—É, –¥–µ–∂. (–∞–≤–∞—Ä–∏–π–Ω–æ–π) —Å–º–µ–Ω–µ –∑–∞ –æ–ø–µ—Ä–∞—Ç–∏–≤–Ω—É—é —Ä–∞–±–æ—Ç—É!!!",1,0,1,0,0,3934485,5,23.200000000000003
"–û—Ç—Ä–µ–∞–≥–∏—Ä–æ–≤–∞–ª–∏ –æ–ø–µ—Ä–∞—Ç–∏–≤–Ω–æ, –ø—Ä–æ–±–ª–µ–º—É —Ä–µ—à–∏–ª–∏ –∏ –∏—Å–ø—Ä–∞–≤–∏–ª–∏ –ø–æ –∑–≤–æ–Ω–∫—É —Ç–µ–ª–µ—Ñ–æ–Ω–∞!",1,0,1,1,1,3934549,5,26.299999999999997
–û–ª—å–≥–∞ –ü—Ç—É—à–∫–∏–Ω–∞ –æ—á–µ–Ω—å –±—ã—Å—Ç—Ä–æ –∏ –≥—Ä–∞–º–æ—Ç–Ω–æ —Ä–µ—à–∏–ª–∞ –Ω–∞—à –≤–æ–ø—Ä–æ—Å .–ë–æ–ª—å—à–æ–µ —Å–ø–∞—Å–∏–±–æ !!!,1,1,1,0,1,3934613,5,28.3
–æ—á–µ–Ω—å –æ–ø–µ—Ä–∞—Ç–∏–≤–Ω–æ –≤–Ω–µ—Å–ª–∏ –¥–∞–Ω–Ω—ã–µ –ø–æ –ø–æ–≤–µ—Ä–∫–µ,1,0,0,0,1,3934651,5,14.8
"–°–ø–∞—Å–∏–±–æ –í–∞–º –±–æ–ª—å—à–æ–µ, –±—ã—Å—Ç—Ä–æ —Å—Ä–µ–∞–≥–∏—Ä–æ–≤–∞–ª–∏",1,0,0,0,0,3934695,5,14.4
"–°–∞–Ω—Ç–µ—Ö–Ω–∏–∫ –æ—á–µ–Ω—å –±—ã—Å—Ç—Ä–æ –æ—Ç–∫–ª—é—á–∏–ª –≤–æ–¥—É, –∞ —Å–≤–∞—Ä—â–∏–∫ –æ—á–µ–Ω—å –±—ã—Å—Ç—Ä–æ –∏ –∫–∞—á–µ—Å—Ç–≤–µ–Ω–Ω–æ —É—Å—Ç—Ä–∞–Ω–∏–ª –ø—Ä–æ–±–ª–µ–º—É –≤–Ω–æ–≤—å, –Ω–∞–¥–µ—é—Å—å, –±–æ–ª—å—à–µ –Ω–µ —É–≤–∏–¥–∏–º—Å—è",1,1,1,0,0,3934913,5,45.50000000000001
–ë–æ–ª—å—à–æ–µ —Å–ø–∞—Å–∏–±–æ —è! –û–ø–µ—Ä–∞—Ç–∏–≤–Ω–æ –≤—Å–µ —Å–¥–µ–ª–∞–ª–∏!,1,0,0,1,0,3935268,5,15.500000000000002
"–¢–∞—Ç—å—è–Ω–∞ - —Å—É–ø–µ—Ä —Å–æ—Ç—Ä—É–¥–Ω–∏–∫, –æ–ø–µ—Ä–∞—Ç–∏–≤–Ω–æ —Ä–µ—à–∞–µ—Ç –≤—Å–µ –≤–æ–ø—Ä–æ—Å—ã, –∫–∞—Å–∞—Ç–µ–ª—å–Ω–æ –∞—Ä–µ–Ω–¥—ã –ø–∞—Ä–∫–æ–≤–æ—á–Ω–æ–≥–æ –º–µ—Å—Ç–∞ –≤ –ü—Ä–∏–≥–æ—Ä–æ–¥–µ –õ–µ—Å–Ω–æ–º. –¢–∞—Ç—å—è–Ω–∞ –º–∞–∫—Å–∏–º–∞–ª—å–Ω–æ –æ—Ç–≤–µ—Ç—Å—Ç–≤–µ–Ω–Ω—ã–π –∏ –æ—Ç–∑—ã–≤—á–∏–≤—ã–π —á–µ–ª–æ–≤–µ–∫! –õ—É—á—à–∏–π —Å–æ—Ç—Ä—É–¥–Ω–∏–∫ –≤ –£–ø—Ä–∞–≤–ª—è—é—â–µ–π –∫–æ–º–ø–∞–Ω–∏–∏, –ø–æ –º–æ–µ–º—É –ª–∏—á–Ω–æ–º—É –º–Ω–µ–Ω–∏—é!",1,0,1,0,0,3936198,5,81.89999999999999
–†–µ–∞–≥–∏—Ä–æ–≤–∞–ª–∏ –±—ã—Å—Ç—Ä–æ –æ—Ç–∫–ª—é—á–∏–ª–∏ —Å–∏–≥–Ω–∞–ª–∏–∑–∞—Ü–∏—é –ø–æ–∂–∞—Ä–Ω—ã–π —Ç—Ä–µ–≤–æ–≥–∏. –°–ø–∞—Å–∏–±–æ –æ–≥—Ä–æ–º–Ω–æ–µ!,1,0,0,1,1,3936258,5,26.7
"–ó–¥—Ä–∞–≤—Å—Ç–≤—É–π—Ç–µ! –ë–æ–ª—å—à–æ–µ —Å–ø–∞—Å–∏–±–æ –¥–µ–∂—É—Ä–Ω–æ–º—É –¥–∏—Å–ø–µ—Ç—á–µ—Ä—É-–ø–µ—Ä–µ–∑–≤–æ–Ω–∏–ª –≤ —Ç–µ—á–µ–Ω–∏–µ 5 –º–∏–Ω—É—Ç –æ—Ç –ø–æ–¥–∞—á–∏ –∑–∞—è–≤–∫–∏. –ë–ª–∞–≥–æ–¥–∞—Ä—é –∑–∞ —Å–æ—Ç—Ä—É–¥–Ω–∏—á–µ—Å—Ç–≤–æ! –° —É–≤–∞–∂–µ–Ω–∏–µ–º, –Æ. –ü.",1,0,1,0,1,3936546,5,49.9
–°–ø–∞—Å–∏–±–æ –±–æ–ª—å—à–æ–µ. –ü—Ä–æ–±–ª–µ–º—É –º–∞—Å—Ç–µ—Ä —Ä–µ—à–∏–ª –±—ã—Å—Ç—Ä–æ –∏ –∫–∞—á–µ—Å—Ç–≤–µ–Ω–Ω–æ üëç!!!,1,1,1,0,1,3936835,5,24.0
"–°–ø–∞—Å–∏–±–æ, –í–∞–ª–µ—Ä–∏—é! –í—Å–µ –∏—Å–ø—Ä–∞–≤–∏–ª, —Ç–µ–ø–µ—Ä—å –¥–æ–º–∞ —Ç–∏—à–∏–Ω–∞ –∏ —Å–ø–æ–∫–æ–π—Å—Ç–≤–∏–µ‚ò∫Ô∏è",0,0,1,1,1,3936898,5,23.200000000000003
"—Å–ø–µ—Ü–∏–∞–ª–∏—Å—Ç—ã –ø—Ä–∏–µ—Ö–∞–ª–∏ –±—ã—Å—Ç—Ä–æ, —Å–ø—É—Å—Ç–∏–ª–∏ –≥—Ä—É–∑–æ–≤–æ–π –∑–∞—Å—Ç—Ä—è–≤—à–∏–π –ª–∏—Ñ—Ç –Ω–∞ 1 —ç—Ç–∞–∂, –æ—Å–≤–æ–±–æ–¥–∏–ª–∏ —á–µ–ª–æ–≤–µ–∫–∞. –±–æ–ª—å—à–æ–µ —Å–ø–∞—Å–∏–±–æ",1,1,1,1,1,3937325,5,38.9
"–û–ª—å–≥–∞, –±–æ–ª—å—à–æ–µ —Å–ø–∞—Å–∏–±–æ. –•–æ—Ä–æ—à–µ–≥–æ –¥–Ω—è.",0,0,1,0,0,3937478,5,13.200000000000001
"–†–∞–±–æ—Ç—ã –Ω–µ–ø–æ—Å—Ä–µ–¥—Å—Ç–≤–µ–Ω–Ω–æ –ø–æ –∑–∞–º–µ–Ω–µ —Å–ª–∏–≤–Ω–æ–π —Ñ—É—Ä–Ω–∏—Ç—É—Ä—ã –≤–∞–Ω–Ω—ã –≤—ã–ø–æ–ª–Ω–µ–Ω—ã –±—ã—Å—Ç—Ä–æ –∏ –∫–∞—á–µ—Å—Ç–≤–µ–Ω–Ω–æ. –ê –≤–æ—Ç —Å–æ–≥–ª–∞—Å–æ–≤–∞–Ω–∏–µ —Ä–∞–±–æ—Ç - –ø—Ä–æ—Ü–µ—Å—Å –±–µ—Å–∫–æ–Ω–µ—á–Ω—ã–π, –∫ —Å–æ–∂–∞–ª–µ–Ω–∏—é –∏ –Ω–µ –≤ –ø–æ–ª—å–∑—É —Å–æ–±—Å—Ç–≤–µ–Ω–Ω–∏–∫–∞. –•–æ—Ä–æ—à–æ, —á—Ç–æ —É–¥–∞–ª–æ—Å—å –¥–æ—Å—Ç–∏—á—å –∫–æ–Ω—Å–µ–Ω—Å—É—Å–∞.",1,1,0,1,0,3938059,5,75.19999999999999
"–£—Å—Ç—Ä–∞–Ω–∏–ª–∏ –±—ã—Å—Ç—Ä–æ. –•–æ—Ç–µ–ª–æ—Å—å –±—ã –∑–∞–º–µ—Ç–∏—Ç—å –≤ —Ü–µ–ª–æ–º –Ω–µ–¥–æ—Å—Ç–∞—Ç–∫–∏ –∫—Ä–µ–ø–ª–µ–Ω–∏—è –∫–∞–∫ –≤ –ø—Ä–æ–µ–∫—Ç–∏—Ä–æ–≤–∞–Ω–∏–∏, –∫–æ–≥–¥–∞ –≤ –º–µ—Ç–∞–ª–ª–∏—á–µ—Å–∫—É—é –¥–≤–µ—Ä—å –¥–æ–≤–æ–¥—á–∏–∫–∏ –∫—Ä–µ–ø—è—Ç—Å—è –æ–±—ã—á–Ω—ã–º–∏ —Å–∞–º–æ—Ä–µ–∑–∞–º–∏. –ü–æ –∫–æ–ª-–≤—É –¥—ã—Ä–æ–∫ –æ—Ç —Å—Ç–∞—Ä—ã—Ö –º–µ—Å—Ç –≤–∏–¥–Ω–æ, —á—Ç–æ —Å–∞–º–∞ –ø–æ —Å–µ–±–µ –º–µ—Ç–æ–¥–∏–∫–∞ –∫—Ä–µ–ø–ª–µ–Ω–∏—è –Ω–µ –ø—Ä–æ–¥—É–º–∞–Ω–∞. –°–∞–º–æ—Ä–µ–∑ –≤ –º–µ—Ç–∞–ª–ª - —Å–ª–∞–±–æ –∂–∏–≤—É—â–µ–µ —Ä–µ—à–µ–Ω–∏–µ, —Å –Ω–µ–¥–æ–ª–≥–∏–º –∂–∏–∑–Ω–µ–Ω–Ω—ã–º —Ü–∏–∫–ª–æ–º.",1,0,0,0,1,3938452,4,109.6
"–ú–∞—Å—Ç–µ—Ä –¥–æ—Å—Ç–∞—Ç–æ—á–Ω–æ –±—ã—Å—Ç—Ä–æ —Ä–µ—à–∏–ª –Ω–∞—à –≤–æ–ø—Ä–æ—Å. –ù–∞–¥–æ –±—ã–ª–æ –ø–æ–≤–µ—Ä–Ω—É—Ç—å –Ω–∞–ø—Ä–∞–≤–ª–µ–Ω–∏–µ —Ä–µ–≥—É–ª—è—Ç–æ—Ä–∞ —Ç–µ–º–ø–µ—Ä–∞—Ç—É—Ä—ã –Ω–∞ –±–∞—Ç–∞—Ä–µ–µ –æ—Ç–æ–ø–ª–µ–Ω–∏—è –≤ –¥—Ä—É–≥—É—é —Å—Ç–æ—Ä–æ–Ω—É. –ü–æ—Å–ª–µ –≤—ã–ø–æ–ª–Ω–µ–Ω–∏—è —Ä–∞–±–æ—Ç—ã –∞–∫–∫—É—Ä–∞—Ç–Ω–æ –≤—Å–µ –ø—Ä–æ—Ç–µ—Ä,—á—Ç–æ –ø—Ä–∏—è—Ç–Ω–æ. –ë–æ–ª—å—à–æ–µ —Å–ø–∞—Å–∏–±–æ!",1,1,1,1,1,3938558,5,74.9
–í—Å–µ –±—ã–ª–æ —Å–¥–µ–ª–∞–Ω–æ –±—ã—Å—Ç—Ä–æ –∏ –ø—Ä–æ—Ñ–µ—Å—Å–∏–æ–Ω–∞–ª—å–Ω–æ,1,0,1,0,0,3938597,5,14.9
–û—á–µ–Ω—å –±—ã—Å—Ç—Ä–æ! –û–ø–µ—Ä–∞—Ç–∏–≤–Ω–æ –æ—Ç–≤–µ—Ç–∏–ª–∏! –°–ø–∞—Å–∏–±–æ!!!,1,0,0,0,0,3938725,5,16.2
—Å–ø–∞—Å–∏–±–æ –±–æ–ª—å—à–æ–µ –≤–∞–º –∑–∞ –∫–∞—á–µ—Å—Ç–≤–µ–Ω–Ω—É—é —Ä–∞–±–æ—Ç—É.,0,1,1,0,0,3939087,5,15.500000000000002
"–ü—Ä–∏—à–ª–∏,, –æ–∫–Ω–∞ –ø–æ–¥–∫—Ä—É—Ç–∏–ª–∏. –ë—ã—Å—Ç—Ä–æ.",1,0,0,1,1,3940375,5,11.800000000000002
"–±—ã—Å—Ç—Ä–æ, –¥–ª—è –ø–æ–¥—ä–µ–∑–¥–∞ –≤–ø–æ–ª–Ω–µ —Ö–æ—Ä–æ—à–æ)",1,1,0,0,0,3940717,5,12.600000000000001
"–ú–∞—Å—Ç–µ—Ä –≤—Å–µ —Å–¥–µ–ª–∞–ª –±—ã—Å—Ç—Ä–æ. –í—Å–µ –æ—Ç–ª–∏—á–Ω–æ, —Ä–∞–±–æ—Ç–æ–π –¥–æ–≤–æ–ª—å–Ω–∞",1,0,1,1,0,3940861,5,19.999999999999996
–û—Ç–ª–∏—á–Ω–∞—è —Ä–∞–±–æ—Ç–∞! –æ—á–µ–Ω—å –ø—Ä–æ—Ñ–µ—Å—Å–∏–æ–Ω–∞–ª—å–Ω—ã–π –∏ –≤–µ–∂–ª–∏–≤—ã–π —Å–æ—Ç—Ä—É–¥–Ω–∏–∫!,0,0,1,1,0,3941162,5,21.5
"–±—ã—Å—Ç—Ä–æ —Å—Ä–∞–±–æ—Ç–∞–ª–∏, –ø–æ–∑–≤–æ–Ω–∏–ª–∏, —Å–∫–∞–∑–∞–ª–∏, —á—Ç–æ –≤—Å–µ —Ö–æ—Ä–æ—à–æ ,–ª–æ–∂–Ω–∞—è —Ç—Ä–µ–≤–æ–≥–∞",1,0,0,0,1,3941310,5,23.9
–±—ã—Å—Ç—Ä–æ –∏ –æ–ø–µ—Ä–∞—Ç–∏–≤–Ω–æ –¥–µ–º–æ–Ω—Ç–∏—Ä–æ–≤–∞–ª–∏ –∑–∞–º–æ–∫,1,0,0,1,0,3941386,5,14.1
—Å—É–ø–µ—Ä-–±—ã—Å—Ç—Ä–æ –ø–æ–º–æ–≥–ª–∏. –ø–æ —Ç–µ–ª–µ—Ñ–æ–Ω—É –ø–æ–º–æ–≥–ª–∏ –≤—Å–µ —Ä–µ—à–∏—Ç—å. –æ—Ç–ª–∏—á–Ω–æ!,1,0,1,0,1,3941548,5,21.5
–õ–∏—Ñ—Ç —Å–Ω–æ–≤–∞ —Ä–∞–±–æ—Ç–∞–µ—Ç. –ó–∞—è–≤–∫—É –∏—Å–ø–æ–ª–Ω–∏–ª–∏ –æ—á–µ–Ω—å –±—ã—Å—Ç—Ä–æ,1,0,0,1,1,3941672,5,18.4
"–ü—Ä–æ–±–ª–µ–º–∞ —É—Å—Ç—Ä–∞–Ω–µ–Ω–∞, –¥–æ—Å—Ç–∞—Ç–æ—á–Ω–æ –æ–ø–µ—Ä–∞—Ç–∏–≤–Ω–æ",1,0,0,0,1,3941762,5,14.5
"–°–ø–∞—Å–∏–±–æ —Å–æ—Ç—Ä—É–¥–Ω–∏–∫—É —É–∫ –ù–∏–∫–∏—Ç–∞, –±–ª–∞–≥–æ–¥–∞—Ä—è –µ–º—É –Ω–∞–º –Ω–æ—Ä–º–∞–ª—å–Ω–æ –ø–æ–º—ã–ª–∏ —ç—Ç–∞–∂, —Å–ø–∞—Å–∏–±–æ –±–æ–ª—å—à–æ–µ",0,0,1,1,0,3941800,5,30.7
"–í–æ–ø—Ä–æ—Å–æ–≤ –Ω–µ—Ç, –º–æ–ª–æ–¥—Ü—ã. –°—É–ø–µ—Ä –æ–ø–µ—Ä–∞—Ç–∏–≤–Ω–æ",1,0,1,0,1,3941819,5,14.299999999999999
"–≤—Å—ë –ø—Ä–æ—à–ª–æ –æ—Ç–ª–∏—á–Ω–æ, –∑–∞—Ä–∞–Ω–µ–µ –ø–æ–∑–≤–æ–Ω–∏–ª –ø—Ä–µ–¥—É–ø—Ä–µ–¥–∏–ª –æ –ø—Ä–∏—Ö–æ–¥–µ, —Å–¥–µ–ª–∞–ª –≤—Å—ë –±—ã—Å—Ç—Ä–æ, –≤–µ–∂–ª–∏–≤—ã–π, —Ä–∞–∑—É–ª—Å—è —Ö–æ—Ç—è —è –≥–æ–≤–æ—Ä–∏–ª —á—Ç–æ –Ω–µ –Ω—É–∂–Ω–æ —É –Ω–∞—Å –ø—ã–ª—å–Ω–æ. –°–ø–∞—Å–∏–±–æ.",1,0,1,1,1,3941927,5,52.4
–û–ø–µ—Ä–∞—Ç–∏–≤–Ω–æ –º–∞—Å—Ç–µ—Ä –ø–æ–¥–æ—à—ë–ª. –í—Å–µ –Ω–µ–ø–æ–ª–∞–¥–∫–∏ —É—Å—Ç—Ä–∞–Ω–µ–Ω—ã. –ú–∞—Å—Ç–µ—Ä - —Ç–∞–∫—Ç–∏—á–Ω—ã–π –º–æ–ª–æ–¥–æ–π —á–µ–ª–æ–≤–µ–∫. –°–ø–∞—Å–∏–±–æ!,1,0,1,1,1,3942424,5,33.699999999999996
–†–æ–º–∞–Ω –∏ –µ–≥–æ –∫–æ–ª–ª–µ–≥–∞ –°–£–ü–ï–† —Å–ø–µ—Ü–∏–∞–ª–∏—Å—Ç—ã üëçüèªüëçüèªüëçüèª,0,0,1,0,0,3942831,5,15.9
"–û–≥—Ä–æ–º–Ω–æ–µ —Å–ø–∞—Å–∏–±–æ, –∑–∞ –ø–æ–º–æ—â—å –∏ –ø—Ä–æ–¥–µ–ª–∞–Ω–Ω—É—é –í–∞–º–∏ —Ä–∞–±–æ—Ç—É!",0,0,0,1,1,3942887,5,19.1
–ë–æ–ª—å—à–æ–µ —Å–ø–∞—Å–∏–±–æ –û–ª—å–≥–µ - –æ—á–µ–Ω—å –ø–æ–º–æ–≥–ª–∞ –∏ –æ—Ç–≤–µ—Ç–∏–ª–∞ –Ω–∞ –≤—Å–µ –≤–æ–ø—Ä–æ—Å—ã ‚ù§Ô∏è‚ù§Ô∏è‚ù§Ô∏è,0,0,1,0,1,3943072,5,25.200000000000003
–û–≥—Ä–æ–º–Ω–æ–µ —Å–ø–∞—Å–∏–±–æ —Å–∞–Ω—Ç–µ—Ö–Ω–∏–∫—É –ì–µ–Ω–Ω–∞–¥–∏—é –∑–∞ –∫–∞—á–µ—Å—Ç–≤–µ–Ω–Ω–æ –æ–∫–∞–∑–∞–Ω–Ω—É—é —É—Å–ª—É–≥—É –∏ –ø—Ä–æ—Ñ–µ—Å—Å–∏–æ–Ω–∞–ª–∏–∑–º. –ü—Ä–∏—è—Ç–Ω–æ –∏–º–µ—Ç—å –¥–µ–ª–æ —Å —Ç–∞–∫–∏–º–∏ –ª—é–¥—å–º–∏.,0,1,1,1,1,3943634,5,43.4
–°–ø–∞—Å–∏–±–æ! –í–æ–ø—Ä–æ—Å —Ä–µ—à–µ–Ω –≤ —Å–∂–∞—Ç—ã–µ —Å—Ä–æ–∫–∏ –∏ –±—ã–ª–∞ –ø—Ä–µ–¥–æ—Å—Ç–∞–≤–ª–µ–Ω–∞ –æ–±—Ä–∞—Ç–Ω–∞—è —Å–≤—è–∑—å.,1,0,0,0,1,3944008,5,26.3
"–°–ø–∞—Å–∏–±–æ –∑–∞ –ø—Ä–æ–≤–µ—Ä–∫—É, –∑–∞ –æ–±—Ä–∞—Ç–Ω—ã–π –∑–≤–æ–Ω–æ–∫ –∏ —Ä–∞–∑—ä—è—Å–Ω–µ–Ω–∏–µ",0,0,0,0,1,3944648,5,18.4
"—Å–ø–∞—Å–∏–±–æ, –Ω–æ –º–æ–∂–Ω–æ —É–±–∏—Ä–∞—Ç—å —Ä–µ–≥—É–ª—è—Ä–Ω–æ –∏ –±–µ–∑ –∑–∞—è–≤–æ–∫",0,1,1,0,0,3944742,5,17.1
"–í—ã–ø–æ–ª–Ω–µ–Ω–æ –±—ã—Å—Ç—Ä–æ, –Ω–æ —Ö–æ—Ç–µ–ª–æ—Å—å –±—ã, —á—Ç–æ–±—ã —ç—Ç–æ–≥–æ –Ω–µ –ø—Ä–æ–∏—Å—Ö–æ–¥–∏–ª–æ.",1,0,0,0,0,3945582,5,21.400000000000002
"–°–ø–∞—Å–∏–±–æ. –ù–∞ —É–¥–∏–≤–ª–µ–Ω–∏–µ, –≤–æ–ø—Ä–æ—Å –±—ã–ª —Ä–µ—à—ë–Ω –±—ã—Å—Ç—Ä–æ –∏ –æ–ø–µ—Ä–∞—Ç–∏–≤–Ω–æ.",1,0,0,0,1,3945794,5,22.2
"–°–ø–∞—Å–∏–±–æ –±–æ–ª—å—à–æ–µ, –≤—Å–µ –≤—ã–ø–æ–ª–Ω–µ–Ω–æ –±—ã—Å—Ç—Ä–æ –∏ –∫–∞—á–µ—Å—Ç–≤–µ–Ω–Ω–æ üòäüëç",1,1,0,1,0,3946019,5,19.5
–°–ø–µ—Ü–∏–∞–ª–∏—Å—Ç –ø—Ä–µ–∫—Ä–∞—Å–Ω–æ –≤—ã–ø–æ–ª–Ω–∏–ª —Ä–∞–±–æ—Ç—É! –ë–ª–∞–≥–æ–¥–∞—Ä–Ω–∞ –∑–∞ –æ—Ç–∑—ã–≤—á–∏–≤–æ—Å—Ç—å. –ë–æ–ª—å—à–µ –±—ã —Ç–∞–∫–∏—Ö —Å–æ—Ç—Ä—É–¥–Ω–∏–∫–æ–≤.,0,0,1,1,0,3946414,5,33.400000000000006
"–í—Å–µ —Å–¥–µ–ª–∞–Ω–æ –æ–ø–µ—Ä–∞—Ç–∏–≤–Ω–æ, –º–∞—Å—Ç–µ—Ä –í–æ—Ä–æ–Ω–∫–æ–≤ –°–µ—Ä–≥–µ–π —Å–¥–µ–ª–∞–ª –≤—Å–µ –±—ã—Å—Ç—Ä–æ",1,0,1,1,0,3946768,5,23.4
–û—á–µ–Ω—å –æ–ø–µ—Ä–∞—Ç–∏–≤–Ω–æ —Ä–µ—à–∏–ª–∏ –ø—Ä–æ–±–ª–µ–º—É,1,0,0,0,1,3946799,5,12.100000000000001
"–°–ø–∞—Å–∏–±–æ –¢–∞—Ç—å—è–Ω–µ, –≤—Å—é –∏–Ω—Ñ–æ—Ä–º–∞—Ü–∏—é –æ–±–Ω–æ–≤–∏–ª–∏",0,0,1,1,1,3946934,5,14.100000000000001
"–û—á–µ–Ω—å –ø–æ–¥—Ä–æ–±–Ω–æ, –±–æ–ª—å—à–æ–µ —Å–ø–∞—Å–∏–±–æ –∑–∞ –∫–æ–Ω—Å—É–ª—å—Ç–∞—Ü–∏—é!",0,1,1,1,0,3947311,5,16.7
–°–ø–∞—Å–∏–±–æ —á—Ç–æ –≤ –Ω–∞—à–µ–π –£–ö –µ—Å—Ç—å —Ç–∞–∫–∏–µ —Å–ø–µ—Ü–∏–∞–ª–∏—Å—Ç—ã. –ü—Ä–∏—á–∏–Ω–∞ –æ—Ç—Å—É—Ç—Å—Ç–≤–∏—è —ç–ª–µ–∫—Ç—Ä–∏—á–µ—Å—Ç–≤–∞ –±—ã–ª–∞ –Ω–∞–π–¥–µ–Ω–∞ —Å—Ä–∞–∑—É –∏ –±—ã—Å—Ç—Ä–æ —É—Å—Ç—Ä–∞–Ω–µ–Ω–∞.,1,0,1,0,1,3947806,5,42.3
–ü—Ä–µ–∫—Ä–∞—Å–Ω–æ –≤—ã–ø–æ–ª–Ω–µ–Ω–Ω–∞—è —Ä–∞–±–æ—Ç–∞. –ü–æ–ª—É—á–∏–ª —Ü–µ–Ω–Ω—É—é —Ä–µ–∫–æ–º–µ–Ω–¥–∞—Ü–∏—é –Ω–∞ –±—É–¥—É—â–µ–µ. –°–ø–∞—Å–∏–±–æ!,0,1,1,1,0,3947929,5,26.9
–±—ã—Å—Ç—Ä–æ –æ—Ç–∫–ª—é—á–∏–ª–∏ –ø–æ–∂–∞—Ä–Ω—É—é –≤—ã—Ç—è–∂–∫—É,1,0,0,0,0,3947984,5,11.800000000000002
"–ë—ã—Å—Ç—Ä–æ –ø—Ä–∏–µ—Ö–∞–ª –º–∞—Å—Ç–µ—Ä , —Å–æ—Å—Ç–∞–≤–∏–ª–∏ –∞–∫—Ç .",1,0,1,0,0,3948185,5,14.7
–û—Ç–ª–∏—á–Ω–∞—è —Ä–∞–±–æ—Ç–∞ –º–∞—Å—Ç–µ—Ä–∞. –ë—ã—Å—Ç—Ä–æ –∏ –∫–∞—á–µ—Å—Ç–≤–µ–Ω–Ω–æ,1,1,1,0,0,3948403,5,16.599999999999998
"–ë–æ–ª—å—à–æ–µ —Å–ø–∞—Å–∏–±–æ –∑–∞ —Å–≤–æ–µ–≤—Ä–µ–º–µ–Ω–Ω—É—é –æ–±—Ä–∞—Ç–Ω—É—é —Å–≤—è–∑—å! –í—Å—ë —á—ë—Ç–∫–æ –æ–±—ä—è—Å–Ω–∏–ª–∏,–∫—É–ª—å—Ç—É—Ä–Ω–æ!",1,0,1,0,0,3948418,5,27.2
–æ—Ç–ª–∏—á–Ω—ã–π –º–∞—Å—Ç–µ—Ä! –±–æ–ª—å—à–æ–µ —Å–ø–∞—Å–∏–±–æ –∑–∞ –ø–æ–º–æ—â—å!,0,0,1,0,1,3948436,5,15.500000000000002
"—Å–ø–∞—Å–∏–±–æ, —á—Ç–æ —Ä–µ—à–∏–ª–∏ —Å–≤–æ—é –ø—Ä–æ–±–ª–µ–º—É, –∞ —Ç–æ –∫–∞–∫ —Ç–æ –Ω–µ –æ—á–µ–Ω—å, –ø–ª–∞—Ç–∏—à—å –≤–æ–≤—Ä–µ–º—è, –∞ —Ç–µ–±–µ –ø—Ä–æ –¥–æ–ª–≥ –ø–∏—à—É—Ç.",0,0,0,0,1,3948735,5,34.699999999999996
"–ú–∞—Å—Ç–µ—Ä –±—ã—Å—Ç—Ä–æ –ø—Ä–∏—à—ë–ª, –±—ã—Å—Ç—Ä–æ –ø–æ–Ω—è–ª –≤ —á–µ–º –ø—Ä–æ–±–ª–µ–º–∞ –∏ –±—ã—Å—Ç—Ä–æ —É—Å—Ç—Ä–∞–Ω–∏–ª –µ—ë, –≤ –æ–±—â–µ–º –≤—Å—ë –æ—Ç–ª–∏—á–Ω–æ, —Å–ø–∞—Å–∏–±–æ",1,1,1,1,1,3948958,5,36.5
–†–∞–±–æ—Ç–∞ –≤—ã–ø–æ–ª–Ω–µ–Ω–∞ –Ω–∞ –æ—Ç–ª–∏—á–Ω–æ! –ë—ã—Å—Ç—Ä–æ –∏ –∫–∞—á–µ—Å—Ç–≤–µ–Ω–Ω–æ! –°–ø–∞—Å–∏–±–æ –±–æ–ª—å—à–æ–µ!,1,1,0,1,0,3949033,5,23.999999999999996
–°–ø–∞—Å–∏–±–æ –∑–∞ –±—ã—Å—Ç—Ä–æ–µ –∏ –∫–∞—á–µ—Å—Ç–≤–µ–Ω–Ω–æ–µ —Ä–µ—à–µ–Ω–∏–µ –≤–æ–ø—Ä–æ—Å–∞,1,1,0,0,1,3949304,5,18.099999999999998
–í—Å–µ –æ—Ç–ª–∏—á–Ω–æ! –°–ø–µ—Ü–∏–∞–ª–∏—Å—Ç –ø—Ä–∏—à—ë–ª —á–µ—Ä–µ–∑ 30 –º–∏–Ω—É—Ç –ø–æ—Å–ª–µ –∑–∞—è–≤–∫–∏. –í—Å–µ –æ–ø–µ—Ä–∞—Ç–∏–≤–Ω–æ –ø–æ—á–∏–Ω–∏–ª.,1,0,1,1,1,3949394,5,29.099999999999998
–ú–∞—Å—Ç–µ—Ä - –°–∞–º—ã–π –õ—É—á—à–∏–π! –°–ø–∞—Å–∏–±–æ –í–∞–º –û–≥—Ä–æ–º–Ω–æ–µ –∑–∞ —Ç–∞–∫–∏—Ö —Å–æ—Ç—Ä—É–¥–Ω–∏–∫–æ–≤!!!!,0,0,1,0,0,3949596,5,24.699999999999996
"–°–ø–∞—Å–∏–±–æ! –¢–∞–∫ –±—ã—Å—Ç—Ä–æ —Å–¥–µ–ª–∞–ª–∏ , –∫—Ä–∞—Å–∏–≤—É—é —Å–≤–µ—Ç–æ–¥–∏–æ–¥–Ω—É—é –ª–∞–º–ø—É –ø–æ—Å—Ç–∞–≤–∏–ª–∏",1,1,0,0,0,3949613,5,23.999999999999996
"–æ–ø–µ—Ä–∞—Ç–∏–≤–Ω–æ –æ—Ç—Ä–µ–∞–≥–∏—Ä–æ–≤–∞–ª–∏ –Ω–∞ –∑–∞—è–≤–∫—É, –∏ —É—Å—Ç—Ä–∞–Ω–∏–ª–∏.",1,0,0,0,1,3949687,5,17.0
–î–æ–±—Ä–æ–≥–æ –¥–Ω—è! –°–ø–∞—Å–∏–±–æ –∑–∞ —Ç–∞–∫–∏—Ö –ü—Ä–µ–∫—Ä–∞—Å–Ω—ã—Ö –°–æ—Ç—Ä—É–¥–Ω–∏–∫–æ–≤!,0,0,1,0,0,3949875,5,18.9
–°–ø–∞—Å–∏–±–æ –∑–∞ –æ–ø–µ—Ä–∞—Ç–∏–≤–Ω–æ—Å—Ç—å. –ü–æ—Å–ª–µ —É–∫–ª–∞–¥–∫–∏ –ø–ª–∏—Ç–∫–∏ –æ—Å—Ç–∞–ª–∏—Å—å –Ω–µ–∑–∞–¥–µ–ª–∞–Ω–Ω—ã–µ —à–≤—ã –Ω–∞ —Å—Ç—ã–∫–µ. –î–ª—è —Å—Ä–∞–≤–Ω–µ–Ω–∏—è –Ω–∞ 1 —ç—Ç–∞–∂–µ –≤ —Ö–æ–ª–ª–µ —à–≤—ã —Ä–æ–≤–Ω–æ –∑–∞–∫—Ä—ã—Ç—ã. –ü—Ä–æ—Å—å–±–∞ –∑–∞–≤–µ—Ä—à–∏—Ç—å —Ä–∞–±–æ—Ç—É –¥–æ –∫–æ–Ω—Ü–∞.,1,0,0,0,0,3949884,5,59.49999999999999
–º–∞—Å—Ç–µ—Ä –ø—Ä–∏—à—ë–ª –±—ã—Å—Ç—Ä–æ. –í—Å–µ –±—ã—Å—Ç—Ä–æ —Å–¥–µ–ª–∞–ª.,1,0,1,1,0,3950433,5,15.1
–û–≥—Ä–æ–º–Ω–µ–π—à–µ–µ —Å–ø–∞—Å–∏–±–æ. –ú–∞–∫—Å–∏–º–∞–ª—å–Ω–æ –±—ã—Å—Ç—Ä–æ –∏ –∫–∞—á–µ—Å—Ç–≤–µ–Ω–Ω–æ!!! –ü—Ä–æ—Å—Ç–æ —Å–æ—Ç—Ä—É–¥–Ω–∏–∫ –º–µ—Å—è—Ü–∞,1,1,1,1,0,3950683,5,28.2
–®–∏–∫–∞—Ä–Ω—ã–π —Å–ø–µ—Ü–∏–∞–ª–∏—Å—Ç. –°–ø–∞—Å–∏–±–æ –∑–∞ –æ—Ç–ª–∏—á–Ω—É—é —Ä–∞–±–æ—Ç—É –∏ —Å–∫–æ—Ä–æ—Å—Ç—å,1,1,1,1,0,3951189,5,20.6
"–û—Å—Ç–∞–Ω–æ–≤–∏–ª–∏ —Ç–µ—á—å, –¥–∞–ª–∏ —Ä–µ–∫–æ–º–µ–Ω–¥–∞—Ü–∏–∏ —á—Ç–æ –¥–µ–ª–∞—Ç—å –¥–∞–ª—å—à–µ. –ë–æ–ª—å—à–æ–µ —Å–ø–∞—Å–∏–±–æ!",0,0,0,1,1,3952142,5,24.5
–æ–ø–µ—Ä–∞—Ç–∏–≤–Ω–æ –∏ –≤–µ–∂–ª–∏–≤–æ. —Ç–∞–∫–æ–≥–æ –Ω–µ—Ç –≤ –º–æ—Å–∫–≤–µ,1,0,1,0,0,3952250,5,15.0
"–°–ø–∞—Å–∏–±–æ –∑–∞ –æ–ø–µ—Ä–∞—Ç–∏–≤–Ω–æ—Å—Ç—å. –ù–æ —è —Ç–∞–∫ –∏ –Ω–µ –ø–æ–Ω—è–ª–∞. –ü–æ—á–µ–º—É —Ä–µ–¥—É–∫—Ç–æ—Ä—ã –Ω–∞–º –ø–æ—Å—Ç–∞–≤–∏–ª–∏ –ø–ª–æ—Ö–∏–µ, –∫–æ–≥–¥–∞ –≤—Å–µ–º –º–µ–Ω—è–ª–∏?",1,0,0,0,0,3952354,5,37.5
–°–ø–∞—Å–∏–±–æ –±–æ–ª—å—à–æ–µ. –°–∞–Ω—Ç–µ—Ö–Ω–∏–∫ –±—ã—Å—Ç—Ä–æ —É—Å—Ç—Ä–∞–Ω–∏–ª –∑–∞—Å–æ—Ä.,1,0,1,0,1,3952439,5,17.799999999999997
"–ø—Ä–∏–µ—Ö–∞–ª–∏ –±—ã—Å—Ç—Ä–æ , –≤—Å—ë —Å–¥–µ–ª–∞–ª–∏ —á—ë—Ç–∫–æ. –±–ª–∞–≥–æ–¥–∞—Ä—é",1,1,1,1,0,3952848,5,17.099999999999998
"–°–ø–∞—Å–∏–±–æ –±–æ–ª—å—à–æ–µ –º–∞—Å—Ç–µ—Ä—É, –≤—Å–µ –±—ã—Å—Ç—Ä–æ —Å–¥–µ–ª–∞–ª",1,0,1,1,0,3953192,5,15.8
"–°–∞–Ω—Ç–µ—Ö–Ω–∏–∫ –æ–±—ä—è—Å–Ω–∏–ª –ø—Ä–∏—á–∏–Ω—É –ø—Ä–æ–±–ª–µ–º—ã, —á—Ç–æ –¥–ª—è —Ö–æ—Ä–æ—à–µ–≥–æ –Ω–∞–ø–æ—Ä–∞ –≤–æ–¥—ã –Ω—É–∂–Ω–æ –º–µ–Ω—è—Ç—å –Ω–∞ —Å–º–µ—Å–∏—Ç–µ–ª—å —Å 40 –∫–∞—Ä—Ç—Ä–∏–¥–∂–µ–º, —Ç–µ–ø–µ—Ä—å –ø–æ–Ω—è—Ç–Ω–æ! –°–ø–∞—Å–∏–±–æ!",0,0,1,0,1,3953818,5,46.9
"–û—Ç–ª–∏—á–Ω—ã–π –º–∞—Å—Ç–µ—Ä, —Ä–µ—à–∏–ª –ø—Ä–æ—Ñ–µ—Å—Å–∏–æ–Ω–∞–ª—å–Ω–æ –≤–æ–ø—Ä–æ—Å. –ë–æ–ª—å—à–æ–µ —Å–ø–∞—Å–∏–±–æ!!!",0,0,1,1,1,3954582,5,23.599999999999998
"—Å–ø–∞—Å–∏–±–æ –≤–∞–º –±–æ–ª—å—à–æ–µ, –∫–æ–Ω—Å—É–ª—å—Ç–∞–Ω—Ç—ã –ø–æ–º–æ–≥–ª–∏ —Å —Ä–µ—à–µ–Ω–∏–µ–º –ø—Ä–æ–±–ª–µ–º, –æ–±—ä—è—Å–Ω–∏–ª–∏ –≤—Å–µ –æ—á–µ–Ω—å –¥–æ—Å—Ç—É–ø–Ω–æ! —Å–ø–∞—Å–∏–±–æ –≤–∞–º –æ–≥—Ä–æ–º–Ω–æ–µ üôè",0,0,1,0,1,3954839,5,39.8
–°–ø–∞—Å–∏–±–æ –±–æ–ª—å—à–æ–µ –∑–∞ –±—ã—Å—Ç—Ä—É—é —Ä–µ–∞–∫—Ü–∏—é! –£—Å–ø–æ–∫–æ–∏–ª–∏ üíô,1,0,1,0,0,3955195,5,16.900000000000002
–±—ã—Å—Ç—Ä–æ –ø—Ä–∏—Å–ª–∞–ª–∏ –∫–æ–¥. –µ–¥–∏–Ω—Å—Ç–≤–µ–Ω–Ω–æ–µ —á—Ç–æ —Å–º—É—â–∞–µ—Ç –∫–æ–¥—ã –ª–µ–≥–∫–∏–µ —Å–ª–∏—à–∫–æ–º.,1,0,0,1,0,4237692,5,23.500000000000004
—Å–ø–∞—Å–∏–±–æ! –±—ã—Å—Ç—Ä–æ –∏ –æ–ø–µ—Ä–∞—Ç–∏–≤–Ω–æ –∑–∞–∫—Ä–µ–ø–∏–ª–∏ —Å–≤–µ—Ç–∏–ª—å–Ω–∏–∫. üëç,1,0,0,1,0,4237302,5,18.699999999999996
"–≤—Å—ë –ø—Ä–µ–∫—Ä–∞—Å–Ω–æ –∏ –æ–ø–µ—Ä–∞—Ç–∏–≤–Ω–æ, –Ω–æ –∞–∫—Ç —Ö–æ—Ç–µ–ª–æ—Å—å –±—ã –ø–æ–ª—É—á–∏—Ç—å",1,0,0,1,0,4236894,5,19.6
—Å–ø–∞—Å–∏–±–æ –∑–∞ –±—ã—Å—Ç—Ä—ã–π –æ—Ç–≤–µ—Ç. –≤—Å–µ –ø–æ–Ω—è—Ç–Ω–æ –æ–±—ä—è—Å–Ω–∏–ª–∏,1,0,1,0,1,4236551,5,16.900000000000002
"–≤—Å–µ –æ—Ç–ª–∏—á–Ω–æ! —Å–∞–Ω—Ç–µ—Ö–Ω–∏–∫ –æ–ø–µ—Ä–∞—Ç–∏–≤–Ω–æ –ø—Ä–∏—à–µ–ª, –ø—Ä–∏ –º–Ω–µ –≤—Å–µ —É—Å—Ç—Ä–∞–Ω–∏–ª! –≤–∏–¥–Ω–æ, —á—Ç–æ —Å–ø–µ—Ü –≤ —Å–≤–æ–µ–º –¥–µ–ª–µ!",1,0,1,1,1,4236406,5,33.1
—Å–ø–µ—Ü–∏–∞–ª–∏—Å—Ç –≤—ã—à–µ–ª –Ω–∞ —Å–≤—è–∑—å –ø–æ –∑–∞—è–≤–∫–µ –¥–æ—Å—Ç–∞—Ç–æ—á–Ω–æ –±—ã—Å—Ç—Ä–æ. –∫–æ–Ω—Å—É–ª—å—Ç–∞—Ü–∏—è —É–∂–µ –Ω–µ —Ç—Ä–µ–±–æ–≤–∞–ª–∞—Å—å. –º—É–∂ —Å–ø—Ä–∞–≤–∏–ª—Å—è —Å –∑–∞–¥–∞—á–µ–π —Å–∞–º–æ—Å—Ç–æ—è—Ç–µ–ª—å–Ω–æ .,1,0,1,0,0,4235894,5,45.2
"–≤—Å—ë –æ—Ç–ª–∏—á–Ω–æ, —Å–¥–µ–ª–∞–ª–∏ –≤ —Ç–æ—Ç –¥–µ –¥–µ–Ω—å. —Å–ø–∞—Å–∏–±–æ",1,0,0,1,1,4235354,5,15.9
"—Å–ø–∞—Å–∏–±–æ , –∞–Ω—Ç–æ–Ω—É, –∑–∞ –≥—Ä–∞–º–æ—Ç–Ω–æ—Å—Ç—å –≤ —Å–≤–æ–µ–π —Ä–∞–±–æ—Ç–µ!",0,0,1,1,0,4234406,5,17.1
—Å–ø–∞—Å–∏–±–æ –¥–º–∏—Ç—Ä–∏—é. –ø—Ä–∏—à–µ–ª –æ–ø–µ—Ä–∞—Ç–∏–≤–Ω–æ. –≤—Å–µ —Å–¥–µ–ª–∞–ª.,1,0,1,1,1,4234085,5,17.0
–±—ã—Å—Ç—Ä–æ —Å–æ —Å–ª–æ–≤ —Å–∞–Ω—Ç–µ—Ö–Ω–∏–∫–∞ –≤—Å–µ —Å–¥–µ–ª–∞–ª–∏,1,0,1,1,1,4233528,5,13.700000000000001
–º–∞—Å—Ç–µ—Ä –ø—Ä–∏—à–µ–ª –±—ã—Å—Ç—Ä–æ. –ø–ª–æ–º–±—É —Ç–æ–∂–µ –ø–æ—Å—Ç–∞–≤–∏–ª –±—ã—Å—Ç—Ä–æ. —Å–ø–∞—Å–∏–±–æ,1,0,1,1,1,4233496,5,20.899999999999995
"–æ–ø–µ—Ä–∞—Ç–∏–≤–Ω–æ –ø—Ä–∏—à–ª–∏, –≤—ã–ø–æ–ª–Ω–∏–ª–∏ –æ—Å–º–æ—Ç—Ä, —Å–æ—Å—Ç–∞–≤–∏–ª–∏ –∞–∫—Ç! –Ω–∞ –≤—Å–µ –∏–Ω—Ç–µ—Ä–µ—Å—É—é—â–∏–µ –≤–æ–ø—Ä–æ—Å—ã –æ—Ç–≤–µ—Ç–∏–ª–∏. –±–ª–∞–≥–æ–¥–∞—Ä—é!",1,0,1,1,1,4233035,5,35.6
–º–∞—Å—Ç–µ—Ä –º–æ–ª–æ–¥–µ—Ü . –±—ã—Å—Ç—Ä–æ –∏ –≤—Å–µ –∫–∞—á–µ—Å—Ç–≤–µ–Ω–Ω–æ —Å–¥–µ–ª–∞–ª,1,1,1,1,1,4232957,5,18.5
–¥–æ–≤–æ–ª—å–Ω–æ –±—ã—Å—Ç—Ä–æ –ª–∏–∫–≤–∏–¥–∏—Ä–æ–≤–∞–ª–∏ –æ—Ç—Å—É—Ç—Å—Ç–≤–∏–µ —ç–ª–µ–∫—Ç—Ä–∏—á–µ—Å—Ç–≤–∞.,1,0,0,1,1,4232820,5,18.8
"–∫–∏—Ä–∏–ª–ª, —Å–ø–∞—Å–∏–±–æ! –ø–æ–∑–≤–æ–Ω–∏–ª–∏, —Ä–∞–∑—ä—è—Å–Ω–∏–ª–∏, —á—Ç–æ –Ω–µ—Ç —Ç–∞–∫–∏—Ö –æ–≥—Ä–∞–Ω–∏—á–µ–Ω–∏–∏ —É –Ω–∞—Å.",1,0,1,0,1,4232359,5,25.299999999999997
—Å–ø–µ—Ü–∏–∞–ª–∏—Å—Ç –æ–ø–µ—Ä–∞—Ç–∏–≤–Ω–æ —É—Å—Ç—Ä–∞–Ω–∏–ª –ø–æ–ª–æ–º–∫—É! –æ—á–µ–Ω—å –¥–æ–≤–æ–ª–µ–Ω –∏ –±–ª–∞–≥–æ–¥–∞—Ä–∏–º –∑–∞ –æ–ø–µ—Ä–∞—Ç–∏–≤–Ω–æ—Å—Ç—å). —Å–ø–µ—Ü–∏–∞–ª–∏—Å—Ç—É –≤—ã–ø–∏—Å–∞—Ç—å –ø—Ä–µ–º–∏—é),1,0,1,0,1,4231245,5,40.2
"–±—ã—Å—Ç—Ä–æ –æ—Ç—Ä–µ–∞–≥–∏—Ä–æ–≤–∞–ª–∏, –¥–æ—Å—Ç–∞—Ç–æ—á–Ω–æ –±—ã—Å—Ç—Ä–æ —É—Å—Ç—Ä–∞–Ω–∏–ª–∏ —Ç–µ—á—å. –≤–µ—á–µ—Ä–æ–º —Å–∞–Ω—Ç–µ—Ö–Ω–∏–∫ –µ—â—ë —Ä–∞–∑ –ø—Ä–∏—à—ë–ª —É–¥–æ—Å—Ç–æ–≤–µ—Ä–∏—Ç—å—Å—è, —á—Ç–æ –≤—Å–µ –≤ –ø–æ—Ä—è–¥–∫–µ. —Å–ø–∞—Å–∏–±–æ",1,1,1,0,1,4231128,5,46.0
"–æ—Ç–ª–∏—á–Ω–∞—è —Ä–∞–±–æ—Ç–∞! –±—ã—Å—Ç—Ä–æ, –∫–∞—á–µ—Å—Ç–≤–µ–Ω–Ω–æ, –∞–∫–∫—É—Ä–∞—Ç–Ω–æ. —Å–ø–∞—Å–∏–±–æ –±–æ–ª—å—à–æ–µ)",1,1,1,1,1,4230769,5,23.299999999999997
—Å–ø–∞—Å–∏–±–æ –±–æ–ª—å—à–æ–µ ! –æ–ø–µ—Ä–∞—Ç–∏–≤–Ω–æ –ø–æ–º–æ–≥–ª–∏ —Ä–µ—à–∏—Ç—å –≤–æ–ø—Ä–æ—Å .,1,0,0,0,1,4229497,5,19.1
—Å–∞–Ω—Ç–µ—Ö–Ω–∏–∫–∏ –ø—Ä–∏–µ—Ö–∞–ª–∏ –æ–ø–µ—Ä–∞—Ç–∏–≤–Ω–æ –∏ —É—Å—Ç—Ä–∞–Ω–∏–ª–∏ –ø—Ä–æ—Ç–µ—á–∫—É –≤ —Å–º–µ—Å–∏—Ç–µ–ª–µ. —Å–ø–∞—Å–∏–±–æ!,1,0,1,0,1,4228897,5,25.799999999999997
"—Å–ø–µ—Ü–∏–∞–ª–∏—Å—Ç –æ—Ç–ª–∏—á–Ω—ã–π, –≤–µ–∂–ª–∏–≤—ã–π –∏ –±—ã—Å—Ç—Ä–æ —Å–¥–µ–ª–∞–ª, —è –æ—á–µ–Ω—å –¥–æ–≤–æ–ª—å–Ω–∞.",1,0,1,1,1,4228768,5,23.5
"–±—ã—Å—Ç—Ä–æ —Ä–µ—à–∏–ª–∏ –ø—Ä–æ–±–ª–µ–º—É , —ç–ª–µ–∫—Ç—Ä–∏–∫–∏ –ø—Ä–∏—à–ª–∏ –ø–æ—á—Ç–∏ —Å—Ä–∞–∑—É –ø–æ—Å–ª–µ –∑–∞—è–≤–∫–∏ , —Å–ø–∞—Å–∏–±–æ, –±–æ–ª—å—à–æ–µ",1,0,1,0,1,4228491,5,30.900000000000002
–∑–¥—Ä–∞–≤—Å—Ç–≤—É–π—Ç–µ! —Å–ø–∞—Å–∏–±–æ –æ–≥—Ä–æ–º–Ω–æ–µ —Å–ø–µ—Ü–∏–∞–ª–∏—Å—Ç–∞–º –∑–∞ –±—ã—Å—Ç—Ä—ã–π –æ—Ç–≤–µ—Ç –∏ —Ä–µ—à–µ–Ω–∏–µ –Ω–∞—à–µ–π –ø—Ä–æ–±–ª–µ–º—ã!,1,0,1,0,1,4228481,5,30.599999999999998
–æ–ø–µ—Ä–∞—Ç–∏–≤–Ω–æ –∏ –±—ã—Å—Ç—Ä–æ! —Å—É–ø–µ—Ä –≤—Å–µ–≥–¥–∞ –±—ã —Ç–∞–∫,1,0,0,1,0,4228411,5,14.8
—Å–ø–∞—Å–∏–±–æ –±–æ–ª—å—à–æ–µ –∑–∞ –ø–æ–º–æ—â—å –≤ —Ä–µ—à–µ–Ω–∏–∏ –≤–æ–ø—Ä–æ—Å–∞.,0,0,0,0,1,4227850,5,16.0
"–Ω–∞ —ç—Ç–æ—Ç —Ä–∞–∑ –±—ã—Å—Ç—Ä–æ –æ—Ç–∫–ª—é—á–∏–ª–∏, —Å–ø–∞—Å–∏–±–æ!",1,0,0,0,1,4227759,5,14.000000000000002
"–æ—Ü–µ–Ω–∫–∞ –∑–∞ –æ–ø–µ—Ä–∞—Ç–∏–≤–Ω–æ—Å—Ç—å ‚Äî –æ—Ç–ª–∏—á–Ω–æ, –∑–∞ —É–±–æ—Ä–∫—É ‚Äî —Ö–æ—Ä–æ—à–æ. —Å–ø–∞—Å–∏–±–æ!",1,1,0,0,1,4227554,5,22.1
–æ–≥—Ä–æ–º–Ω–æ–µ —Å–ø–∞—Å–∏–±–æ! –≤–æ–ø—Ä–æ—Å –±—ã–ª —Ä–µ—à–µ–Ω –±—ã—Å—Ç—Ä–æ! —Å–ø–µ—Ü–∏–∞–ª–∏—Å—Ç –ø—Ä–æ—Ñ–µ—Å—Å–∏–æ–Ω–∞–ª –≤ —Å–≤–æ–µ–º –¥–µ–ª–µ!,1,0,1,0,1,4227035,5,29.5
"—Å–ø–∞—Å–∏–±–æ, —á—Ç–æ –±—ã—Å—Ç—Ä–æ –æ—Ç—Ä–µ–∞–≥–∏—Ä–æ–≤–∞–ª–∏. –ø—Ä–æ–±–ª–µ–º–∞ —Ä–µ—à–µ–Ω–∞.",1,0,0,0,1,4226802,5,18.199999999999996
"–ø—Ä–∏—è—Ç–Ω–æ —É–¥–∏–≤–ª–µ–Ω–∞. –≤–æ–ø—Ä–æ—Å —Ä–µ—à–∏–ª—Å—è –º–µ–Ω–µ–µ —á–µ–º –∑–∞ —Å—É—Ç–∫–∏! —Å–ø–∞—Å–∏–±–æ, —Ç–∞–∫ –∫—Ä–∞—Å–∏–≤–æ —Ç–µ–ø–µ—Ä—å –∏ –Ω–∏—á–µ–≥–æ –Ω–µ –æ—Ç—Ä–∞–≤–ª—è–µ—Ç –≤–æ–∑–¥—É—Ö –∏ –Ω–µ –ø–æ—Ä—Ç–∏—Ç –≤–∏–¥!!",1,1,0,1,1,4226734,5,45.4
—Å–ø–∞—Å–∏–±–æ –±–æ–ª—å—à–æ–µ —á—Ç–æ –µ—Å—Ç—å —Å–ø–µ—Ü–∏–∞–ª–∏—Å—Ç—ã –≤ —É–∫ –∫–æ—Ç–æ—Ä—ã–º –Ω–µ–±–µ–∑—Ä–∞–∑–ª–∏—á–Ω–æ!! —Å–ø–∞—Å–∏–±–æ –∫—É–ø—Ä–∏—è–Ω–æ–≤—É –∏.–∏.,0,0,1,0,1,4226636,5,30.9
–±—ã—Å—Ç—Ä–æ –∏—Å–ø—Ä–∞–≤–∏–ª–∏ –ø—Ä–∏—á–∏–Ω—É —à—É–º–∞ —â–∏—Ç–∫–∞. —Å–ø–∞—Å–∏–±–æ –∑–∞ –æ–ø–µ—Ä–∞—Ç–∏–≤–Ω–æ—Å—Ç—å,1,0,0,0,1,4226443,5,22.3
"—Å–ø–∞—Å–∏–±–æ –±–æ–ª—å—à–æ–µ –∑–∞ —Ä–∞–∑—ä—è—Å–Ω–µ–Ω–∏—è,—Ç–µ–ø–µ—Ä—å –≤—Å–µ —è—Å–Ω–æ –∏ –ø–æ–Ω—è—Ç–Ω–æ.",0,0,0,0,1,4226268,5,20.0
–æ–ø–µ—Ä–∞—Ç–∏–≤–Ω–æ –æ—Ç—Ä–µ–∞–≥–∏—Ä–æ–≤–∞–ª–∏ –±—ã—Å—Ç—Ä–æ —Å–¥–µ–ª–∞–ª–∏ —Å–ø–∞—Å–∏–±–æ,1,0,0,0,1,4226175,5,17.1
—Å–ø–∞—Å–∏–±–æ! –∞–ª–µ–∫—Å–∞–Ω–¥—Ä –≤—Å–µ –æ–ø–µ—Ä–∞—Ç–∏–≤–Ω–æ –≤—ã–ø–æ–ª–Ω–∏–ª. –æ—á–µ–Ω—å –≤–Ω–∏–º–∞—Ç–µ–ª—å–Ω–æ –∏ —É–≤–∞–∂–∏—Ç–µ–ª—å–Ω–æ –∏—Å–ø–æ–ª–Ω–∏–ª –∑–∞–∫–∞–∑.,1,0,1,1,1,4225724,5,32.300000000000004
"–æ—á–µ–Ω—å –æ–ø–µ—Ä–∞—Ç–∏–≤–Ω–æ —Ä–µ—à–∏–ª–∏ –≤–æ–ø—Ä–æ—Å, —Å–ø–∞—Å–∏–±–æ!",1,0,0,0,1,4225626,5,15.0
"–≤—Å—ë –±—ã–ª–æ —Å–¥–µ–ª–∞–Ω–æ –±—ã—Å—Ç—Ä–æ –∏ –∫–∞—á–µ—Å—Ç–≤–µ–Ω–Ω–æ, –æ–≥—Ä–æ–º–Ω–æ–µ —Å–ø–∞—Å–∏–±–æ –º–∞—Å—Ç–µ—Ä—É",1,1,1,0,1,4225032,5,23.099999999999998
"—Å–ø–∞—Å–∏–±–æ –±–æ–ª—å—à–æ–µ!!! –≤—Å—ë –æ—á–µ–Ω—å –æ–ø–µ—Ä–∞—Ç–∏–≤–Ω–æ! –ø—Ä–∏—è—Ç–Ω–æ, –∫–æ–≥–¥–∞ –Ω–∞—Å —Å–ª—ã—à–∞—Ç –∏ –ø–æ–Ω–∏–º–∞—é—Ç. –≤—Å–µ–≥–æ –¥–æ–±—Ä–æ–≥–æ!",1,0,1,1,1,4223869,5,32.9
"—Å–∞–Ω—Ç–µ—Ö–Ω–∏–∫ –ø—Ä–∏—à–µ–ª –≤ –¥–µ–Ω—å –æ–± –æ–±—Ä–∞—â–µ–Ω–∏—è, –≤–æ–ø—Ä–æ—Å —Ä–µ—à–µ–Ω –Ω–∞ –º–µ—Å—Ç–µ, —Å–ø–∞—Å–∏–±–æ –∑–∞ –æ–ø–µ—Ä–∞—Ç–∏–≤–Ω–æ—Å—Ç—å.",1,0,1,0,1,4223661,5,30.900000000000002
–±—ã—Å—Ç—Ä–æ –∏ –æ–ø–µ—Ä–∞—Ç–∏–≤–Ω–æ –ø–æ–º–æ–≥–ª–∏ —Ä–µ—à–∏—Ç—å –≤–æ–ø—Ä–æ—Å!,1,0,0,0,1,4223142,5,15.700000000000001
"—Å–µ—Ä–≥–µ–π –Ω–∞—Å—Ç–æ—è—â–∏–π –ø—Ä–æ—Ñ–∏! –≤—Å–µ —á–µ—Ç–∫–æ –∏ –ø–æ –¥–µ–ª—É, –æ—á–µ–Ω—å —Ä–∞–¥–∞, —á—Ç–æ –∏–º–µ–Ω–Ω–æ –µ–º—É –¥–æ—Å—Ç–∞–ª–∞—Å—å –Ω–∞—à–∞ –∑–∞—è–≤–∫–∞, —Å–ø–∞—Å–∏–±–æ!",0,0,1,1,1,4222643,5,36.8
"–æ—á–µ–Ω—å –≤–µ–∂–ª–∏–≤—ã–π, –∫–æ–Ω—Ç–∞–∫—Ç–Ω—ã–π –º–∞—Å—Ç–µ—Ä. —Ç–æ–ª—å–∫–æ –ø–æ–ª–æ–∂–∏—Ç–µ–ª—å–Ω—ã–µ –≤–ø–µ—á–∞—Ç–ª–µ–Ω–∏—è –æ—Ç –ø–æ–¥—Ö–æ–¥–∞ –∫ —Ä–∞–±–æ—Ç–µ –∏ –µ–µ –≤—ã–ø–æ–ª–Ω–µ–Ω–∏—é.",0,0,1,1,1,4222607,5,36.49999999999999
—Å–∞–Ω—Ç–µ—Ö–Ω–∏–∫ –∞–Ω–¥—Ä–µ–π –∫–∞—á–µ—Å—Ç–≤–µ–Ω–Ω–æ –≤—ã–ø–æ–ª–Ω–∏–ª —Å–≤–æ—é —Ä–∞–±–æ—Ç—É.,0,1,1,0,1,4222340,5,18.0
"—Å–ø–∞—Å–∏–±–æ, –æ—á–µ–Ω—å –±—ã—Å—Ç—Ä–æ —Ä–µ—à–∏–ª–∏ –≤–æ–ø—Ä–æ—Å –ø–æ –∑–∞—è–≤–∫–µ!",1,0,0,0,1,4221917,5,17.4
"–±–æ–ª—å—à–æ–µ —Å–ø–∞—Å–∏–±–æ, –≤—Å–µ –ø–æ—á–∏–Ω–∏–ª–∏ –æ—á–µ–Ω—å –æ–ø–µ—Ä–∞—Ç–∏–≤–Ω–æ!",1,0,0,1,0,4221077,5,16.700000000000003
"–±–ª–∞–≥–æ–¥–∞—Ä—é —Ä–æ—Å—Ç–∏—Å–ª–∞–≤–∞, –±—ã—Å—Ç—Ä–æ –∏ –∫–∞—á–µ—Å—Ç–≤–µ–Ω–Ω–æ –∑–∞–º–µ–Ω–∏–ª —Ä–µ–∑–∏–Ω–∫—É –º–∞–Ω–∂–µ—Ç—É –≤ —Å—Ç–∏—Ä–∞–ª—å–Ω–æ–π –º–∞—à–∏–Ω–µ.",1,1,1,1,0,4220856,5,30.999999999999996
"–ø—Ä–µ–∫—Ä–∞—Å–Ω—ã–π –º–∞—Å—Ç–µ—Ä. –≤—Å–µ –æ–ø–µ—Ä–∞—Ç–∏–≤–Ω–æ —Ä–µ—à–∏–ª, –±–ª–∞–≥–æ–¥–∞—Ä—é !",1,0,1,1,1,4220642,5,19.2
—Å–ø–∞—Å–∏–±–æ –∑–∞ –æ–ø–µ—Ä–∞—Ç–∏–≤–Ω–æ—Å—Ç—å –∑–∞ –±—ã—Å—Ç—Ä—É—é –æ–±—Ä–∞—Ç–Ω—É—é —Å–≤—è–∑—å,1,0,0,0,0,4220372,5,17.9
"–±—ã—Å—Ç—Ä–æ, –æ–ø–µ—Ä–∞—Ç–∏–≤–Ω–æ, —Å–æ—Ç—Ä—É–¥–Ω–∏–∫ –ø—Ä–∏–±—ã–ª –∫–∞–∫ –ø–æ —Ç–∞–π–º–µ—Ä—É. —Å–ø–∞—Å–∏–±–æ!",1,0,1,0,0,4220220,5,22.1
–±–ª–∞–≥–æ–¥–∞—Ä—é! –≤–æ–ø—Ä–æ—Å –±—ã–ª –æ–ø–µ—Ä–∞—Ç–∏–≤–Ω–æ —Ä–µ—à–µ–Ω,1,0,0,1,1,4219996,5,14.3
"–¥–æ–≤–æ–¥—á–∏–∫ –∑–∞–º–µ–Ω–∏–ª–∏ –≤ —Ç–æ—Ç –∂–µ –¥–µ–Ω—å, —Å–ø–∞—Å–∏–±–æ.",1,0,0,1,1,4219754,5,14.8
"—Å–ø–∞—Å–∏–±–æ –º–∞—Å—Ç–µ—Ä—É, –ø–æ—á–∏–Ω–∏–ª –≤—Å—ë –±—ã—Å—Ç—Ä–æ –∏ –ø—Ä–æ—Ñ–µ—Å—Å–∏–æ–Ω–∞–ª—å–Ω–æ, –ø–æ—Å—Ç–∞–≤–∏–ª –Ω–æ–≤—ã–π –¥–æ–≤–æ–¥—á–∏–∫. –¥–≤–µ—Ä—å —Ç–µ–ø–µ—Ä—å –∑–∞–∫—Ä—ã–≤–∞–µ—Ç—Å—è, —Ç–µ–ø–ª–æ–ø–æ—Ç–µ—Ä—å –Ω–µ—Ç.",1,1,1,1,1,4219518,5,43.2
"—Å–ø–∞—Å–∏–±–æ –±–æ–ª—å—à–æ–µ —á—Ç–æ —É—Å–ª—ã—à–∞–ª–∏, —É–±—Ä–∞–ª–∏ –≤–æ–∑–ª–µ 38/1 –º—É—Å–æ—Ä.—Ç–µ–ø–µ—Ä—å —Ö–æ—Ç—å —Ä—è–¥–æ–º —Å –±–∞–Ω–∫–∞–º–∏ –±—Ä–æ—Å–∞—Ç—å –Ω–µ –±—É–¥—É—Ç –ª—é–¥–∏ –º—É—Å–æ—Ä!",0,0,0,1,1,4219489,5,38.49999999999999
—ç–ª–µ–∫—Ç—Ä–∏–∫ –≤—Å–µ –æ—Ç–ª–∏—á–Ω–æ –æ–±—ä—è—Å–Ω–∏–ª –∏ –ø–æ–º–æ–≥ —É—Å—Ç—Ä–∞–Ω–∏—Ç—å –ø—Ä–æ–±–ª–µ–º—É. –æ—á–µ–Ω—å –ø—Ä–æ—Ñ–µ—Å—Å–∏–æ–Ω–∞–ª—å–Ω–æ. –º–æ–ª–æ–¥–µ—Ü.,0,1,1,1,1,4219378,5,31.599999999999998
"—Ö–æ—Ç—å —Ñ–æ—Ç–æ –Ω–µ —ç—Ç–æ–≥–æ –º–µ—Å—Ç–∞, –Ω–æ –ø–æ–¥—Ç–≤–µ—Ä–∂–¥–∞—é —á—Ç–æ —Ä–∞–±–æ—Ç–∞ –≤—ã–ø–æ–ª–Ω–µ–Ω–∞ –∏ –≥–ª–∞–≤–Ω–æ–µ –≤—ã–ø–æ–ª–Ω–µ–Ω–∞ –æ–ø–µ—Ä–∞—Ç–∏–≤–Ω–æ.",1,0,0,1,1,4219364,5,32.599999999999994
—Å–ø–∞—Å–∏–±–æ! –æ–ø–µ—Ä–∞—Ç–∏–≤–Ω–æ –ø–æ–ª—É—á–µ–Ω—ã –ø–æ —ç–ª–µ–∫—Ç—Ä–æ–Ω–Ω–æ–π –ø–æ—á—Ç–µ.,1,0,0,1,1,4219271,5,17.6
—ç–ª–µ–∫—Ç—Ä–∏–∫ —Å–ø—Ä–∞–≤–∏–ª—Å—è —Å –ø—Ä–æ–±–ª–µ–º–æ–π –∑–∞ 5–º–∏–Ω—É—Ç –º–æ–ª–æ–¥–µ—Ü,1,0,1,1,1,4218908,5,17.2
–æ—á–µ–Ω—å –æ–ø–µ—Ä–∞—Ç–∏–≤–Ω–æ —Ä–µ—à–∏–ª–∏ –ø—Ä–æ–±–ª–µ–º—É –∏ –≤–æ—Å—Å—Ç–∞–Ω–æ–≤–∏–ª–∏ –æ—Å–≤–µ—â–µ–Ω–∏–µ –≤ —Ö–æ–ª–ª–µ.,1,0,0,1,1,4218859,5,23.9
