id,rating,comment,–ù—Ä–∞–≤–∏—Ç—Å—è —Å–∫–æ—Ä–æ—Å—Ç—å –æ—Ç—Ä–∞–±–æ—Ç–∫–∏ –∑–∞—è–≤–æ–∫,–ù—Ä–∞–≤–∏—Ç—Å—è –∫–∞—á–µ—Å—Ç–≤–æ –≤—ã–ø–æ–ª–Ω–µ–Ω–∏—è –∑–∞—è–≤–∫–∏,–ù—Ä–∞–≤–∏—Ç—Å—è –∫–∞—á–µ—Å—Ç–≤–æ —Ä–∞–±–æ—Ç—ã —Å–æ—Ç—Ä—É–¥–Ω–∏–∫–æ–≤,–ü–æ–Ω—Ä–∞–≤–∏–ª–æ—Å—å –≤—ã–ø–æ–ª–Ω–µ–Ω–∏–µ –∑–∞—è–≤–∫–∏,–í–æ–ø—Ä–æ—Å —Ä–µ—à–µ–Ω,original_rating,is_positive,comment_length,word_count,unique_words,speed_keywords,quality_keywords,staff_keywords,execution_keywords,solved_keywords,selection_score
3627490,5,—Å–ø–∞—Å–∏–±–æ —É–ø—Ä–∞–≤–ª—è—é—â–µ–π –∫–æ–º–ø–∞–Ω–∏–∏ –∑–∞ —Ç–æ —á—Ç–æ –ø—Ä–∏—Å–ª–∞–ª–∏ –≥—Ä–∞–º–æ—Ç–Ω–æ–≥–æ —Å–ø–µ—Ü–∏–∞–ª–∏—Å—Ç–∞ –∏ –±—ã—Å—Ç—Ä–æ –æ—Ç—Ä–µ–∞–≥–∏—Ä–æ–≤–∞–ª–∏ –Ω–∞ –∑–∞—è–≤–∫—É,,,,,,5,True,103,8,14,1,0,2,0,0,36.199999999999996
3716702,5,–û—á–µ–Ω—å —Ä–∞–¥—É–µ—Ç —Ä–∞–±–æ—Ç–∞ –£–ö. –û–ø–µ—Ä–∞—Ç–∏–≤–Ω–æ! –°–ø–∞—Å–∏–±–æ!,,,,,,5,True,44,5,6,1,0,1,0,0,15.999999999999998
3749719,5,"–í—ã–ø–æ–ª–Ω–∏–ª–∏ –æ—Ç–ª–∏—á–Ω–æ , –æ–±—Ä–∞–±–æ—Ç–∫–∞ –∑–∞—è–≤–∫–∏ –±—ã–ª–∞ —Å–ª–∏—à–∫–æ–º –¥–æ—Ä–æ–≥–æ–π",,,,,,5,True,57,7,8,0,0,0,1,0,20.4
3834081,5,"–ü—Ä–æ–±–ª–µ–º–∞ —Ä–µ—à–µ–Ω–∞, —Ä—É—á–∫–∏ –Ω–∞ –æ–∫–Ω–∞ –ø–æ—Å—Ç–∞–≤–∏–ª–∏. –°–ø–∞—Å–∏–±–æ –∑–∞ –æ–±—Ä–∞—Ç–Ω—É—é —Å–≤—è–∑—å!",,,,,,5,True,68,7,10,0,0,1,0,1,24.4
3842440,5,"–ú–∏—Ö–∞–∏–ª –æ—Ç–ª–∏—á–Ω—ã–π –º–∞—Å—Ç–µ—Ä —Å–≤–æ–µ–≥–æ –¥–µ–ª–∞. –°–¥–µ–ª–∞–ª –±—ã—Å—Ç—Ä–æ, —á–∏—Å—Ç–æ, –¥–∞–ª —Ä–µ–∫–æ–º–µ–Ω–¥–∞—Ü–∏–∏)",,,,,,5,True,75,10,10,1,0,1,1,0,27.4
3844645,5,"–ø—Ä–æ—Ñ–µ—Å—Å–∏–æ–Ω–∞–ª—å–Ω–æ, –±—ã—Å—Ç—Ä–æ. –æ—á–µ–Ω—å –ø—Ä–∏—è—Ç–Ω—ã–π –º–∞—Å—Ç–µ—Ä",,,,,,5,True,46,5,5,1,1,1,0,0,16.7
3846831,5,"–°–ø–∞—Å–∏–±–æ, –≤–æ–ø—Ä–æ—Å —Ä–µ—à–∏–ª–∏, –≤—Å—ë —Å—Ç–∞–ª–æ –Ω–æ—Ä–º–∞–ª—å–Ω–æ",,,,,,5,True,43,4,6,0,0,1,0,2,15.800000000000002
3848236,5,–¢–∞—Ç—å—è–Ω–∞ –í–ª–∞–¥–∏–º–∏—Ä–æ–≤–Ω–∞ –±–æ–ª—å—à–æ–µ –≤–∞–º —Å–ø–∞—Å–∏–±–æ!!!!,,,,,,5,True,44,4,5,0,0,1,0,0,15.3
3852179,5,–û–≥—Ä–æ–º–Ω–æ–µ —Å–ø–∞—Å–∏–±–æ –≤–∞–º –æ—Ç –≤—Å–µ–≥–æ –ø–æ–¥—ä–µ–∑–¥–∞!!! ))))),,,,,,5,True,47,4,7,0,0,1,0,0,16.6
3859780,5,"—Å–ø–∞—Å–∏–±–æ, –í–∞–º, —Å—Ä–µ–∞–≥–∏—Ä–æ–≤–∞–ª–∏ –æ–ø–µ—Ä–∞—Ç–∏–≤–Ω–æ/–±—ã—Å—Ç—Ä–æ, –∞ —Ç–∞–∫ –∂–µ –≤—Å—ë –≤—Ä–µ–º—è –±—ã–ª–∏ –Ω–∞ —Å–≤—è–∑–∏ü§ù",,,,,,5,True,79,4,12,2,0,1,0,0,27.799999999999997
3863351,5,"–°–ø–∞—Å–∏–±–æ! –ü–æ –∫—Ä–∞–π–Ω–µ–π –º–µ—Ä–µ, –ø–æ –Ω–æ—á–∞–º –ø–æ–∫–∞ —à—É–º–∞ –Ω–µ —Å–ª—ã—à–Ω–æ.",,,,,,5,True,55,6,9,0,0,1,0,0,19.8
3872124,5,"–ë–æ–ª—å—à–æ–µ —Å–ø–∞—Å–∏–±–æ –ê–ª–µ–∫—Å–∞–Ω–¥—Ä—É,–∑–∞ –æ–ø–µ—Ä–∞—Ç–∏–≤–Ω–æ—Å—Ç—å –∏ –ø—Ä–æ—Ñ–µ—Å—Å–∏–æ–Ω–∞–ª–∏–∑–º",,,,,,5,True,61,4,6,1,1,1,0,0,21.2
3877901,5,"–ú–∞—Å—Ç–µ—Ä –±—ã—Å—Ç—Ä–æ —Ä–µ—à–∏–ª –ø—Ä–æ–±–ª–µ–º—É!–í—Å—ë –∏—Å–ø—Ä–∞–≤–∏–ª,–æ—á–µ–Ω—å –¥–æ–≤–æ–ª—å–Ω–∞!–°–ø–∞—Å–∏–±–æ!",,,,,,5,True,65,7,6,1,0,2,0,3,23.9
3878088,5,"–≤—ã—Ç—è–∂–∫–∞ –∑–∞—Ä–∞–±–æ—Ç–∞–ª–∞ - —Å–ø–∞—Å–∏–±–æ. –æ—Ç–¥–µ–ª—å–Ω–æ–µ —Å–ø–∞—Å–∏–±–æ –º–∞—Å—Ç–µ—Ä—É, –∫–æ—Ç–æ—Ä—ã–π —Å–æ–æ–±—â–∏–ª, —á—Ç–æ –Ω–µ—Ç –ø—Ä–∏—á–∏–Ω, –ø—Ä–µ–ø—è—Ç—Å—Ç–≤—É—é—â–∏—Ö –ø–æ–¥–∫–ª—é—á–µ–Ω–∏—é –≤—ã—Ç—è–∂–∫–∏ –∫ –¥–æ–º–æ–≤–æ–π –≤–µ–Ω—Ç–∏–ª—è—Ü–∏–∏",,,,,,5,True,145,13,18,0,0,2,0,0,50.300000000000004
3879856,5,–í—Å—ë –æ—á–µ–Ω—å —á–µ—Ç–∫–æ –æ—Ä–≥–∞–Ω–∏–∑–æ–≤–∞–Ω–æ! –ë–æ–ª—å—à–æ–µ —Å–ø–∞—Å–∏–±–æ –∑–∞ —Ä–∞–±–æ—Ç—É!,,,,,,5,True,56,5,8,0,0,1,0,0,19.700000000000003
3880345,5,–°–ø–∞—Å–∏–±–æ –í–∞–º –±–æ–ª—å—à–æ–µ –∏ –∑–∞ –¥–≤–µ—Ä—å –∏ –∑–∞ –Ω–æ–º–µ—Ä–∞ –∫–≤–∞—Ä—Ç–∏—Ä!,,,,,,5,True,51,5,8,0,0,1,0,0,18.2
3881004,5,"–í –¥–µ–Ω—å —Å–æ–∑–¥–∞–Ω–∏—è –∑–∞—è–≤–∫–∏ , —Ä–∞–±–æ—á–∏–µ –æ–ø–µ—Ä–∞—Ç–∏–≤–Ω–æ –ø—Ä–∏—à–ª–∏ –∏ –≤–µ—Å—å —É–∂–∞—Å —É–±—Ä–∞–ª–∏ , –æ–≥—Ä–æ–º–Ω–∞—è –±–ª–∞–≥–æ–¥–∞—Ä–Ω–æ—Å—Ç—å !",,,,,,5,True,96,11,15,1,0,1,0,0,34.6
3881636,5,"—Å–ø–∞—Å–∏–±–æ, —Ä–µ—à–∏–ª–∏ –º–æ–π –≤–æ–ø—Ä–æ—Å –Ω–∞ –º–µ—Å—Ç–µ –≤ –æ—Ñ–∏—Å–µ",,,,,,5,True,43,5,8,0,0,1,0,2,16.4
3882840,5,"–°–ø–∞—Å–∏–±–æ –±–æ–ª—å—à–µ –û–ª—å–≥–µ –ü—Ç—É—à–∫–∏–Ω–µ, –∑–∞ –ø—Ä–æ–¥–µ–ª–∞–Ω–Ω—É—é —Ä–∞–±–æ—Ç—É!",,,,,,5,True,53,5,7,0,0,1,0,0,18.599999999999998
3883200,5,"–≤—Å—ë —Å–¥–µ–ª–∞–ª–∏ —Ö–æ—Ä–æ—à–æ, –ø–æ—á–∏–Ω–∏–ª–∏ –≤–æ–≤—Ä–µ–º—è. –Ω–∞–≤–µ—Ä–Ω–æ–µ, –º–æ–ª–æ–¥—Ü—ã.",,,,,,5,True,56,5,7,0,0,0,1,0,19.5
3883745,5,"–ú–∞—Å—Ç–µ—Ä –ê–Ω–¥—Ä–µ–π –ø–æ–º–æ–≥ –ø–æ–¥–æ–±—Ä–∞—Ç—å –æ–±–æ—Ä—É–¥–æ–≤–∞–Ω–∏–µ (–∫—Ä–∞–Ω—ã/–ø–µ—Ä–µ—Ö–æ–¥–Ω–∏–∫–∏) –¥–ª—è –ø–æ–¥–∫–ª—é—á–µ–Ω–∏—è, –±—ã—Å—Ç—Ä–æ –∏ –∫–∞—á–µ—Å—Ç–≤–µ–Ω–Ω–æ –ø—Ä–æ–∏–∑–≤–µ–ª –ø–æ–¥–∫–ª—é—á–µ–Ω–∏–µ —Å—Ç–∏—Ä–∞–ª—å–Ω–æ–π –º–∞—à–∏–Ω–∫–∏. –û–≥—Ä–æ–º–Ω–æ–µ –µ–º—É —Å–ø–∞—Å–∏–±–æ.",,,,,,5,True,163,14,18,1,1,2,0,0,56.5
3884964,5,–£–º–µ–ª–æ –ø–æ–¥–∫—Ä—É—Ç–∏–ª–∏ —Ä–µ–¥—É–∫—Ç–æ—Ä—ã –¥–∞–≤–ª–µ–Ω–∏—è. –ú–æ–ª–æ–¥–µ—Ü!,,,,,,5,True,45,5,5,0,0,1,0,0,15.8
3886150,5,"–ø—Ä–æ–±–ª–µ–º—ã –∫–∞–∫ —Ç–∞–∫–æ–≤–æ–π –Ω–µ –±—ã–ª–æ, —è –≤ –ø—Ä–æ—Ü–µ—Å—Å–µ –ø–æ–∏—Å–∫–∞ —Å—Ç—Ä–∞—Ö –∫–æ–º–ø–∞–Ω–∏–∏ –∏ –≤—Å–µ–≥–æ –ª–∏—à—å. –°–ø–∞—Å–∏–±–æ —Å–æ—Ç—Ä—É–¥–Ω–∏–∫–∞–º",,,,,,5,True,98,10,16,0,0,2,0,1,35.5
3886231,5,"–±—ã—Å—Ç—Ä–æ, —á—ë—Ç–∫–æ, –±–µ–∑ –ø—Ä–æ–±–ª–µ–º. –æ–¥–Ω–æ —Å–ª–æ–≤–æ - –º–∞—Å—Ç–µ—Ä!",,,,,,5,True,48,6,8,1,0,1,0,1,18.099999999999998
3886923,5,"—Å–µ–≥–æ–¥–Ω—è –µ–∑–¥–∏–ª, –≤—Å–µ –∏—Å–ø—Ä–∞–≤–Ω–æ —Ä–∞–±–æ—Ç–∞–µ—Ç, —Å–ø–∞—Å–∏–±–æ!",,,,,,5,True,46,4,6,0,0,1,0,0,16.1
3887422,5,"–°–µ—Ä–≤–∏—Å –Ω–∞ –≤—ã—Å–æ—Ç–µ, –º–∞—Å—Ç–µ—Ä - –ø—Ä–æ—Ñ–µ—Å—Å–∏–æ–Ω–∞–ª",,,,,,5,True,39,4,6,0,2,1,0,0,14.6
3888354,5,"–°–ø–∞—Å–∏–±–æ —Å–∞–Ω—Ç–µ—Ö–Ω–∏–∫—É –ê–ª–µ–∫—Å–µ—é, –≤—Å–µ —Å–¥–µ–ª–∞–Ω–æ –∫–∞—á–µ—Å—Ç–≤–µ–Ω–Ω–æ",,,,,,5,True,51,4,6,0,1,1,0,0,17.9
3888539,5,"–û–≥—Ä–æ–º–Ω–æ–µ —á–µ–ª–æ–≤–µ—á–µ—Å–∫–æ–µ —Å–ø–∞—Å–∏–±–æ –∑–∞ –æ–ø–µ—Ä–∞—Ç–∏–≤–Ω–æ—Å—Ç—å –≤—ã–ø–æ–ª–Ω–µ–Ω–∏—è —Ä–∞–±–æ—Ç—ã –Ω–∞—à–µ–º—É –¥–µ–∂—É—Ä–Ω–æ–º—É —Å–∞–Ω—Ç–µ—Ö–Ω–∏–∫—É, –ø—Ä–∏–±—ã–≤—à–µ–º—É –≤ –≤–æ—Å–∫—Ä–µ—Å–µ–Ω—å–µ —á–µ—Ä–µ–∑ 20 –º–∏–Ω—É—Ç –ø–æ—Å–ª–µ –Ω–∞–ø–∏—Å–∞–Ω–∏—è –∑–∞—è–≤–∫–∏! –í—Å–µ —Ä–µ—à–∏–ª–æ—Å—å –Ω–∞–∏–ª—É—á—à–∏–º –æ–±—Ä–∞–∑–æ–º! –í–æ—Ç —Ç–∞–∫ –±—ã –≤—Å–µ –≤–æ–ø—Ä–æ—Å—ã –æ–ø–µ—Ä–∞—Ç–∏–≤–Ω–æ —Ä–µ—à–∞–ª–∏—Å—å!!!",,,,,,5,True,235,19,29,1,0,1,0,2,81.3
3888591,5,–û—á–µ–Ω—å –æ–ø–µ—Ä–∞—Ç–∏–≤–Ω–æ –∏ –Ω–∏–∫—É–¥–∞ –Ω–µ –ø—Ä–∏—à–ª–æ—Å—å —Ö–æ–¥–∏—Ç—å.,,,,,,5,True,45,5,7,1,0,0,0,0,16.2
3888794,5,"–æ–ø–µ—Ä–∞—Ç–∏–≤–Ω–æ, –∫–∞—á–µ—Å—Ç–≤–µ–Ω–Ω–æ, –≤–æ–ø—Ä–æ—Å–æ–≤ –Ω–µ –≤–æ–∑–Ω–∏–∫–ª–æ. –°–ø–∞—Å–∏–±–æ.",,,,,,5,True,55,4,6,1,1,1,0,1,19.7
3889542,5,–ü–µ—Ä–≤—ã–π —Ä–∞–∑ –≤—ã —Ä–µ—à–∏–ª–∏ –≤–æ–ø—Ä–æ—Å –±—ã—Å—Ç—Ä–æ,,,,,,5,True,34,6,6,1,0,0,0,2,13.499999999999998
3890275,5,–æ—Ç–ª–∏—á–Ω–∞—è —Ä–∞–±–æ—Ç–∞. —Ç–µ–ø–µ—Ä—å –¥–≤–µ—Ä—å –∑–∞–∫—Ä—ã–≤–∞–µ—Ç—Å—è –ø–ª–∞–≤–Ω–æ. —Å–ø–∞—Å–∏–±–æ.,,,,,,5,True,58,6,7,0,0,1,0,0,20.299999999999997
3890678,5,–ê–ª–µ–∫—Å–∞–Ω–¥—Ä—É —Å–ø–∞—Å–∏–±–æ –∑–∞ –æ–±—ä—è—Å–Ω–µ–Ω–∏–µ –ø—Ä–∏—á–∏–Ω—ã –±—É–ª—å–∫–∞–Ω—å—è !,,,,,,5,True,52,4,7,0,0,1,0,0,18.099999999999998
3891095,5,–º–∞—Å—Ç–µ—Ä —Å–¥–µ–ª–∞–ª –≤—Å–µ –æ—á–µ–Ω—å –±—ã—Å—Ç—Ä–æ –∏ –∞–∫–∫—É—Ä–∞—Ç–Ω–æ,,,,,,5,True,42,5,7,1,1,1,1,0,16.2
3891325,5,–û—á–µ–Ω—å –≤–µ–∂–ª–∏–≤—ã–π –∏ –ø—Ä–æ—Ñ–µ—Å—Å–∏–æ–Ω–∞–ª—å–Ω—ã–π –º–∞—Å—Ç–µ—Ä. –£—Å—Ç—Ä–∞–Ω–∏–ª –≤—Å–µ –Ω–µ–¥–æ—á–µ—Ç—ã –æ–ø–µ—Ä–∞—Ç–∏–≤–Ω–æ –∏ –∫–∞—á–µ—Å—Ç–≤–µ–Ω–Ω–æ. –ü—Ä–æ—Å—Ç–æ –æ—Ç–ª–∏—á–Ω–æ. –°–ø–∞—Å–∏–±–æ,,,,,,5,True,113,9,13,1,2,2,0,1,40.099999999999994
3891489,5,"–°–ø–∞—Å–∏–±–æ —Å–ø–µ—Ü–∏–∞–ª–∏—Å—Ç—É –†–æ–º–∞–Ω—É, –∫–æ—Ç–æ—Ä—ã–π –ø–æ–º–æ–≥ –º–Ω–µ –Ω–∞–∫–æ–Ω–µ—Ü-—Ç–æ —Ä–µ—à–∏—Ç—å –º–æ–π –≤–æ–ø—Ä–æ—Å! –û—á–µ–Ω—å –≥—Ä–∞–º–æ—Ç–Ω—ã–π –∏ –≤–µ–∂–ª–∏–≤—ã–π —Å–ø–µ—Ü–∏–∞–ª–∏—Å—Ç)",,,,,,5,True,114,12,15,0,0,2,0,1,40.49999999999999
3891568,5,—Å–ø–∞—Å–∏–±–æ! –≤ —Ç–æ—Ç –∂–µ –¥–µ–Ω—å —ç–ª–µ–∫—Ç—Ä–∏–∫ —Ä–µ—à–∏–ª –ø—Ä–æ–±–ª–µ–º—É.,,,,,,5,True,47,5,8,0,0,1,0,2,17.599999999999998
3891612,5,"–õ–∏—Ñ—Ç –∏ –ø–æ–ª—ã –ø–æ–º—ã–ª–∏ , –±–æ–ª—å—à–æ–µ —Å–ø–∞—Å–∏–±–æ –∑–∞ —É–±–æ—Ä–∫—É ! –ñ–¥—ë–º —É—Å—Ç–∞–Ω–æ–≤–∫—É –∑–µ—Ä–∫–∞–ª –≤ –ª–∏—Ñ—Ç–∞—Ö",,,,,,5,True,79,9,15,0,0,1,0,0,28.8
3892115,5,–°–ø–∞—Å–∏–±–æ –±–æ–ª—å—à–æ–µ –∑–∞ –í–∞—à—É –±—ã—Å—Ç—Ä—É—é –∏ –ø—Ä–æ—Ñ–µ—Å—Å–∏–æ–Ω–∞–ª—å–Ω—É—é –ø–æ–º–æ—â—å.,,,,,,5,True,58,5,8,1,1,1,0,0,20.9
3892189,5,"–í—Å–µ –±—ã—Å—Ç—Ä–æ, –Ω–µ —Å–º–æ—Ç—Ä—è –Ω–∞ –ø–æ–∑–¥–Ω–∏–π —á–∞—Å.",,,,,,5,True,37,4,7,1,0,0,0,0,13.600000000000001
3892432,5,–æ—Ç–≤–µ—Ç –±—ã–ª –ø—Ä–µ–¥–æ—Å—Ç–∞–≤–ª–µ–Ω –æ–ø–µ—Ä–∞—Ç–∏–≤–Ω–æ –∏ –≤ –ø–æ–ª–Ω–æ–º –æ–±—ä–µ–º–µ,,,,,,5,True,51,6,8,1,0,0,0,0,18.400000000000002
3892474,5,"–°–ø–∞—Å–∏–±–æ –æ–≥—Ä–æ–º–Ω–æ–µ, –Ω–∞–ø–æ—Ä —Å—Ç–∞–ª –æ—Ç–ª–∏—á–Ω—ã–º!",,,,,,5,True,38,4,5,0,0,1,0,0,13.500000000000002
3892548,5,–°–ø–∞—Å–∏–±–æ) —Ç–∞–º –ø—Ä–∞–≤–¥–∞ –≤—Å–µ —É–±—Ä–∞–ª–∏ –∏ —Å—Ç–∞–ª–æ –ø—Ä—è–º —á–∏—Å—Ç–æ) –µ—Å–ª–∏ –º–æ–∂–µ—Ç–µ –µ—â–µ –æ—Ç–º—ã—Ç—å –ø—è—Ç–Ω–∞ —á–µ–≥–æ-—Ç–æ‚Ä¶ –±—É–¥—É –æ—á–µ–Ω—å –≤–∞–º –ø—Ä–∏–∑–Ω–∞—Ç–µ–ª–µ–Ω) –≤–æ–∑–º–æ–∂–Ω–æ —Ç–∞–º –Ω—É–∂–Ω–∞ –Ω–µ —Ç–æ–ª—å–∫–æ —Ç—Ä—è–ø–∫–∞),,,,,,5,True,153,16,24,0,0,1,0,0,54.2
3892591,5,–°–ø–∞—Å–∏–±–æ –º–∞—Å—Ç–µ—Ä—É –°–µ—Ä–≥–µ—é –∑–∞ —á–µ—Ç–∫—É—é —Ä–∞–±–æ—Ç—É!,,,,,,5,True,40,4,6,0,0,2,0,0,14.6
3892748,5,"–í–æ–ø—Ä–æ—Å —Ä–µ—à–µ–Ω –±—ã—Å—Ç—Ä–æ, —Å–ø–∞—Å–∏–±–æ –º–∞—Å—Ç–µ—Ä—É. –§–æ—Ç–æ –≤—ã–ø–æ–ª–Ω–µ–Ω–Ω–æ–π —Ä–∞–±–æ—Ç—ã –ø—Ä–∏–ª–æ–∂–∏–ª –∏ –¥–∞–∂–µ –ø–æ–∑–≤–æ–Ω–∏–ª!",,,,,,5,True,87,9,12,1,0,2,0,1,31.499999999999996
3892909,5,–°–ø–∞—Å–∏–±–æ.. –≤—Å–µ —Å–¥–µ–ª–∞–ª–∏ –±—ã—Å—Ç—Ä–æ .. –æ—á–µ–Ω—å –≤–µ–∂–ª–∏–≤—ã–µ —Å–æ—Ç—Ä—É–¥–Ω–∏–∫–∏.,,,,,,5,True,58,5,8,1,0,2,1,0,21.2
3893476,5,–ó–∞—è–≤–∫–∞ –±—ã—Å—Ç—Ä–∞ –ø—Ä–∏–Ω—è—Ç–∞ –≤ —Ä–∞–±–æ—Ç—É. –ü—Ä–æ–±–ª–µ–º–∞ —Ä–µ—à–µ–Ω–∞. –°–ø–∞—Å–∏–±–æ!,,,,,,5,True,57,6,8,1,0,1,0,1,20.799999999999997
3893860,5,"–°–ø–∞—Å–∏–±–æ –±–æ–ª—å—à–æ–µ,–≤—Å–µ—Ö –±–ª–∞–≥ –∏ –ø—Ä–æ—Ü–≤–µ—Ç–∞–Ω–∏–µ –≤–∞—à–µ–π –∫–æ–º–ø–∞–Ω–∏–∏",,,,,,5,True,54,6,7,0,0,1,0,0,19.099999999999998
3894130,5,–±–ª–∞–≥–æ–¥–∞—Ä—é –∑–∞ –±—ã—Å—Ç—Ä–æ –∏ –∫–∞—á–µ—Å—Ç–≤–µ–Ω–Ω–æ –æ–∫–∞–∑–∞–Ω–Ω—É—é —É—Å–ª—É–≥—É,,,,,,5,True,50,5,7,1,1,1,0,0,18.299999999999997
3894902,5,–°–ø–∞—Å–∏–±–æ –æ–≥—Ä–æ–º–Ω–æ–µ! –û–ø–µ—Ä–∞—Ç–∏–≤–Ω–æ –∏ –∫–∞—á–µ—Å—Ç–≤–µ–Ω–Ω–æ —Ä–µ—à–∏–ª–∏ –ø—Ä–æ–±–ª–µ–º—É!,,,,,,5,True,59,5,7,1,1,1,0,2,21.599999999999998
3895042,5,"–ü–æ–¥–Ω–∏–º–∞–ª–∞—Å—å —Å–µ–≥–æ–¥–Ω—è —Å —É—Ç—Ä–∞, –∑–∞–ø–∞—Ö–∞ –Ω–µ—Ç —Å–æ–≤—Å–µ–º. –°–ø–∞—Å–∏–±–æ –±–æ–ª—å—à–æ–µ",,,,,,5,True,62,7,9,0,0,1,0,0,22.099999999999998
3895634,5,"–õ–∏–∫–∞, —Å–ø–∞—Å–∏–±–æ –í–∞–º –∑–∞ –æ–ø–µ—Ä–∞—Ç–∏–≤–Ω—ã–π –æ—Ç–≤–µ—Ç –∏ –ø–æ–¥—Ä–æ–±–Ω—ã–µ —Ä–∞–∑—ä—è—Å–Ω–µ–Ω–∏—è –ø–æ —Ä–∞–±–æ—Ç–µ —Å –ø—Ä–∏–ª–æ–∂–µ–Ω–∏–µ–º!",,,,,,5,True,87,8,13,1,0,1,0,0,30.900000000000002
3895925,5,"–°–ø–∞—Å–∏–±–æ –±–æ–ª—å—à–æ–µ –∑–∞ –æ–ø–µ—Ä–∞—Ç–∏–≤–Ω–æ—Å—Ç—å!)üëç –£–∂–µ –æ—Ü–µ–Ω–∏–ª–∏ –ø–µ—Å–æ—á–µ–∫ - –æ—á–µ–Ω—å —Ö–æ—Ä–æ—à–∏–π, —á–∏—Å—Ç—ã–π))) –î–µ—Ç–∏ –±—ã–ª–∏ –æ—á–µ–Ω—å —Ä–∞–¥—ã —á—Ç–æ –≤ –ø–µ—Å–æ—á–Ω–∏—Ü–µ –¥–æ—Å—Ç–∞—Ç–æ—á–Ω–æ–µ –∫–æ–ª–∏—á–µ—Å—Ç–≤–æ –ø–µ—Å–∫–∞!)) ü§ó",,,,,,5,True,153,16,21,1,0,1,0,0,53.900000000000006
3896509,5,–ü—Ä–∏—Ö–æ–¥–∏–ª –º–∞—Å—Ç–µ—Ä –≤—Å–µ –æ—Ç—Ä–µ–≥—É–ª–∏—Ä–æ–≤–∞–ª –±–æ–ª—å—à–æ–µ —Å–ø–∞—Å–∏–±–æ,,,,,,5,True,49,4,6,0,0,2,0,0,17.3
3896928,5,"–û—Ç–≤–µ—Ç –ø–æ–ª—É—á–µ–Ω. –°–ø–∞—Å–∏–±–æ, —á—Ç–æ —Ä–µ–∑—É–ª—å—Ç–∞—Ç–æ–º —Å—Ç–∞–ª–æ —É—Ç–æ—á–Ω–µ–Ω–∏–µ –∏ –º–µ–Ω—è –ø–æ–Ω—è–ª–∏.",,,,,,5,True,70,7,10,0,0,1,0,0,24.7
3896945,5,"–ë–ª–∞–≥–æ–¥–∞—Ä—é –∑–∞ –æ–±—Ä–∞—Ç–Ω—É—é —Å–≤—è–∑—å. –ó–∞ –≤–æ–∑–º–æ–∂–Ω–æ—Å—Ç—å –¥–æ–±–∞–≤–∏—Ç—å –Ω–µ–æ–±—Ö–æ–¥–∏–º—ã–π –¥–æ–∫—É–º–µ–Ω—Ç –≤ –õ–ö –ø—Ä–∏–ª–æ–∂–µ–Ω–∏—è –∏ —Ç–µ–º —Å–∞–º—ã–º —Ä–µ—à–∏—Ç—å –≤–æ–ø—Ä–æ—Å, –Ω–µ –ø–æ—Å–µ—â–∞—è –∫–ª–∏–µ–Ω—Ç—Å–∫–∏–π –æ—Ñ–∏—Å. –ü—Ä–∏ –∑–≤–æ–Ω–∫–µ –±—ã–ª–æ –≤–µ–∂–ª–∏–≤–æ–µ, –¥–æ–±—Ä–æ–∂–µ–ª–∞—Ç–µ–ª—å–Ω–æ–µ –æ—Ç–Ω–æ—à–µ–Ω–∏–µ.",,,,,,5,True,198,20,26,0,0,1,0,1,69.19999999999999
3897000,5,–û—á–µ–Ω—å –±—ã—Å—Ç—Ä–æ –æ—Ç—Ä–µ–∞–≥–∏—Ä–æ–≤–∞–ª–∏. –†–∞–±–æ—Ç–∞ –∫–∞—á–µ—Å—Ç–≤–µ–Ω–Ω–∞—è!,,,,,,5,True,48,5,5,1,1,0,0,0,17.0
3897281,5,–°–ø–∞—Å–∏–±–æ –±–æ–ª—å—à–æ–µ –∑–∞ –∏–Ω—Ñ–æ—Ä–º–∞—Ü–∏—é. –¢–∞—Ç—å—è–Ω–∞ –º–æ–ª–æ–¥–µ—Ü!,,,,,,5,True,47,4,6,0,0,2,0,0,16.700000000000003
3897654,5,"—ç–ª–µ–∫—Ç—Ä–∏–∫ –ø—Ä–∏—à—ë–ª –≤ –¥–µ–Ω—å –æ–±—Ä–∞—â–µ–Ω–∏—è, —Å–Ω—è–ª –ø–æ–∫–∞–∑–∞–Ω–∏—è, —Å—á–µ—Ç–∫–∏–∫ —Ä–∞–±–æ—Ç–∞–µ—Ç, —Å–æ—Ç—Ä—É–¥–Ω–∏–∫ –≤–µ–∂–ª–∏–≤—ã–π. –±–ª–∞–≥–æ–¥–∞—Ä—é.",,,,,,5,True,98,11,12,0,0,2,0,0,34.6
3897730,5,–í—Å–µ –±—ã–ª–æ —Å–¥–µ–ª–∞–Ω–æ –±—ã—Å—Ç—Ä–æ –∏ –∫–∞—á–µ—Å—Ç–≤–µ–Ω–Ω–æ.,,,,,,5,True,38,4,6,1,1,0,0,0,14.000000000000002
3897831,5,"–ù–∞–ø–æ—Ä —Å—Ç–∞–ª –≥–æ—Ä–∞–∑–¥–æ —Å–∏–ª—å–Ω–µ–µ, –Ω–µ–±–æ –∏ –∑–µ–º–ª—è. –ë—ã—Å—Ç—Ä–æ –ø–æ–Ω—è–ª–∏ –ø—Ä–∏—á–∏–Ω—É —Å–ª–∞–±–æ–≥–æ –Ω–∞–ø–æ—Ä–∞. –°–ø–∞—Å–∏–±–æ",,,,,,5,True,87,11,13,1,0,1,0,0,31.5
3898045,5,"–°–ø–∞—Å–∏–±–æ –∑–∞ –≤–∞—à—É —Ä–∞–±–æ—Ç—É! –í—ã—á–∏—Å–ª–∏—Ç—å –±—ã, –∫—Ç–æ –≤—ã—Ä–≤–∞–ª –ø—Ä–µ–¥—ã–¥—É—â–∏–π –¥–æ–≤–æ–¥—á–∏–∫ –∏ –Ω–∞–∫–∞–∑–∞—Ç—å! –ê –≤–∞–º —Å–ø–∞—Å–∏–±–æ!",,,,,,5,True,95,9,15,0,0,1,0,0,33.599999999999994
3898417,5,"–±—ã—Å—Ç—Ä–æ –ø–æ–∑–≤–æ–Ω–∏–ª–∏, –ø—Ä–∏—à–ª–∏ –≤—Å–µ —Å–¥–µ–ª–∞–ª–∏,—Å–ø–∞—Å–∏–±–æ",,,,,,5,True,44,4,5,1,0,1,1,0,15.9
3898427,5,"–ú–æ–ª–æ–¥—Ü—ã, –æ—á–µ–Ω—å –æ–ø–µ—Ä–∞—Ç–∏–≤–Ω–æ!!!!! –ü—Ä—è–º –º–∏–Ω—É—Å –æ–¥–Ω–∞ –≥–æ–ª–æ–≤–Ω–∞—è –±–æ–ª—å",,,,,,5,True,60,6,8,1,0,0,0,0,21.1
3899012,5,"–ü—Ä–æ—Å—Ç–æ –∏ —É–¥–æ–±–Ω–æ, –∞ —Ç–∞–∫–∂–µ –±—ã—Å—Ç—Ä–æ –∏ —ç–∫–æ–Ω–æ–º–∏—è –≤—Ä–µ–º–µ–Ω–∏ –∏ —Ä–µ—Å—É—Ä—Å–æ–≤ .",,,,,,5,True,63,5,10,1,0,0,0,0,22.2
3901194,5,–í–ª–∞–¥–∏–º–∏—Ä –≥—Ä–∞–º–æ—Ç–Ω–æ –∏ –∑–¥–æ—Ä–æ–≤–æ –∏ –±—ã—Å—Ç—Ä–æ –≤—Å–µ —Å–¥–µ–ª–∞–ª,,,,,,5,True,47,4,7,1,0,0,1,0,16.900000000000002
3901257,5,"–°–ø–∞—Å–∏–±–æ! –°–µ—Ä–≤–∏—Å —Ä–∞–±–æ—Ç–∞–µ—Ç, —ç—Ç–æ —Å–∞–º–æ–µ –≥–ª–∞–≤–Ω–æ–µ :)",,,,,,5,True,46,4,7,0,0,1,0,0,16.3
3901616,5,"–¢–∞—Ç—å—è–Ω–∞ –æ–ø–µ—Ä–∞—Ç–∏–≤–Ω–æ —Ä–µ—à–∏–ª–∞ –≤–æ–ø—Ä–æ—Å,–æ—á–µ–Ω—å –æ—Ç–∑—ã–≤—á–∏–≤–∞—è üëç",,,,,,5,True,51,6,6,1,0,0,0,2,18.599999999999998
3901987,5,"–ü–æ–ø—Ä–∏–≤–µ—Ç—Å—Ç–≤–æ–≤–∞–ª–∏, –ø—Ä–µ–¥–ª–æ–∂–∏–ª–∏ –ø—Ä–∏—Å–µ—Å—Ç—å. –í—Å—ë –±—ã—Å—Ç—Ä–æ –æ—Ñ–æ—Ä–º–∏–ª–∏. –°–ø–∞—Å–∏–±–æ.",,,,,,5,True,68,5,7,1,0,1,0,0,23.4
3902000,5,"–°–ø–∞—Å–∏–±–æ —á—Ç–æ —É–±—Ä–∞–ª–∏ –Ω–∞–¥–ø–∏—Å—å. –î—É–º–∞–ª, –±—É–¥–µ—Ç –∞–∫–∫—É—Ä–∞—Ç–Ω–µ–µ",,,,,,4,True,51,5,7,0,1,1,0,0,18.299999999999997
3902093,5,"–î–æ–±—Ä—ã–π –¥–µ–Ω—å! –ó–∞—è–≤–∫–∞ –±—ã–ª–∞ –≤—ã–ø–æ–ª–Ω–µ–Ω–∞ –∫–∞—á–µ—Å—Ç–≤–µ–Ω–Ω–æ, —Å–æ—Ç—Ä—É–¥–Ω–∏–∫–∏ –≥—Ä–∞–º–æ—Ç–Ω—ã–µ,–æ—á–µ–Ω—å –≤–µ–∂–ª–∏–≤—ã–µ, –±–æ–ª—å—à–æ–µ –∏–º —Å–ø–∞—Å–∏–±–æ!",,,,,,5,True,104,12,12,0,1,2,0,0,36.9
3902482,5,–ó–∞–º–µ—á–∞—Ç–µ–ª—å–Ω—ã–π –º–∞—Å—Ç–µ—Ä! –í—Å–µ –æ—á–µ–Ω—å –æ–ø–µ—Ä–∞—Ç–∏–≤–Ω–æ –∏ –∫–∞—á–µ—Å—Ç–≤–µ–Ω–Ω–æ. –î–æ–±—Ä—ã–π —á–µ–ª–æ–≤–µ–∫ —Å –∑–æ–ª–æ—Ç—ã–º–∏ —Ä—É–∫–∞–º–∏! –û–≥—Ä–æ–º–Ω–æ–µ —Å–ø–∞—Å–∏–±–æ!!!,,,,,,5,True,111,10,14,1,1,2,0,0,39.3
3902529,5,–í–æ–ø—Ä–æ—Å –±—ã–ª —Ä–µ—à–µ–Ω –æ–ø–µ—Ä–∞—Ç–∏–≤–Ω–æ) —Å–ø–∞—Å–∏–±–æ –±–æ–ª—å—à–æ–µ!,,,,,,5,True,45,5,6,1,0,1,0,1,16.599999999999998
3902786,5,"–∫—Ä–∞—Å–∞–≤—Ü—ã, –±—ã—Å—Ç—Ä–æ, –æ–ø–µ—Ä–∞—Ç–∏–≤–Ω–æ, –æ—á–µ–Ω—å –ø—Ä–∏—è—Ç–Ω–æ –≤ –æ–±—â–µ–Ω–∏–∏",,,,,,5,True,53,6,7,2,0,0,0,0,19.099999999999998
3903349,5,"–ë–æ–ª—å—à–æ–µ —Å–ø–∞—Å–∏–±–æ , –æ–ø–µ—Ä–∞—Ç–∏–≤–Ω–æ –ø–æ—Å—Ç–∞–≤–∏–ª–∏ –æ–≥—Ä–∞–Ω–∏—á–∏—Ç–µ–ª–∏",,,,,,5,True,51,4,6,1,0,1,0,0,17.9
3903626,5,–≤—Å–µ –æ—Ç–ª–∏—á–Ω–æ –±–∏—Å—Ç—Ä–æ —É—Å—Ç—Ä–∞–Ω–∏–ª–∏ –º–∞—Å—Ç–µ—Ä —Ö–æ—Ä–æ—à–∏,,,,,,5,True,42,5,6,0,0,1,0,1,15.4
3903709,5,"—Å–ø–∞—Å–∏–±–æ –∑–∞ –æ–ø–µ—Ä–∞—Ç–∏–≤–Ω–æ—Å—Ç—å –∏ –≥—Ä–∞–º–æ—Ç–Ω—ã–π, —Ä–∞–∑–≤—ë—Ä–Ω—É—Ç—ã–π –æ—Ç–≤–µ—Ç)",,,,,,5,True,56,4,7,1,0,1,0,0,19.6
3903741,5,–°–ø–∞—Å–∏–±–æ –±–æ–ª—å—à–æ–µ! –ó–∞—è–≤–∫–∞ –≤—ã–ø–æ–ª–Ω–µ–Ω–∞ –±—ã—Å—Ç—Ä–æ –∏ –∫–∞—á–µ—Å—Ç–≤–µ–Ω–Ω–æ!,,,,,,5,True,55,5,7,1,1,1,0,0,19.799999999999997
3904265,5,–ë–æ–ª—å—à–æ–µ —Å–ø–∞—Å–∏–±–æ –í–∞—Å–∏–ª–∏—é –∑–∞ –ø—Ä–æ–¥–µ–ª–∞–Ω–Ω—É—é —Ä–∞–±–æ—Ç—É!,,,,,,5,True,46,4,6,0,0,1,0,0,16.1
3904421,5,"–ë–ª–∞–≥–æ–¥–∞—Ä—é, –ø–æ–º–æ–≥–ª–∏, –∞ —Ç–æ –¥–æ –í–∞—Å –Ω–∏–∫—Ç–æ –Ω–µ –º–æ–≥ —Ä–µ—à–∏—Ç—å —ç—Ç—É –ø—Ä–æ–±–ª–µ–º—É, –µ—â–µ —Ä–∞–∑ —Å–ø–∞—Å–∏–±–æ)",,,,,,5,True,82,10,15,0,0,2,0,1,30.499999999999996
3904489,5,"–û—á–µ–Ω—å –æ–ø–µ—Ä–∞—Ç–∏–≤–Ω–æ –º–µ–Ω–µ–¥–∂–µ—Ä —Å–≤—è–∑–∞–ª—Å—è, –æ—Ç–≤–µ—Ç–∏–ª –Ω–∞ –≤–æ–ø—Ä–æ—Å—ã –∏ –æ—Ç–ø—Ä–∞–≤–∏–ª –Ω–µ–æ–±—Ö–æ–¥–∏–º—ã–µ –¥–æ–∫—É–º–µ–Ω—Ç—ã. –ë–ª–∞–≥–æ–¥–∞—Ä—é!",,,,,,5,True,99,10,12,1,0,2,0,1,35.300000000000004
3904606,5,–°–ø–∞—Å–∏–±–æ. –û–ø–µ—Ä–∞—Ç–∏–≤–Ω–æ –ø—Ä–∏–Ω—è–ª–∏ –∑–∞—è–≤–∫—É –∏ –æ—Ç—Ä–µ–º–æ–Ω—Ç–∏—Ä–æ–≤–∞–ª–∏.–õ–∏—Ñ—Ç —Ä–∞–±–æ—Ç–∞–µ—Ç –∏—Å–ø—Ä–∞–≤–Ω–æ.,,,,,,5,True,76,5,8,1,0,1,0,0,26.000000000000004
3904847,5,"–°–ø–∞—Å–∏–±–æ! –£—Å–ª—É–≥–∞ –æ–∫–∞–∑–∞–Ω–∞ –æ—á–µ–Ω—å –æ–ø–µ—Ä–∞—Ç–∏–≤–Ω–æ, —É–¥–æ–±–Ω—ã–π —Ñ–æ—Ä–º–∞—Ç. –ó–∞–∫–∞–∑–∞–ª–∞ –∫–ª—é—á –Ω–∞ –≤—ã—Ö–æ–¥–Ω—ã—Ö, –≤ –ø–æ–Ω–µ–¥–µ–ª—å–Ω–∏–∫ –≤—Å–µ –±—ã–ª–æ –≥–æ—Ç–æ–≤–æ. –°–æ—Ç—Ä—É–¥–Ω–∏–∫–∏ –≤–µ–∂–ª–∏–≤—ã–µ –∏ –≤–Ω–∏–º–∞—Ç–µ–ª—å–Ω—ã–µüëç",,,,,,5,True,151,14,20,1,0,2,0,0,52.99999999999999
3904911,5,"–í—Å–µ —Å—É–ø–µ—Ä, –û—á–µ–Ω—å –æ–ø–µ—Ä–∞—Ç–∏–≤–Ω–æ –∏ –ø—Ä–æ—Ñ–µ—Å—Å–∏–æ–Ω–∞–ª—å–Ω–æ, –°–ø–∞—Å–∏–±–æ",,,,,,5,True,54,4,7,1,1,1,0,0,19.299999999999997
3905086,5,"–¢–æ—Ç –∫—Ç–æ –≤—ã–ø–æ–ª–Ω—è–ª –∑–∞—è–≤–∫—É, —á—É–¥–æ! –û–ø–µ—Ä–∞—Ç–∏–≤–Ω–æ –≤—ã–ø–æ–ª–Ω–∏–ª–∏. –°–ø–∞—Å–∏–±–æ üëçüèª",,,,,,5,True,63,7,9,1,0,1,1,0,22.999999999999996
3905337,5,"—Å–ø–∞—Å–∏–±–æ,–∂–¥—É –±—É–º–∞–∂–Ω—ã–µ –ø–ª–∞—Ç–µ–∂–Ω—ã–µ –ø–æ—Ä—É—á–µ–Ω–∏—è —Å–æ —Å–ª–µ–¥—É—é—â–µ–≥–æ –º–µ—Å—è—Ü–∞",,,,,,5,True,61,6,7,0,0,1,0,0,21.2
3906048,5,"–ë–æ–ª—å—à–æ–µ —Å–ø–∞—Å–∏–±–æ —ç–ª–µ–∫—Ç—Ä–∏–∫—É! –°–∏—Ç—É–∞—Ü–∏—è –±—ã–ª–∞ –Ω–µ –∏–∑ –ø—Ä–æ—Å—Ç—ã—Ö, –Ω–æ –æ–Ω –æ–±–Ω–∞—Ä—É–∂–∏–ª –ø—Ä–æ–±–ª–µ–º—É –∏ —Å–º–æ–≥ –µ–µ —Ä–µ—à–∏—Ç—å",,,,,,5,True,97,11,16,0,0,1,0,1,35.1
3906126,5,–°–∞–Ω—Ç–µ—Ö–Ω–∏–∫ –º–æ–ª–æ–¥–µ—Ü! –£—Å—Ç—Ä–∞–Ω–∏–ª —É—Ç–µ—á–∫—É –≤–æ–¥—ã –≤—ã—à–µ –ø–æ —ç—Ç–∞–∂—É –∏ –≤ –Ω–∞—Å –ø–µ—Ä–µ—Å—Ç–∞–ª–∞ —Ç–µ—á—å –≤–æ–¥–∞. –ú–æ–ª–æ–¥–µ—Ü!,,,,,,5,True,91,12,14,0,0,1,0,1,33.1
3906752,5,"—Å–ø–∞—Å–∏–±–æ –±–æ–ª—å—à–æ–µ, –∂–∞–ª—å, —á—Ç–æ —Ç–∞–º —É–∂–µ –æ–ø—è—Ç—å –Ω–∞–º—É—Å–æ—Ä–∏–ª–∏(",,,,,,5,True,52,6,8,0,0,1,0,0,18.700000000000003
3906976,5,"–°–ø–∞—Å–∏–±–æ –±–æ–ª—å—à–æ–µ –∑–∞ –æ–ø–µ—Ä–∞—Ç–∏–≤–Ω–æ—Å—Ç—å,–º–∏—Ä –∏ –ø—Ä–æ—Ü–≤–µ—Ç–∞–Ω–∏–µ –≤–∞—à–µ–π –∫–æ–º–ø–∞–Ω–∏–∏ –°–∞–º–æ–ª–µ—Ç!",,,,,,5,True,74,7,9,1,0,1,0,0,26.0
3907480,5,—Å–ø–∞—Å–∏–±–æ. –ø—Ä–æ—à—É –∑–∞–≥—Ä—É–∂–∞—Ç—å –∫–≤–∏—Ç–∞–Ω—Ü–∏–∏ –≤ –ª–∏—á–Ω—ã–π –∫–∞–±–∏–Ω–µ—Ç –±–µ–∑ –¥–æ–ø–æ–ª–Ω–∏—Ç–µ–ª—å–Ω—ã—Ö –∑–∞–ø—Ä–æ—Å–æ–≤.,,,,,,5,True,80,7,10,0,0,1,0,0,27.7
3907792,5,–ö–æ–Ω—Å—É–ª—å—Ç–∞—Ü–∏—è –±—ã–ª–∞ –ø—Ä–æ–≤–µ–¥–µ–Ω–∞ –ø—Ä–æ—Ñ–µ—Å—Å–∏–æ–Ω–∞–ª—å–Ω–æ. –°–ø–∞—Å–∏–±–æ –∑–∞ —Ä–∞–∑—ä—è—Å–Ω–µ–Ω–∏—è –∏ —Ä–µ–∫–æ–º–µ–Ω–¥–∞—Ü–∏–∏,,,,,,5,True,82,6,9,0,1,1,0,0,28.2
3907928,5,"–°–ø–∞—Å–∏–±–æ –±–æ–ª—å—à–æ–µ, —á—Ç–æ –ø–æ—á–∏–Ω–∏–ª–∏ –¥–≤–µ—Ä—å. –ó–∞—à–ª–∞ –±–µ–∑ –ø—Ä–æ–±–ª–µ–º. –î–≤–µ—Ä—å —Ä–∞–±–æ—Ç–∞–µ—Ç –æ—Ç–ª–∏—á–Ω–æ.",,,,,,5,True,79,8,11,0,0,1,0,1,28.1
3908429,5,–°–ø–∞—Å–∏–±–æ –∑–∞ –±—ã—Å—Ç—Ä–æ–µ —Ä–µ—à–µ–Ω–∏–µ –≤–æ–ø—Ä–æ—Å–∞. –õ–æ—è–ª—å–Ω–æ—Å—Ç—å –º–∞—Å—Ç–µ—Ä–∞ —Å –ø–æ–¥–±–æ—Ä–æ–º –≤—Ä–µ–º–µ–Ω–∏,,,,,,5,True,73,7,10,1,0,2,0,1,26.499999999999996
3908490,5,"—Å–ø–∞—Å–∏–±–æ –∑–∞ –æ–±—Ä–∞—Ç–Ω—É—é —Å–≤—è–∑—å,–Ω–∞–¥–µ—é—Å—å –≤ –ø—Ä–∏–ª–æ–∂–µ–Ω–∏–∏ –∏–Ω—Ñ–æ—Ä–º–∞—Ü–∏—è –æ–±–Ω–æ–≤–∏—Ç—å—Å—è,—á—Ç–æ –æ–ø–ª–∞—Ç–∞ –ø—Ä–æ—à–ª–∞.",,,,,,4,True,87,8,10,0,0,1,0,0,30.0
3908590,5,"–ö–æ–Ω—Å—É–ª—å—Ç–∞—Ü–∏—è –∏ –Ω–∞—Å—Ç—Ä–æ–π–∫–∞ –ø—Ä–∏–±–æ—Ä–∞ –≤—ã–ø–æ–ª–Ω–µ–Ω–∞ –æ—á–µ–Ω—å –±—ã—Å—Ç—Ä–æ, –∫–∞—á–µ—Å—Ç–≤–µ–Ω–Ω–æ –∏ –ø—Ä–æ—Ñ–µ—Å—Å–∏–æ–Ω–∞–ª—å–Ω–æ, —Å–ø–∞—Å–∏–±–æ!",,,,,,5,True,96,8,10,1,2,1,0,0,33.6
3908772,5,"–º–∞—Å—Ç–µ—Ä –≤—ã–ø–æ–ª–Ω–∏–ª —Ä–∞–±–æ—Ç—É –±—ã—Å—Ç—Ä–æ –∏ —á–∏—Å—Ç–æ, –≤—Å–µ –æ—Ç–ª–∏—á–Ω–æ",,,,,,5,True,50,6,8,1,0,1,1,0,18.7
3908843,5,–°–∞–º–∞—è –ª—É—á—à–∞—è –£–ö . –°–ø–∞—Å–∏–±–æ –±–æ–ª—å—à–æ–µ –∑–∞ –ø–æ–º–æ—â—å. –ó–∞ –±—ã—Å—Ç—Ä—É—é —Ä–∞–±–æ—Ç—É –∏ –º–≥–Ω–æ–≤–µ–Ω–Ω—É—é –≤—ã–ø–æ–ª–Ω–µ–Ω–∏—è!!!!,,,,,,5,True,90,9,13,2,0,1,0,0,32.300000000000004
3909787,5,–í—Å–µ –æ—Ç–ª–∏—á–Ω–æ. –ñ–∞–ª—å —á—Ç–æ –¥–ª—è —Å–æ—Ç—Ä—É–¥–Ω–∏–∫–æ–≤ –∫–æ–º–ø–∞–Ω–∏–∏ –Ω–∞ –¥–∞–Ω–Ω—ã–µ —É—Å–ª—É–≥–∏ –Ω–µ –¥–µ–π—Å—Ç–≤—É—é—Ç —Å–∫–∏–¥–∫–∏.,,,,,,5,True,84,8,13,0,0,1,0,0,29.700000000000003
3910052,5,"–°–ø–µ—Ü–∏–∞–ª–∏—Å—Ç –ø—Ä–∏—à—ë–ª –æ—á–µ–Ω—å –±—ã—Å—Ç—Ä–æ, –≤—Å–µ –±—ã—Å—Ç—Ä–æ –∏—Å–ø—Ä–∞–≤–∏–ª. –°–ø–∞—Å–∏–±–æ.",,,,,,5,True,61,6,8,1,0,2,0,1,22.3
3910060,5,"–≤—Å—ë —Å—É–ø–µ—Ä, –≤–æ–ø—Ä–æ—Å —Ä–µ—à—ë–Ω –±—ã—Å—Ç—Ä–æ)",,,,,,5,True,31,4,5,1,0,0,0,1,11.7
3910089,5,–û—á–µ–Ω—å –Ω–∞–¥–µ—é—Å—å —á—Ç–æ –∫–≤–∏—Ç–∞–Ω—Ü–∏—è –±—É–¥–µ—Ç –¥—É–±–ª–∏—Ä–æ–≤–∞—Ç—å—Å—è –∏ –≤ –ø—Ä–∏–ª–æ–∂–µ–Ω–∏–∏. –ê —Ç–∞–∫ –æ–ø–µ—Ä–∞—Ç–∏–≤–Ω–æ –∏ –±—ã—Å—Ç—Ä–æ –ø–æ—Å—Ç—É–ø–∏–ª–∞.,,,,,,5,True,100,9,14,2,0,0,0,0,35.2
3910259,5,"–ú–µ–Ω–µ–¥–∂–µ—Ä –ï–ª–∏–∑–∞–≤–µ—Ç–∞ –æ—á–µ–Ω—å –±—ã—Å—Ç—Ä–æ —Ä–µ—à–∏–ª–∞ –º–æ–π –≤–æ–ø—Ä–æ—Å, —Å–ø–∞—Å–∏–±–æ!",,,,,,5,True,59,7,8,1,0,2,0,2,22.2
3910269,5,"—Å–ø–∞—Å–∏–±–æ, –Ω–æ –ø—Ä–∏–¥—É–º–∞–π—Ç–µ, –ø–æ–∂–∞–ª—É–π—Å—Ç–∞, —Å–ø–æ—Å–æ–± –∫–∞–∫ —ç—Ç–æ–≥–æ –∏–∑–±–µ–∂–∞—Ç—å –Ω–∞ –±—É–¥—É—â–µ–µ.",,,,,,5,True,73,5,10,0,0,1,0,0,25.2
3910346,5,"–°–ø–∞—Å–∏–±–æ –∑–∞ —Ä–∞–±–æ—Ç—É, –≤—ã–ø–æ–ª–Ω–µ–Ω–∞ –∫–∞—á–µ—Å—Ç–≤–µ–Ω–Ω–æ –∏ –≤ —Å—Ä–æ–∫",,,,,,5,True,49,4,8,0,1,1,0,0,17.700000000000003
3910434,5,–ê–ª–µ–∫—Å–µ–π –ø—Ä–æ—Ñ–µ—Å—Å–∏–æ–Ω–∞–ª –≤ —Å–≤–æ–µ–º –¥–µ–ª–µ! –ë—ã—Å—Ç—Ä–æ –Ω–∞—à–µ–ª –ø—Ä–æ–±–ª–µ–º—É –∏ —É—Å—Ç—Ä–∞–Ω–∏–ª –µ–µ. –û–≥—Ä–æ–º–Ω–æ–µ –µ–º—É —Å–ø–∞—Å–∏–±–æ!,,,,,,5,True,93,11,14,1,1,1,0,2,34.4
3910685,5,"–î–∞, –ø–æ–¥—Ç–≤–µ—Ä–∂–¥–∞—é ! –í—á–µ—Ä–∞ –≤–µ—á–µ—Ä–æ–º –æ–±–Ω–∞—Ä—É–∂–∏–ª–∞ —á—Ç–æ —É—Å—Ç—Ä–∞–Ω–µ–Ω–æ. –°–ø–∞—Å–∏–±–æ",,,,,,5,True,65,5,9,0,0,1,0,0,22.6
3910977,5,–î–æ–±—Ä—ã–π –¥–µ–Ω—å. –°–ø–∞—Å–∏–±–æ –∑–∞ —Ä–∞–∑—ä—è—Å–Ω–µ–Ω–∏–µ. –í—Å–µ–≥–æ –≤–∞–º —Ö–æ—Ä–æ—à–µ–≥–æ.,,,,,,5,True,56,6,8,0,0,1,0,0,19.900000000000002
3911065,5,–º–æ–ª–æ–¥–µ—Ü —ç–ª–µ–∫—Ç—Ä–∏–∫ –æ–ø–µ—Ä–∞—Ç–∏–≤–Ω–æ —Ä–µ—à–∏–ª –ø—Ä–æ–±–ª–µ–º—É,,,,,,5,True,42,5,5,1,0,1,0,2,15.799999999999999
3911339,5,–°–ø–∞—Å–∏–±–æ –≤–∞–º –∑–∞ –∑–∞–±–æ—Ç—É –æ –Ω–∞—Å –∏ –Ω–∞—à–µ–º –∑–¥–æ—Ä–æ–≤—å–µ.–≠–∫–æ–ª–æ–≥–∏—è -—ç—Ç–æ –∑–∞–º–µ—á–∞—Ç–µ–ª—å–Ω–æ,,,,,,5,True,71,5,11,0,0,1,0,0,24.8
3911514,5,–°–ø–∞—Å–∏–±–æ –±–æ–ª—å—à–æ–µ! –ü—Ä–æ–±–ª–µ–º–∞ –±—ã–ª–∞ —Ä–µ—à–µ–Ω–∞ –æ—á–µ–Ω—å –±—ã—Å—Ç—Ä–æ!,,,,,,5,True,51,6,7,1,0,1,0,1,18.799999999999997
3911570,5,–°–ø–∞—Å–∏–±–æ! –æ–ø–µ—Ä–∞—Ç–∏–≤–Ω–æ –∏ –≤ –ø–æ–ª–Ω–æ–π –º–µ—Ä–µ –æ—Ç–≤–µ—Ç–∏–ª–∏ –Ω–∞ –º–æ–π –≤–æ–ø—Ä–æ—Å üëå,,,,,,5,True,60,6,11,1,0,1,0,1,22.299999999999997
3911586,5,"–ë—ã—Å—Ç—Ä–æ, –∫–∞—á–µ—Å—Ç–≤–µ–Ω–Ω–æ —É—Å—Ç—Ä–∞–Ω–∏–ª –Ω–∞—à –∑–∞—Å–æ—Ä",,,,,,5,True,38,5,5,1,1,0,0,1,14.3
3911983,5,"–æ–ø–µ—Ä–∞—Ç–∏–≤–Ω–æ –∏ —á–µ—Ç–∫–æ. —Å–¥–µ–ª–∞–ª–∏ –∞–∫–∫—É—Ä–∞—Ç–Ω–æ, –ø—Ä–∏–±—Ä–∞–ª–∏—Å—å –ø–æ—Å–ª–µ —Ä–∞–±–æ—Ç—ã",,,,,,5,True,62,6,8,1,1,0,1,0,22.299999999999997
3912007,5,–°–ø–∞—Å–∏–±–æ –ê–ª–µ–∫—Å–∞–Ω–¥—Ä—É –∑–∞ –ø—Ä–æ—Ñ–µ—Å—Å–∏–æ–Ω–∞–ª–∏–∑–º –∏ –±—ã—Å—Ç—Ä—É—é —Ä–∞–±–æ—Ç—É.,,,,,,5,True,55,4,7,1,1,1,0,0,19.599999999999998
3912121,5,"–≤—Å–µ –æ—Ç–ª–∏—á–Ω–æ, —Å–¥–µ–ª–∞–ª–∏ –±—ã—Å—Ç—Ä–æ –∏ –Ω–µ –¥–æ—Ä–æ–≥–æ",,,,,,5,True,39,4,7,1,0,0,1,0,14.5
3912199,5,–°–ø–∞—Å–∏–±–æ –æ–≥—Ä–æ–º–Ω–æ–µ –º–µ–Ω–µ–¥–∂–µ—Ä—É –ø–æ —Å—Ç—Ä–∞—Ö–æ–≤–∞–Ω–∏—é –ï–≤–≥–µ–Ω–∏–∏ –ì—É—â–∏–Ω–æ–π –∑–∞ –ø–æ–º–æ—â—å –≤ –æ—Ñ–æ—Ä–º–ª–µ–Ω–∏–∏ —Å—Ç—Ä–∞—Ö–æ–≤–∫–∏!!!! –ù–∞—Å—Ç–æ—è—â–∏–π –ø—Ä–æ—Ñ–µ—Å—Å–∏–æ–Ω–∞–ª —Å–≤–æ–µ–≥–æ –¥–µ–ª–∞!!! –ò—Å—á–µ—Ä–ø—ã–≤–∞—é—â–µ –æ—Ç–≤–µ—Ç–∏–ª–∞ –Ω–∞ –≤—Å–µ –∏–Ω—Ç–µ—Ä–µ—Å—É—é—â–∏–µ –≤–æ–ø—Ä–æ—Å—ã!!!!,,,,,,5,True,186,16,22,0,1,2,0,1,64.6
3912227,5,"–°–ø–µ—Ü–∏–∞–ª–∏—Å—Ç —Å–≤—è–∑—ã–≤–∞–ª—Å—è –ø–æ –∑–∞—è–≤–∫–µ, –≤—Å–µ –ø–æ—á–∏–Ω–∏–ª–∏! –°–ø–∞—Å–∏–±–æ",,,,,,5,True,54,4,7,0,0,2,0,0,19.0
3912230,5,"–í —Ç–µ—á–µ–Ω–∏–∏ 2 —á–∞—Å–æ–≤ –ø–æ—Å–ª–µ —Å–æ–∑–¥–∞–Ω–∏—è –∑–∞—è–≤–∫–∏ –≤—Å–µ —É—Å—Ç—Ä–∞–Ω–∏–ª–∏, —Å–ø–∞—Å–∏–±–æ",,,,,,5,True,62,5,10,0,0,1,0,1,22.2
3912521,5,"–†–∞–±–æ—Ç–∞ –º–∞—Å—Ç–µ—Ä–∞, –≤—ã–ø–æ–ª–Ω–µ–Ω–∞ –æ—Ç–ª–∏—á–Ω–æ! –ü—Ä–æ–±–ª–µ–º–∞ —Ä–µ—à–∏–ª–∞—Å—å —Ç–æ–ª—å–∫–æ –ø—Ä–∏ –ª–∏—á–Ω–æ–º –≤–∏–∑–∏—Ç–µ –≤ –£–ö",,,,,,5,True,82,10,12,0,0,1,0,2,29.9
3913158,5,–î–æ–±—Ä—ã–π –¥–µ–Ω—å! –°–ø–∞—Å–∏–±–æ. –í–æ–ø—Ä–æ—Å —Ä–µ—à–µ–Ω.,,,,,,5,True,35,4,5,0,0,1,0,1,12.9
3913442,5,"–ë–ª–∞–≥–æ–¥–∞—Ä–Ω–æ—Å—Ç—å –º–∞—Å—Ç–µ—Ä—É, —Å–¥–µ–ª–∞–ª –±—ã—Å—Ç—Ä–æ –∏ –∫–∞—á–µ—Å—Ç–≤–µ–Ω–Ω–æ. –ü—Ä–µ–º–∏—é –†–µ–Ω–∞—Ç—É. ü§ù",,,,,,5,True,68,7,9,1,1,2,1,0,25.099999999999998
3913486,5,–ü—Ä–∏—à–ª–∏ –≤–æ–≤—Ä–µ–º—è) –∑–∞—Ä–∞–Ω–µ–µ –ø–æ–∑–≤–æ–Ω–∏–ª–∏ —É—Ç–æ—á–Ω–∏—Ç—å —É–¥–æ–±–Ω–æ–µ –≤—Ä–µ–º—è) –æ—Ç–ª–∏—á–Ω—ã–π –º–∞—Å—Ç–µ—Ä –≤—Å–µ —Å–¥–µ–ª–∞–ª –±—ã—Å—Ç—Ä–æ –∏ –∞–∫–∫—É—Ä–∞—Ç–Ω–æ),,,,,,5,True,104,12,14,1,1,1,1,0,37.6
3913676,5,"–ü—Ä–æ–±–ª–µ–º–∞ —Ä–µ—à–µ–Ω–∞, –±—ã—Å—Ç—Ä–æ –∏ –æ–ø–µ—Ä–∞—Ç–∏–≤–Ω–æ..",,,,,,5,True,38,4,5,2,0,0,0,1,14.100000000000001
3913976,5,–í—Ç–æ—Ä–æ–π —Å–ø–µ—Ü–∏–∞–ª–∏—Å—Ç –≤—Å–µ –æ—Ç–ª–∏—á–Ω–æ —Ä–µ—à–∏–ª. –°–ø–∞—Å–∏–±–æ.,,,,,,5,True,45,4,6,0,0,2,0,1,16.4
3914367,5,–ö–æ–º–æ–¥ —É–±—Ä–∞–Ω. –ë–æ–ª—å—à–æ–µ —Å–ø–∞—Å–∏–±–æ –∑–∞ –æ–ø–µ—Ä–∞—Ç–∏–≤–Ω–æ–µ —Ä–µ—à–µ–Ω–∏–µ,,,,,,5,True,51,5,7,1,0,1,0,0,18.299999999999997
3914571,5,–û—á–µ–Ω—å –±—ã—Å—Ç—Ä–æ –æ—Ç—Ä–µ–∞–≥–∏—Ä–æ–≤–∞–ª–∏ –∏ —É—Å—Ç—Ä–∞–Ω–∏–ª–∏ –ø—Ä–æ–±–ª–µ–º—É,,,,,,5,True,47,5,6,1,0,0,0,2,17.2
3914622,5,–í–æ—Ç —Ç–µ–ø–µ—Ä—å –≤—Å–µ –¥–∞–Ω–Ω—ã–µ –ø—Ä–∞–≤–∏–ª—å–Ω–æ –≤–Ω–µ—Å–µ–Ω—ã. –°–ø–∞—Å–∏–±–æ.,,,,,,5,True,49,4,7,0,0,1,0,0,17.2
3915543,5,–ë—ã—Å—Ç—Ä–æ —Å—Ä–µ–∞–≥–∏—Ä–æ–≤–∞–ª–∏ –∏ —Ä–µ—à–∏–ª–∏ –ø—Ä–æ–±–ª–µ–º—É. –°–ø–∞—Å–∏–±–æ!,,,,,,5,True,47,4,6,1,0,1,0,2,17.3
3916307,5,–î–æ–±—Ä—ã–π –¥–µ–Ω—å! –í–æ–ø—Ä–æ—Å —Ä–µ—à–µ–Ω –æ—á–µ–Ω—å –±—ã—Å—Ç—Ä–æ! –ë–ª–∞–≥–æ–¥–∞—Ä—é –∑–∞ —Ä–∞–±–æ—Ç—É –∏ –æ–ø–µ—Ä–∞—Ç–∏–≤–Ω–æ—Å—Ç—å),,,,,,5,True,76,9,11,2,0,1,0,1,28.0
3917220,5,–≤—Å–µ –æ—á–µ–Ω—å –±—ã—Å—Ç—Ä–æ –∏ –∫–∞—á–µ—Å—Ç–≤–µ–Ω–Ω–æ —Å–¥–µ–ª–∞–ª —Å–∞–Ω—Ç–µ—Ö–Ω–∏–∫ –°–µ—Ä–≥–µ–π!,,,,,,5,True,55,6,8,1,1,0,1,0,20.2
3917445,5,"–ë–æ–ª—å—à–æ–µ —Å–ø–∞—Å–∏–±–æ, –æ—á–µ–Ω—å –≤–Ω–∏–º–∞—Ç–µ–ª—å–Ω–æ –∏ –∫–ª–∏–µ–Ω—Ç–æ–æ—Ä–∏–µ–Ω—Ç–∏—Ä–æ–≤–∞–Ω–Ω–æ—Å—Ç—å –Ω–∞ –≤—ã—Å—à–µ–º —É—Ä–æ–≤–Ω–µ",,,,,,5,True,78,6,9,0,0,1,0,0,26.7
3918118,5,"–ë—ã—Å—Ç—Ä–æ –≤—ã—è–≤–∏–ª–∏ –æ—à–∏–±–∫—É –≤ –ø–æ–∫–∞–∑–∞–Ω–∏—è—Ö, –∏ –Ω–µ —Å—Ç–∞–ª–∞ –¥–µ–ª–∞—Ç—å –≤ —É–±—ã—Ç–æ–∫ –º–Ω–µ . –ü–æ–∑–≤–æ–Ω–∏–ª–∞ –º–Ω–µ , —É—Ç–æ—á–Ω–∏–ª–∞ –∏ —Ä–µ—à–∏–ª–∞ –≤—Å—ë. –û–≥—Ä–æ–º–Ω–æ–µ —Å–ø–∞—Å–∏–±–æ –í–∞–º . ‚úàÔ∏è –º–µ–Ω—è–µ—Ç—Å—è –≤ –ª—É—á—à—É—é —Å—Ç–æ—Ä–æ–Ω—É",,,,,,5,True,159,17,24,1,0,1,0,1,56.79999999999999
3918647,5,–°–ø–∞—Å–∏–±–æ –±–æ–ª—å—à–æ–µ! –í—ã–ø–æ–ª–Ω–∏–ª–∏ —Ä–∞–±–æ—Ç—É –±—ã—Å—Ç—Ä–æ –∏ –∞–∫–∫—É—Ä–∞—Ç–Ω–æ!,,,,,,5,True,53,5,7,1,1,1,1,0,19.499999999999996
3919099,5,–°–ø–∞—Å–∏–±–æ –∑–∞ –≤—ã–ø–∏—Å–∫–∏. –°—á–µ—Ç –Ω–∞ —ç—Ç—É —Å—É–º–º—É –∫–æ–≥–¥–∞ –ø–æ–¥–∫—Ä–µ–ø—è—Ç –≤ –ø—Ä–∏–ª–æ–∂–µ–Ω–∏–µ?,,,,,,5,True,67,6,11,0,0,1,0,0,23.799999999999997
3919253,5,"–æ–ø–µ—Ä–∞—Ç–∏–≤–Ω–æ —É—Å—Ç—Ä–∞–Ω–∏–ª–∏, –¥–∞–ª–∏ –∫–æ–Ω—Å—É–ª—å—Ç–∞—Ü–∏—é",,,,,,5,True,39,4,4,1,0,0,0,1,13.9
3919349,5,—Å–ø–∞—Å–∏–±–æ –æ–≥—Ä–æ–º–Ω–æ–µ —Å–ø–µ—Ü–∏–∞–ª–∏—Å—Ç—É –∑–∞ –æ–ø–µ—Ä–∞—Ç–∏–≤–Ω–æ—Å—Ç—å –∏ –ø—Ä–æ—Ñ–µ—Å—Å–∏–æ–Ω–∞–ª–∏–∑–º.,,,,,,5,True,64,4,7,1,1,2,0,0,22.599999999999998
3919607,5,–í—Å–µ –æ—Ç–ª–∏—á–Ω–æ! –°–ø–∞—Å–∏–±–æ –∑–∞ –±—ã—Å—Ç—Ä–æ–µ —É—Å—Ç—Ä–∞–Ω–µ–Ω–∏–µ –ø—Ä–æ–±–ª–µ–º—ã),,,,,,5,True,52,4,7,1,0,1,0,1,18.699999999999996
3919776,5,"–û–ø–µ—Ä–∞—Ç–∏–≤–Ω–æ —Å—Ä–µ–∞–≥–∏—Ä–æ–≤–∞–ª–∏, –ø—Ä–∏—à–ª–æ –±–æ–ª—å—à–æ–µ –∫–æ–ª–∏—á–µ—Å—Ç–≤–æ —Å—Ç—Ä–æ–∏—Ç–µ–ª–µ–π –∏ –ø–æ–º–æ–≥–ª–∏ —É–±—Ä–∞—Ç—å –≤—Å—é –≤–æ–¥—É.",,,,,,5,True,88,10,11,1,0,0,0,0,30.9
3920112,5,"–°–ø–∞—Å–∏–±–æ –±–æ–ª—å—à–æ–µ, —á—Ç–æ –≤—Å–µ –±—ã—Å—Ç—Ä–æ –ø–æ—á–∏–Ω–∏–ª–∏!!! –°–ø–∞—Å–∏–±–æ –∑–∞ —Ö–æ—Ä–æ—à—É—é —Ä–∞–±–æ—Ç—É!",,,,,,5,True,70,5,9,1,0,1,0,0,24.400000000000002
3920519,5,–°–ø–∞—Å–∏–±–æ –¢–∞—Ç—å—è–Ω–µ!) –ë—ã—Å—Ç—Ä–æ –∏ –ø–æ–Ω—è—Ç–Ω–æ –≤—Å–µ –æ–±—ä—è—Å–Ω–∏–ª–∞!),,,,,,5,True,50,4,7,1,0,1,0,0,17.8
3920898,5,"–í–æ–ø—Ä–æ—Å –±—ã–ª —Ä–µ—à–µ–Ω –æ–ø–µ—Ä–∞—Ç–∏–≤–Ω–æ . –°–ø–∞—Å–∏–±–æ –∫–∞–∫ —Å–∞–Ω—Ç–µ—Ö–Ω–∏–∫—É , —Ç–∞–∫ –∏ –º–µ–Ω–µ–¥–∂–µ—Ä—É . –ö —Å–æ–∂–∞–ª–µ–Ω–∏—é –Ω–µ —Å–ø—Ä–æ—Å–∏–ª–∞ –∏–º–µ–Ω–∞ .",,,,,,5,True,104,9,17,1,0,2,0,1,37.6
3920982,5,–í—ã–ø–æ–ª–Ω–µ–Ω–æ –±—ã—Å—Ç—Ä–æ –∏ –∫–∞—á–µ—Å—Ç–≤–µ–Ω–Ω–æ. –ü–æ—á–∏–Ω–∏–ª–∏ –ø–µ—Ä–∏–ª–∞.,,,,,,5,True,48,5,6,1,1,0,0,0,17.2
3921087,5,"—Å–ø–∞—Å–∏–±–æ –±–æ–ª—å—à–æ–µ, –æ—á–µ–Ω—å –±—ã—Å—Ç—Ä–æ –∏ –æ–ø–µ—Ä–∞—Ç–∏–≤–Ω–æ ,–º–∞—Å—Ç–µ—Ä –∫–ª–∞—Å—Å–Ω—ã–π , –æ—Ç–ª–∏—á–Ω–æ –∑–Ω–∞–µ—Ç —Å–≤–æ—é —Ä–∞–±–æ—Ç—É",,,,,,5,True,87,10,13,2,0,2,0,0,31.9
3921169,5,—Å–∞–Ω—Ç–µ—Ö–Ω–∏–∫ –ø—Ä–∏—à–µ–ª –≤ —Ç–µ—á–µ–Ω–∏–µ 20 –º–∏–Ω—É—Ç. –≤–µ–∂–ª–∏–≤—ã–π. –ø—Ä–æ–±–ª–µ–º—É —Ä–∞–∑—Ä–µ—à–∏–ª .,,,,,,5,True,66,7,10,0,0,0,0,2,23.8
3921394,5,—Å–ø–∞—Å–∏–±–æ —Å–µ–≥–æ–¥–Ω—è –≤–æ–∑–≤—Ä–∞—â–∞–ª—Å—è –¥–æ–º–æ–π –∏ –∑–∞–ø–∞—Ö–∞ –Ω–µ –ø–æ—á—É–≤—Å—Ç–≤–æ–≤–∞–ª,,,,,,5,True,58,5,8,0,0,1,0,0,20.3
3921414,5,–≠–ª–µ–∫—Ç—Ä–∏–∫ –ø—Ä–∏–±–µ–∂–∞–ª –æ–ø–µ—Ä–∞—Ç–∏–≤–Ω–æ –∏ –æ—Ç–∫–ª—é—á–∏–ª —Å–∏–≥–Ω–∞–ª –ø–æ–∂–∞—Ä–Ω–æ–π —Ç—Ä–µ–≤–æ–≥–∏.,,,,,,5,True,64,7,8,1,0,0,0,0,22.5
3921888,5,–°–ø–∞—Å–∏–±–æ –∑–∞ –ø—Ä—è–º—É—é —Å–≤—è–∑—å —Å–æ —Å–ø–µ—Ü–∏–∞–ª–∏—Å—Ç–æ–º –∫–æ—Ç–æ—Ä—ã–π —Å–º–æ–≥ —É—Å—Ç—Ä–∞–Ω–∏—Ç—å –Ω–µ–∏—Å–ø—Ä–∞–≤–Ω–æ—Å—Ç—å!,,,,,,5,True,77,7,10,0,0,2,0,0,27.099999999999998
3922048,5,"–¥–Ω—ë–º –∑–≤–æ–Ω–∏–ª–∏ –±—ã–ª –∑–∞–Ω—è—Ç –∑–∞ —Ä—É–ª—ë–º –∏–∑–≤–∏–Ω–∏—Ç–µ,,,, –≤–µ—á–µ—Ä–æ–º –ø—Ä–∏—à–ª–∏ –¥–æ–º–æ–π –≤—Å—ë –ø–µ—Ä–µ—Å–º–æ—Ç—Ä–µ–ª–∏ –ø—Ä–æ–≤–µ—Ä–∏–ª–∏ –≤–∞—à—É –∏–Ω—Ñ–æ—Ä–º–∞—Ü–∏—é —Å–ø–∞—Å–∏–±–æ –Ω–∞–º –≤—Å—ë –ø–æ–Ω—è—Ç–Ω–æ –≤—Å—ë –Ω–∞ –∫–∞–∂–¥—ã–π –≤–æ–ø—Ä–æ—Å –í—ã –æ—Ç–≤–µ—Ç–∏–ª–∏!!! —Å–ø–∞—Å–∏–±–æ –í–∞–º –±–æ–ª—å—à–æ–µ.!!!",,,,,,5,True,192,20,25,0,0,1,0,1,67.19999999999999
3922350,5,–û—á–µ–Ω—å –æ–ø–µ—Ä–∞—Ç–∏–≤–Ω–æ! –≤—Å√´ –∏—Å–ø—Ä–∞–≤–∏–ª–∏,,,,,,5,True,31,4,4,1,0,0,0,1,11.5
3922415,5,"–û—Ç–∑–≤–æ–Ω–∏–ª–∏—Å—å, –∑–∞—Ñ–∏–∫—Å–∏—Ä–æ–≤–∞–ª–∏, –¥–µ–∂—É—Ä–Ω—ã–π —ç–ª–µ–∫—Ç—Ä–∏–∫ –º–æ–ª–æ–¥–µ—Ü üëèüèª",,,,,,5,True,56,5,6,0,0,1,0,0,19.3
3922516,5,—Å–ø–∞—Å–∏–±–æ –æ–≥—Ä–æ–º–Ω–æ–µ –∑–∞ –±—ã—Å—Ç—Ä–æ–µ —Ä–µ—à–µ–Ω–∏–µ –º–æ–µ–π –∑–∞—è–≤–∫–∏! üëç,,,,,,5,True,50,5,8,1,0,1,0,0,18.200000000000003
3922726,5,"–≠–ª–µ–∫—Ç—Ä–∏–∫ –ø—Ä–∏—à–µ–ª, –≤—Å–µ –ø—Ä–æ–≤–µ—Ä–∏–ª –∏ –Ω–∞–º –æ–±—ä—è—Å–Ω–∏–ª –≤—Å–µ. –°–ø–∞—Å–∏–±–æ –±–æ–ª—å—à–æ–µ!",,,,,,5,True,66,6,10,0,0,1,0,0,23.3
3923075,5,–°–ø–∞—Å–∏–±–æ –±–æ–ª—å—à–æ–µ –∑–∞ –æ–ø–µ—Ä–∞—Ç–∏–≤–Ω–æ—Å—Ç—å! –•–æ—Ä–æ—à–µ–≥–æ –¥–Ω—è –≤–∞–º!,,,,,,5,True,51,5,7,1,0,1,0,0,18.299999999999997
3923181,5,–í—Å–µ —Ö–æ—Ä–æ—à–æ ! –ë—ã—Å—Ç—Ä–æ –ø—Ä–∏—à–µ–ª –º–∞—Å—Ç–µ—Ä —Å–¥–µ–ª–∞–ª –≤—Å–µ —á–µ—Ç–∫–æ .,,,,,,5,True,52,6,9,1,0,1,1,0,19.5
3923395,5,"–°–µ—Ä–≥–µ–π –ê–Ω–∞—Ç–æ–ª—å–µ–≤–∏—á, –º–∞—Å—Ç–µ—Ä —Å–≤–æ–µ–≥–æ –¥–µ–ª–∞. –í—ã–ø–æ–ª–Ω–∏–ª —Ä–∞–±–æ—Ç—É –±—ã—Å—Ç—Ä–æ –∏ –∫–∞—á–µ—Å—Ç–≤–µ–Ω–Ω–æ, —Å–ø–∞—Å–∏–±–æ.",,,,,,5,True,86,9,11,1,1,2,1,0,31.3
3923512,5,"–û—Ç–ª–∏—á–Ω—ã–π —Å–ø–µ—Ü–∏–∞–ª–∏—Å—Ç, –≤–æ–ø—Ä–æ—Å —Ä–µ—à–µ–Ω. –°–ø–∞—Å–∏–±–æ.",,,,,,5,True,43,4,5,0,0,2,0,1,15.600000000000001
3923554,5,—É—Å—Ç—Ä–∞–Ω–∏–ª–∏ –Ω–µ–ø–æ–ª–∞–¥–∫—É –æ—á–µ–Ω—å –æ–ø–µ—Ä–∞—Ç–∏–≤–Ω–æ –∏ –∫–∞—á–µ—Å—Ç–≤–µ–Ω–Ω–æ. –±–æ–ª—å—à–æ–µ —Å–ø–∞—Å–∏–±–æ.,,,,,,5,True,68,6,8,1,1,1,0,1,24.4
3924430,5,"–°–ø–∞—Å–∏–±–æ! –ù–µ –¥–µ–ª–∞–π—Ç–µ —Ç–∞–∫ –±–æ–ª—å—à–µ, –∏–ª–∏ —Ö–æ—Ç—è –±—ã –∑–∞—Ä–∞–Ω–µ–µ –ø—Ä–µ–¥—É–ø—Ä–µ–∂–¥–∞–π—Ç–µ –æ —Ä–∞–Ω–Ω–µ–º –æ—Ç–∫–ª—é—á–µ–Ω–∏–∏ –≤–æ–¥—ã, —á—Ç–æ–± –ª—é–¥–∏ —Å –≤–µ—á–µ—Ä–∞ —É—Å–ø–µ–ª–∏ –µ—ë –Ω–∞–±—Ä–∞—Ç—å!!",,,,,,5,True,131,12,21,0,0,1,0,0,46.199999999999996
3924911,5,"–°–ø–∞—Å–∏–±–æ –±–æ–ª—å—à–æ–µ –º–∞—Å—Ç–µ—Ä—É, –≤—Å–µ –ø–æ—á–∏–Ω–∏–ª, –æ–±—ä—è—Å–Ω–∏–ª!",,,,,,5,True,47,4,6,0,0,2,0,0,16.700000000000003
3925142,5,—Å–ø–∞—Å–∏–±–æ –±–æ–ª—å—à–æ–µ –≤—Å–µ–º –∫—Ç–æ –ø–æ–º–æ–≥ —Ä–µ—à–∏—Ç—å –¥–∞–Ω–Ω—É—é –ø—Ä–æ–±–ª–µ–º—É,,,,,,5,True,53,7,8,0,0,1,0,1,19.5
3925271,5,"–°–ø–∞—Å–∏–±–æ –æ–≥—Ä–æ–º–Ω–æ–µ –ü–µ—Ç—Ä–∏–Ω–µ –û–∫—Å–∞–Ω–µ –í–¥–∞–¥–∏–º–∏—Ä–æ–≤–Ω–µ. –ò–∑ 5 –∑–∞—è–≤–æ–∫ —Ç–æ–ª—å–∫–æ –æ–Ω–∞ —Å–º–æ–≥–ª–∞ –ø—Ä–∞–≤–∏–ª—å–Ω–æ –æ—Ç–≤–µ—Ç–∏—Ç—å –Ω–∞ –∑–∞—è–≤–∫—É. –ê –æ—Å—Ç–∞–ª—å–Ω—ã—Ö –º–æ–∂–µ—Ç–µ —É–≤–æ–ª—å–Ω—è—Ç—å ,—Ä–∞–±–æ—Ç–∞—é—Ç –≤–∏–¥–Ω–æ –¥–ª—è –≥–∞–ª–æ—á–∫–∏.",,,,,,5,True,163,16,23,0,0,1,0,0,57.0
3925459,5,–∑–∞–º–µ—á–∞—Ç–µ–ª—å–Ω—ã–π —à—É—Ç—Ä–æ –∏ –±—ã—Å—Ç—Ä–æ —Å–¥–µ–ª–∞–ª–∏ –ú–æ–ª–æ–¥–µ—Ü üëç,,,,,,5,True,46,5,7,1,0,1,1,0,17.099999999999998
3925871,5,–û–ø–µ—Ä–∞—Ç–∏–≤–Ω–æ. –û—á–µ–Ω—å –≤–µ–∂–ª–∏–≤—ã–π —Å–∞–Ω—Ç–µ—Ö–Ω–∏–∫. –ü—Ä–∏—è—Ç–Ω–æ –±—ã–ª–æ –æ–±—â–∞—Ç—å—Å—è –∏ –ø–æ–ª—É—á–∏—Ç—å —Ä–µ—à–µ–Ω–∏–µ –ø—Ä–æ–±–ª–µ–º—ã —á–µ—Ä–µ–∑ 25 –º–∏–Ω—É—Ç. –°–ø–∞—Å–∏–±–æ.,,,,,,5,True,112,11,15,1,0,1,0,1,39.7
3926847,5,–°–æ—Ç—Ä—É–¥–Ω–∏–∫ –ø–æ–∑–≤–æ–Ω–∏–ª –∏ –≤—Å—ë –ø–æ–Ω—è—Ç–Ω–æ –æ–±—ä—è—Å–Ω–∏–ª. –°–ø–∞—Å–∏–±–æ.,,,,,,5,True,51,4,7,0,0,2,0,0,18.099999999999998
3926885,5,–°–ø–∞—Å–∏–±–æ –í–∞–º –¢–∞—Ç—å—è–Ω–∞. –•–æ—Ä–æ—à–µ–≥–æ –¥–Ω—è ü§ùüëçüòé,,,,,,5,True,37,4,6,0,0,1,0,0,13.400000000000002
3927330,5,"–°–æ—Ç—Ä—É–¥–Ω–∏–∫ —Å—É–ø–µ—Ä,–≤–µ–∂–ª–∏–≤—ã–π –∏ —Ä–∞–±–æ—Ç–∞ –≤—ã–ø–æ–ª–Ω–µ–Ω–∞ –Ω–∞ 5+",,,,,,5,True,49,5,7,0,0,1,0,0,17.4
3927378,5,–°–ø–∞—Å–∏–±–æ. –û—á–µ–Ω—å –±—ã—Å—Ç—Ä–æ –ø—Ä–∏–Ω—è–ª–∏ –º–µ—Ä—ã.,,,,,,5,True,35,4,5,1,0,1,0,0,12.9
3927621,5,"–æ—Ç–∑—ã–≤—á–∏–≤—ã–µ –º–µ–Ω–µ–¥–∂–µ—Ä—ã, –≤—Å–µ–º —Å–ø–∞—Å–∏–±–æ –∑–∞ –±—ã—Å—Ç—Ä–æ—Ç—É",,,,,,5,True,46,4,6,1,0,2,0,0,16.7
3927815,5,–û–ø–µ—Ä–∞—Ç–∏–≤–Ω–æ –∏ —á–µ—Ç–∫–æ —Ä–µ—à–µ–Ω –≤–æ–ø—Ä–æ—Å. –ë–ª–∞–≥–æ–¥–∞—Ä—é.,,,,,,5,True,43,5,6,1,0,1,0,1,16.0
3928192,5,—Å–ø–∞—Å–∏–±–æ –±–æ–ª—å—à–æ–µ –∑–∞ –ø–æ–º–æ—â—å!–ú–∞—Ä–∏—è —Ä–µ—à–∏–ª–∞ –±—ã—Å—Ç—Ä–æ –≤–æ–ø—Ä–æ—Å.–ù–∞—Å—Ç–æ—è—â–∏–π —Å–ø–µ—Ü–∏–∞–ª–∏—Å—Ç.,,,,,,5,True,74,6,8,1,0,2,0,2,26.5
3928290,5,"–ë–ª–∞–≥–æ–¥–∞—Ä—è –ø–æ–º–æ—â–∏ –ê–Ω–∞—Å—Ç–∞—Å–∏–∏, –±—ã—Å—Ç—Ä–æ –≤—Å—ë —Ä–µ—à–∏–ª–∏. –û—Ç–ª–∏—á–Ω–∞—è, –æ–ø–µ—Ä–∞—Ç–∏–≤–Ω–∞—è —Ä–∞–±–æ—Ç–∞",,,,,,5,True,75,7,9,2,0,1,0,1,26.9
3928349,5,–í—Å–µ —É—Å—Ç—Ä–∞–Ω–∏–ª–∏ –≤ –∫–æ—Ä–æ—Ç–∫–∏–µ —Å—Ä–æ–∫–∏. –ú–æ–ª–æ–¥—Ü—ã,,,,,,5,True,39,4,6,0,0,0,0,1,14.0
3928497,5,"–±—ã—Å—Ç—Ä–æ, –∫–∞—á–µ—Å—Ç–≤–µ–Ω–Ω–æ, –±–µ–∑ –ª–∏—à–Ω–∏—Ö –≤–æ–ø—Ä–æ—Å–æ–≤ –∏ –Ω—é–∞–Ω—Å–æ–≤",,,,,,5,True,50,5,7,1,1,0,0,1,18.299999999999997
3929549,5,"–û–∫–∞–∑–∞–ª–æ—Å—å, —á—Ç–æ —ç—Ç–æ –Ω–µ –∞–≤–∞—Ä–∏—è, –∞ –Ω—é–∞–Ω—Å—ã —Å–∏—Å—Ç–µ–º—ã –≤–æ–¥–æ—Å–Ω–∞–±–∂–µ–Ω–∏—è –∏ –æ—Ç–æ–ø–ª–µ–Ω–∏—è. –í—Å—ë –ø–æ–¥—Ä–æ–±–Ω–æ –æ–±—ä—è—Å–Ω–∏–ª–∏, —Å–ø–∞—Å–∏–±–æ!)",,,,,,5,True,107,8,15,0,0,1,0,0,37.0
3929557,5,"–°–ø–∞—Å–∏–±–æ. –û—Ç–ª–∏—á–Ω–∞—è —Ä–∞–±–æ—Ç–∞, –ø—Ä–µ–∫—Ä–∞—Å–Ω—ã–π –∫–æ–ª–ª–µ–∫—Ç–∏–≤",,,,,,5,True,46,4,5,0,0,1,0,0,15.9
3930202,5,–°–ø–∞—Å–∏–±–æ –±–æ–ª—å—à–æ–µ –∑–∞ –æ–ø–µ—Ä–∞—Ç–∏–≤–Ω–æ–µ —Ä–µ–∞–≥–∏—Ä–æ–≤–∞–Ω–∏–µ –∏ —É—Å—Ç—Ä–∞–Ω–µ–Ω–∏–µ –Ω–µ–∏—Å–ø—Ä–∞–≤–Ω–æ—Å—Ç–µ–π!,,,,,,5,True,72,5,8,1,0,1,0,0,24.8
3930255,5,–ë–æ–ª—å—à–æ–µ —Å–ø–∞—Å–∏–±–æ –∑–∞ –æ–ø–µ—Ä–∞—Ç–∏–≤–Ω–æ—Å—Ç—å —Ä–µ—à–µ–Ω–∏—è –≤–æ–ø—Ä–æ—Å–∞!,,,,,,5,True,49,4,6,1,0,1,0,1,17.599999999999998
3930751,5,"–≠–ª–µ–∫—Ç—Ä–∏–∫ –±—ã—Å—Ç—Ä–æ –ø—Ä–∏—à—ë–ª –∏ –≤—Å—ë —É—Å—Ç—Ä–∞–Ω–∏–ª! –°–ø–∞—Å–∏–±–æ, –æ—á–µ–Ω—å –¥–æ–≤–æ–ª–µ–Ω —Ä–∞–±–æ—Ç–æ–π!",,,,,,5,True,70,7,10,1,0,1,0,1,25.299999999999997
3930767,5,"–°–ø–∞—Å–∏–±–æ –∑–∞ –æ–ø–µ—Ä–∞—Ç–∏–≤–Ω–æ—Å—Ç—å, –∂–µ–ª–∞—Ç–µ–ª—å–Ω–æ –ø—Ä–æ–≤–µ—Ä–∏—Ç—å –∏ –¥—Ä—É–≥–∏–µ —Å—Ç–æ–ª–±—ã –æ—Å–≤–µ—â–µ–Ω–∏—è",,,,,,5,True,72,6,9,1,0,1,0,0,25.2
3930927,5,–û–ø–µ—Ä–∞—Ç–∏–≤–Ω–æ –∏ –∫–∞—á–µ—Å—Ç–≤–µ–Ω–Ω–æ –º–∞—Å—Ç–µ—Ä —Ä–µ—à–∏–ª –ø—Ä–æ–±–ª–µ–º—É! –û–≥—Ä–æ–º–Ω–æ–µ —Å–ø–∞—Å–∏–±–æ –µ–º—É.,,,,,,5,True,69,7,9,1,1,2,0,2,25.7
3932129,5,"–û–ø–µ—Ä–∞—Ç–∏–≤–Ω–æ, –∞–∫–∫—É—Ä–∞—Ç–Ω–æ, –≤ —É–¥–æ–±–Ω–æ–µ –≤—Ä–µ–º—è.",,,,,,5,True,39,4,5,1,1,0,0,0,14.1
3932312,5,"–ë—ã—Å—Ç—Ä–æ –æ–±—Ä–∞–±–æ—Ç–∞–ª–∏ –∑–∞—è–≤–∫—É, —Å–ø–∞—Å–∏–±–æ –∑–∞ –æ–ø–µ—Ä–∞—Ç–∏–≤–Ω–æ—Å—Ç—å",,,,,,5,True,50,4,6,2,0,1,0,0,17.9
3932575,5,–•–æ—Ä–æ—à–∏–π –º–∞—Å—Ç–µ—Ä —Å–¥–µ–ª–∞–ª –≤—Å—ë –±—ã—Å—Ç—Ä–æ,,,,,,5,True,32,4,5,1,0,1,1,0,12.3
3932946,5,"–ú–∞—Å—Ç–µ—Ä –ø—Ä–∏—à–µ–ª –Ω–∞ —Å–ª–µ–¥—É—é—â–∏–π –¥–µ–Ω—å –∏ –æ—Ç–≤–µ—Ç–∏–ª –Ω–∞ –≤—Å–µ –≤–æ–ø—Ä–æ—Å—ã, –≤—ã–¥–∞–ª —Ä–µ–∫–æ–º–µ–Ω–¥–∞—Ü–∏–∏ –ø–æ —É—Å—Ç—Ä–∞–Ω–µ–Ω–∏—é –ø—Ä–æ–±–ª–µ–º—ã. –°–ø–∞—Å–∏–±–æ!",,,,,,5,True,109,10,15,0,0,2,0,2,38.9
3932950,5,–í—Å–µ —Å–¥–µ–ª–∞–ª–∏ –æ—á–µ–Ω—å –±—ã—Å—Ç—Ä–æ! –°–ø–∞—Å–∏–±–æ –±–æ–ª—å—à–æ–µ!,,,,,,5,True,42,4,6,1,0,1,1,0,15.500000000000002
3932971,5,"–ü—Ä–∏ –ª–∏—á–Ω–æ–º –æ–±—â–µ–Ω–∏–∏ –±—ã–ª–∏ —Ä–µ—à–µ–Ω—ã –≤—Å–µ –≤–æ–ø—Ä–æ—Å—ã, –ø–æ–ª–Ω–æ–µ –≤–∑–∞–∏–º–æ–ø–æ–Ω–∏–º–∞–Ω–∏–µ, –æ—Ç–ª–∏—á–Ω–æ –≤—ã–ø–æ–ª–Ω–µ–Ω–Ω–∞—è —Ä–∞–±–æ—Ç–∞...",,,,,,5,True,97,10,12,0,0,0,0,1,33.8
3933243,5,"–æ—á–µ–Ω—å –±—ã—Å—Ç—Ä–æ –æ—Ç—Ä–µ–∞–≥–∏—Ä–æ–≤–∞–ª–∏..–ø–æ—Å–º–æ—Ç—Ä–∏–º ,–∫–∞–∫ –¥–∞–ª—å—à–µ –±—É–¥–µ—Ç..",,,,,,5,True,57,6,6,1,0,0,0,0,19.799999999999997
3933289,5,"–ó–¥—Ä–∞–≤—Å—Ç–≤—É–π—Ç–µ. –°–ø–∞—Å–∏–±–æ –ì–µ–Ω–Ω–∞–¥–∏—é –∑–∞ —Ä–∞–±–æ—Ç—É. –í—Å–µ –ø—Ä–æ–≤–µ—Ä–∏–ª –∏ —Ä–µ—à–∏–ª —Ä–∞–±–æ—Ç—É. –ü—Ä–æ—Å—å–±–∞ –µ—Å–ª–∏ —Ä–∞–Ω–µ–µ –≤–æ–ø—Ä–æ—Å –Ω–µ —Ä–µ—à–µ–Ω, —Ç–æ –Ω–µ –∑–∞–∫—Ä—ã–≤–∞—Ç—å –∑–∞—è–≤–∫–∏ –ø—Ä–æ—Å—Ç–æ —Ç–∞–∫, –∞ –ø–µ—Ä–µ–¥–∞–≤–∞—Ç—å –∏–Ω—Ñ–æ—Ä–º–∞—Ü–∏—é —Å–ø–µ—Ü–∏–∞–ª–∏—Å—Ç–∞–º –≤ —É–∫–∞–∑–∞–Ω–Ω–æ–π —Å—Ñ–µ—Ä–µ.",,,,,,5,True,197,16,27,0,0,2,0,2,68.9
3933331,5,"–ë–ª–∞–≥–æ–¥–∞—Ä—é –∑–∞ –æ–ø–µ—Ä–∞—Ç–∏–≤–Ω–æ–µ —Ä–µ—à–µ–Ω–∏–µ. –û—Ç–≤–µ—Ç—Å—Ç–≤–µ–Ω–Ω—ã–π —Å–æ—Ç—Ä—É–¥–Ω–∏–∫ –¥–µ—Ä–∂–∞–ª –º–µ–Ω—è –≤ –∫—É—Ä—Å–µ –≤—ã–ø–æ–ª–Ω–µ–Ω–∏—è –∑–∞—è–≤–∫–∏,–∑–∞ —á—Ç–æ –µ–º—É –æ—Ç–¥–µ–ª—å–Ω–æ–µ —Å–ø–∞—Å–∏–±–æ.–û—á–µ–Ω—å –∫–ª–∏–µ–Ω—Ç–æ–æ—Ä–∏–µ–Ω—Ç–∏—Ä–æ–≤–∞–Ω–Ω—ã–π –ø–æ–¥—Ö–æ–¥! –°–ø–∞—Å–∏–±–æ!",,,,,,5,True,170,14,19,1,0,3,0,0,58.8
3934049,5,"–û–≥—Ä–æ–º–Ω–æ–µ —Å–ø–∞—Å–∏–±–æ, –æ—á–µ–Ω—å –ø–æ–º–æ–≥–ª–∏! –ë—ã—Å—Ç—Ä–æ –∏ –ø—Ä–æ—Ñ–µ—Å—Å–∏–æ–Ω–∞–ª—å–Ω–æ!",,,,,,5,True,58,5,7,1,1,1,0,0,20.699999999999996
3934243,5,"–°–ø–∞—Å–∏–±–æ –æ–≥—Ä–æ–º–Ω–æ–µ –¢–∞—Ç—å—è–Ω–µ, –≤–æ–ø—Ä–æ—Å —Ä–µ—à–∏–ª—Å—è –æ—á–µ–Ω—å –æ–ø–µ—Ä–∞—Ç–∏–≤–Ω–æ –∏ —á–µ—Ç–∫–æ.",,,,,,5,True,66,7,9,1,0,1,0,2,24.2
3934485,5,"–°–ø–∞—Å–∏–±–æ –æ–ø–µ—Ä–∞—Ç–æ—Ä—É, –¥–µ–∂. (–∞–≤–∞—Ä–∏–π–Ω–æ–π) —Å–º–µ–Ω–µ –∑–∞ –æ–ø–µ—Ä–∞—Ç–∏–≤–Ω—É—é —Ä–∞–±–æ—Ç—É!!!",,,,,,5,True,66,6,8,1,0,1,0,0,23.200000000000003
3934549,5,"–û—Ç—Ä–µ–∞–≥–∏—Ä–æ–≤–∞–ª–∏ –æ–ø–µ—Ä–∞—Ç–∏–≤–Ω–æ, –ø—Ä–æ–±–ª–µ–º—É —Ä–µ—à–∏–ª–∏ –∏ –∏—Å–ø—Ä–∞–≤–∏–ª–∏ –ø–æ –∑–≤–æ–Ω–∫—É —Ç–µ–ª–µ—Ñ–æ–Ω–∞!",,,,,,5,True,73,7,9,1,0,0,0,3,26.299999999999997
3934613,5,–û–ª—å–≥–∞ –ü—Ç—É—à–∫–∏–Ω–∞ –æ—á–µ–Ω—å –±—ã—Å—Ç—Ä–æ –∏ –≥—Ä–∞–º–æ—Ç–Ω–æ —Ä–µ—à–∏–ª–∞ –Ω–∞—à –≤–æ–ø—Ä–æ—Å .–ë–æ–ª—å—à–æ–µ —Å–ø–∞—Å–∏–±–æ !!!,,,,,,5,True,77,8,12,1,0,1,0,2,28.3
3934651,5,–æ—á–µ–Ω—å –æ–ø–µ—Ä–∞—Ç–∏–≤–Ω–æ –≤–Ω–µ—Å–ª–∏ –¥–∞–Ω–Ω—ã–µ –ø–æ –ø–æ–≤–µ—Ä–∫–µ,,,,,,5,True,41,5,6,1,0,0,0,0,14.8
3934695,5,"–°–ø–∞—Å–∏–±–æ –í–∞–º –±–æ–ª—å—à–æ–µ, –±—ã—Å—Ç—Ä–æ —Å—Ä–µ–∞–≥–∏—Ä–æ–≤–∞–ª–∏",,,,,,5,True,40,4,5,1,0,1,0,0,14.4
3934913,5,"–°–∞–Ω—Ç–µ—Ö–Ω–∏–∫ –æ—á–µ–Ω—å –±—ã—Å—Ç—Ä–æ –æ—Ç–∫–ª—é—á–∏–ª –≤–æ–¥—É, –∞ —Å–≤–∞—Ä—â–∏–∫ –æ—á–µ–Ω—å –±—ã—Å—Ç—Ä–æ –∏ –∫–∞—á–µ—Å—Ç–≤–µ–Ω–Ω–æ —É—Å—Ç—Ä–∞–Ω–∏–ª –ø—Ä–æ–±–ª–µ–º—É –≤–Ω–æ–≤—å, –Ω–∞–¥–µ—é—Å—å, –±–æ–ª—å—à–µ –Ω–µ —É–≤–∏–¥–∏–º—Å—è",,,,,,5,True,127,15,16,1,1,0,0,2,45.50000000000001
3935268,5,–ë–æ–ª—å—à–æ–µ —Å–ø–∞—Å–∏–±–æ —è! –û–ø–µ—Ä–∞—Ç–∏–≤–Ω–æ –≤—Å–µ —Å–¥–µ–ª–∞–ª–∏!,,,,,,5,True,42,4,6,1,0,1,1,0,15.500000000000002
3936198,5,"–¢–∞—Ç—å—è–Ω–∞ - —Å—É–ø–µ—Ä —Å–æ—Ç—Ä—É–¥–Ω–∏–∫, –æ–ø–µ—Ä–∞—Ç–∏–≤–Ω–æ —Ä–µ—à–∞–µ—Ç –≤—Å–µ –≤–æ–ø—Ä–æ—Å—ã, –∫–∞—Å–∞—Ç–µ–ª—å–Ω–æ –∞—Ä–µ–Ω–¥—ã –ø–∞—Ä–∫–æ–≤–æ—á–Ω–æ–≥–æ –º–µ—Å—Ç–∞ –≤ –ü—Ä–∏–≥–æ—Ä–æ–¥–µ –õ–µ—Å–Ω–æ–º. –¢–∞—Ç—å—è–Ω–∞ –º–∞–∫—Å–∏–º–∞–ª—å–Ω–æ –æ—Ç–≤–µ—Ç—Å—Ç–≤–µ–Ω–Ω—ã–π –∏ –æ—Ç–∑—ã–≤—á–∏–≤—ã–π —á–µ–ª–æ–≤–µ–∫! –õ—É—á—à–∏–π —Å–æ—Ç—Ä—É–¥–Ω–∏–∫ –≤ –£–ø—Ä–∞–≤–ª—è—é—â–µ–π –∫–æ–º–ø–∞–Ω–∏–∏, –ø–æ –º–æ–µ–º—É –ª–∏—á–Ω–æ–º—É –º–Ω–µ–Ω–∏—é!",,,,,,5,True,236,23,28,1,0,1,0,1,81.89999999999999
3936258,5,–†–µ–∞–≥–∏—Ä–æ–≤–∞–ª–∏ –±—ã—Å—Ç—Ä–æ –æ—Ç–∫–ª—é—á–∏–ª–∏ —Å–∏–≥–Ω–∞–ª–∏–∑–∞—Ü–∏—é –ø–æ–∂–∞—Ä–Ω—ã–π —Ç—Ä–µ–≤–æ–≥–∏. –°–ø–∞—Å–∏–±–æ –æ–≥—Ä–æ–º–Ω–æ–µ!,,,,,,5,True,77,7,8,1,0,1,0,0,26.7
3936546,5,"–ó–¥—Ä–∞–≤—Å—Ç–≤—É–π—Ç–µ! –ë–æ–ª—å—à–æ–µ —Å–ø–∞—Å–∏–±–æ –¥–µ–∂—É—Ä–Ω–æ–º—É –¥–∏—Å–ø–µ—Ç—á–µ—Ä—É-–ø–µ—Ä–µ–∑–≤–æ–Ω–∏–ª –≤ —Ç–µ—á–µ–Ω–∏–µ 5 –º–∏–Ω—É—Ç –æ—Ç –ø–æ–¥–∞—á–∏ –∑–∞—è–≤–∫–∏. –ë–ª–∞–≥–æ–¥–∞—Ä—é –∑–∞ —Å–æ—Ç—Ä—É–¥–Ω–∏—á–µ—Å—Ç–≤–æ! –° —É–≤–∞–∂–µ–Ω–∏–µ–º, –Æ. –ü.",,,,,,5,True,145,10,19,0,0,2,0,0,49.9
3936835,5,–°–ø–∞—Å–∏–±–æ –±–æ–ª—å—à–æ–µ. –ü—Ä–æ–±–ª–µ–º—É –º–∞—Å—Ç–µ—Ä —Ä–µ—à–∏–ª –±—ã—Å—Ç—Ä–æ –∏ –∫–∞—á–µ—Å—Ç–≤–µ–Ω–Ω–æ üëç!!!,,,,,,5,True,64,6,9,1,1,2,0,2,24.0
3936898,5,"–°–ø–∞—Å–∏–±–æ, –í–∞–ª–µ—Ä–∏—é! –í—Å–µ –∏—Å–ø—Ä–∞–≤–∏–ª, —Ç–µ–ø–µ—Ä—å –¥–æ–º–∞ —Ç–∏—à–∏–Ω–∞ –∏ —Å–ø–æ–∫–æ–π—Å—Ç–≤–∏–µ‚ò∫Ô∏è",,,,,,5,True,66,5,9,0,0,1,0,1,23.200000000000003
3937325,5,"—Å–ø–µ—Ü–∏–∞–ª–∏—Å—Ç—ã –ø—Ä–∏–µ—Ö–∞–ª–∏ –±—ã—Å—Ç—Ä–æ, —Å–ø—É—Å—Ç–∏–ª–∏ –≥—Ä—É–∑–æ–≤–æ–π –∑–∞—Å—Ç—Ä—è–≤—à–∏–π –ª–∏—Ñ—Ç –Ω–∞ 1 —ç—Ç–∞–∂, –æ—Å–≤–æ–±–æ–¥–∏–ª–∏ —á–µ–ª–æ–≤–µ–∫–∞. –±–æ–ª—å—à–æ–µ —Å–ø–∞—Å–∏–±–æ",,,,,,5,True,110,11,14,1,0,2,0,0,38.9
3937478,5,"–û–ª—å–≥–∞, –±–æ–ª—å—à–æ–µ —Å–ø–∞—Å–∏–±–æ. –•–æ—Ä–æ—à–µ–≥–æ –¥–Ω—è.",,,,,,5,True,37,4,5,0,0,1,0,0,13.200000000000001
3938059,5,"–†–∞–±–æ—Ç—ã –Ω–µ–ø–æ—Å—Ä–µ–¥—Å—Ç–≤–µ–Ω–Ω–æ –ø–æ –∑–∞–º–µ–Ω–µ —Å–ª–∏–≤–Ω–æ–π —Ñ—É—Ä–Ω–∏—Ç—É—Ä—ã –≤–∞–Ω–Ω—ã –≤—ã–ø–æ–ª–Ω–µ–Ω—ã –±—ã—Å—Ç—Ä–æ –∏ –∫–∞—á–µ—Å—Ç–≤–µ–Ω–Ω–æ. –ê –≤–æ—Ç —Å–æ–≥–ª–∞—Å–æ–≤–∞–Ω–∏–µ —Ä–∞–±–æ—Ç - –ø—Ä–æ—Ü–µ—Å—Å –±–µ—Å–∫–æ–Ω–µ—á–Ω—ã–π, –∫ —Å–æ–∂–∞–ª–µ–Ω–∏—é –∏ –Ω–µ –≤ –ø–æ–ª—å–∑—É —Å–æ–±—Å—Ç–≤–µ–Ω–Ω–∏–∫–∞. –•–æ—Ä–æ—à–æ, —á—Ç–æ —É–¥–∞–ª–æ—Å—å –¥–æ—Å—Ç–∏—á—å –∫–æ–Ω—Å–µ–Ω—Å—É—Å–∞.",,,,,,5,True,216,20,29,1,1,0,0,0,75.19999999999999
3938452,5,"–£—Å—Ç—Ä–∞–Ω–∏–ª–∏ –±—ã—Å—Ç—Ä–æ. –•–æ—Ç–µ–ª–æ—Å—å –±—ã –∑–∞–º–µ—Ç–∏—Ç—å –≤ —Ü–µ–ª–æ–º –Ω–µ–¥–æ—Å—Ç–∞—Ç–∫–∏ –∫—Ä–µ–ø–ª–µ–Ω–∏—è –∫–∞–∫ –≤ –ø—Ä–æ–µ–∫—Ç–∏—Ä–æ–≤–∞–Ω–∏–∏, –∫–æ–≥–¥–∞ –≤ –º–µ—Ç–∞–ª–ª–∏—á–µ—Å–∫—É—é –¥–≤–µ—Ä—å –¥–æ–≤–æ–¥—á–∏–∫–∏ –∫—Ä–µ–ø—è—Ç—Å—è –æ–±—ã—á–Ω—ã–º–∏ —Å–∞–º–æ—Ä–µ–∑–∞–º–∏. –ü–æ –∫–æ–ª-–≤—É –¥—ã—Ä–æ–∫ –æ—Ç —Å—Ç–∞—Ä—ã—Ö –º–µ—Å—Ç –≤–∏–¥–Ω–æ, —á—Ç–æ —Å–∞–º–∞ –ø–æ —Å–µ–±–µ –º–µ—Ç–æ–¥–∏–∫–∞ –∫—Ä–µ–ø–ª–µ–Ω–∏—è –Ω–µ –ø—Ä–æ–¥—É–º–∞–Ω–∞. –°–∞–º–æ—Ä–µ–∑ –≤ –º–µ—Ç–∞–ª–ª - —Å–ª–∞–±–æ –∂–∏–≤—É—â–µ–µ —Ä–µ—à–µ–Ω–∏–µ, —Å –Ω–µ–¥–æ–ª–≥–∏–º –∂–∏–∑–Ω–µ–Ω–Ω—ã–º —Ü–∏–∫–ª–æ–º.",,,,,,4,True,316,30,41,1,0,0,0,1,109.6
3938558,5,"–ú–∞—Å—Ç–µ—Ä –¥–æ—Å—Ç–∞—Ç–æ—á–Ω–æ –±—ã—Å—Ç—Ä–æ —Ä–µ—à–∏–ª –Ω–∞—à –≤–æ–ø—Ä–æ—Å. –ù–∞–¥–æ –±—ã–ª–æ –ø–æ–≤–µ—Ä–Ω—É—Ç—å –Ω–∞–ø—Ä–∞–≤–ª–µ–Ω–∏–µ —Ä–µ–≥—É–ª—è—Ç–æ—Ä–∞ —Ç–µ–º–ø–µ—Ä–∞—Ç—É—Ä—ã –Ω–∞ –±–∞—Ç–∞—Ä–µ–µ –æ—Ç–æ–ø–ª–µ–Ω–∏—è –≤ –¥—Ä—É–≥—É—é —Å—Ç–æ—Ä–æ–Ω—É. –ü–æ—Å–ª–µ –≤—ã–ø–æ–ª–Ω–µ–Ω–∏—è —Ä–∞–±–æ—Ç—ã –∞–∫–∫—É—Ä–∞—Ç–Ω–æ –≤—Å–µ –ø—Ä–æ—Ç–µ—Ä,—á—Ç–æ –ø—Ä–∏—è—Ç–Ω–æ. –ë–æ–ª—å—à–æ–µ —Å–ø–∞—Å–∏–±–æ!",,,,,,5,True,211,22,27,1,1,2,0,2,74.9
3938597,5,–í—Å–µ –±—ã–ª–æ —Å–¥–µ–ª–∞–Ω–æ –±—ã—Å—Ç—Ä–æ –∏ –ø—Ä–æ—Ñ–µ—Å—Å–∏–æ–Ω–∞–ª—å–Ω–æ,,,,,,5,True,41,4,6,1,1,0,0,0,14.9
3938725,5,–û—á–µ–Ω—å –±—ã—Å—Ç—Ä–æ! –û–ø–µ—Ä–∞—Ç–∏–≤–Ω–æ –æ—Ç–≤–µ—Ç–∏–ª–∏! –°–ø–∞—Å–∏–±–æ!!!,,,,,,5,True,45,4,5,2,0,1,0,0,16.2
3939087,5,—Å–ø–∞—Å–∏–±–æ –±–æ–ª—å—à–æ–µ –≤–∞–º –∑–∞ –∫–∞—á–µ—Å—Ç–≤–µ–Ω–Ω—É—é —Ä–∞–±–æ—Ç—É.,,,,,,5,True,43,4,6,0,1,1,0,0,15.500000000000002
3940375,5,"–ü—Ä–∏—à–ª–∏,, –æ–∫–Ω–∞ –ø–æ–¥–∫—Ä—É—Ç–∏–ª–∏. –ë—ã—Å—Ç—Ä–æ.",,,,,,5,True,33,4,4,1,0,0,0,0,11.800000000000002
3940395,5,"—Å–ø–∞—Å–∏–±–æ —á—Ç–æ –ø–æ—Å—Ç–∞–≤–∏–ª–∏, —Ç–µ–ø–µ—Ä—å –∂–¥–µ–º –æ—Ç–æ–ø–ª–µ–Ω–∏—è —á—Ç–æ–± –ø–æ–Ω—è—Ç—å —Ä–∞–±–æ—Ç–∞–µ—Ç –∏–ª–∏ –Ω–µ—Ç.",,,,,,5,True,74,7,11,0,0,1,0,0,26.099999999999998
3940717,5,"–±—ã—Å—Ç—Ä–æ, –¥–ª—è –ø–æ–¥—ä–µ–∑–¥–∞ –≤–ø–æ–ª–Ω–µ —Ö–æ—Ä–æ—à–æ)",,,,,,5,True,35,4,5,1,0,0,0,0,12.600000000000001
3940861,5,"–ú–∞—Å—Ç–µ—Ä –≤—Å–µ —Å–¥–µ–ª–∞–ª –±—ã—Å—Ç—Ä–æ. –í—Å–µ –æ—Ç–ª–∏—á–Ω–æ, —Ä–∞–±–æ—Ç–æ–π –¥–æ–≤–æ–ª—å–Ω–∞",,,,,,5,True,55,6,7,1,0,1,1,0,19.999999999999996
3941162,5,–û—Ç–ª–∏—á–Ω–∞—è —Ä–∞–±–æ—Ç–∞! –æ—á–µ–Ω—å –ø—Ä–æ—Ñ–µ—Å—Å–∏–æ–Ω–∞–ª—å–Ω—ã–π –∏ –≤–µ–∂–ª–∏–≤—ã–π —Å–æ—Ç—Ä—É–¥–Ω–∏–∫!,,,,,,5,True,61,6,7,0,1,1,0,0,21.5
3941310,5,"–±—ã—Å—Ç—Ä–æ —Å—Ä–∞–±–æ—Ç–∞–ª–∏, –ø–æ–∑–≤–æ–Ω–∏–ª–∏, —Å–∫–∞–∑–∞–ª–∏, —á—Ç–æ –≤—Å–µ —Ö–æ—Ä–æ—à–æ ,–ª–æ–∂–Ω–∞—è —Ç—Ä–µ–≤–æ–≥–∞",,,,,,5,True,68,7,9,1,0,0,0,0,23.9
3941386,5,–±—ã—Å—Ç—Ä–æ –∏ –æ–ø–µ—Ä–∞—Ç–∏–≤–Ω–æ –¥–µ–º–æ–Ω—Ç–∏—Ä–æ–≤–∞–ª–∏ –∑–∞–º–æ–∫,,,,,,5,True,39,4,5,2,0,0,0,0,14.1
3941548,5,—Å—É–ø–µ—Ä-–±—ã—Å—Ç—Ä–æ –ø–æ–º–æ–≥–ª–∏. –ø–æ —Ç–µ–ª–µ—Ñ–æ–Ω—É –ø–æ–º–æ–≥–ª–∏ –≤—Å–µ —Ä–µ—à–∏—Ç—å. –æ—Ç–ª–∏—á–Ω–æ!,,,,,,5,True,62,5,8,1,0,0,0,0,21.5
3941672,5,–õ–∏—Ñ—Ç —Å–Ω–æ–≤–∞ —Ä–∞–±–æ—Ç–∞–µ—Ç. –ó–∞—è–≤–∫—É –∏—Å–ø–æ–ª–Ω–∏–ª–∏ –æ—á–µ–Ω—å –±—ã—Å—Ç—Ä–æ,,,,,,5,True,50,7,7,1,0,0,1,0,18.4
3941762,5,"–ü—Ä–æ–±–ª–µ–º–∞ —É—Å—Ç—Ä–∞–Ω–µ–Ω–∞, –¥–æ—Å—Ç–∞—Ç–æ—á–Ω–æ –æ–ø–µ—Ä–∞—Ç–∏–≤–Ω–æ",,,,,,5,True,41,4,4,1,0,0,0,1,14.5
3941800,5,"–°–ø–∞—Å–∏–±–æ —Å–æ—Ç—Ä—É–¥–Ω–∏–∫—É —É–∫ –ù–∏–∫–∏—Ç–∞, –±–ª–∞–≥–æ–¥–∞—Ä—è –µ–º—É –Ω–∞–º –Ω–æ—Ä–º–∞–ª—å–Ω–æ –ø–æ–º—ã–ª–∏ —ç—Ç–∞–∂, —Å–ø–∞—Å–∏–±–æ –±–æ–ª—å—à–æ–µ",,,,,,5,True,86,9,11,0,0,3,0,0,30.7
3941819,5,"–í–æ–ø—Ä–æ—Å–æ–≤ –Ω–µ—Ç, –º–æ–ª–æ–¥—Ü—ã. –°—É–ø–µ—Ä –æ–ø–µ—Ä–∞—Ç–∏–≤–Ω–æ",,,,,,5,True,39,5,5,1,0,0,0,1,14.299999999999999
3941927,5,"–≤—Å—ë –ø—Ä–æ—à–ª–æ –æ—Ç–ª–∏—á–Ω–æ, –∑–∞—Ä–∞–Ω–µ–µ –ø–æ–∑–≤–æ–Ω–∏–ª –ø—Ä–µ–¥—É–ø—Ä–µ–¥–∏–ª –æ –ø—Ä–∏—Ö–æ–¥–µ, —Å–¥–µ–ª–∞–ª –≤—Å—ë –±—ã—Å—Ç—Ä–æ, –≤–µ–∂–ª–∏–≤—ã–π, —Ä–∞–∑—É–ª—Å—è —Ö–æ—Ç—è —è –≥–æ–≤–æ—Ä–∏–ª —á—Ç–æ –Ω–µ –Ω—É–∂–Ω–æ —É –Ω–∞—Å –ø—ã–ª—å–Ω–æ. –°–ø–∞—Å–∏–±–æ.",,,,,,5,True,147,15,22,1,0,1,1,0,52.4
3942424,5,–û–ø–µ—Ä–∞—Ç–∏–≤–Ω–æ –º–∞—Å—Ç–µ—Ä –ø–æ–¥–æ—à—ë–ª. –í—Å–µ –Ω–µ–ø–æ–ª–∞–¥–∫–∏ —É—Å—Ç—Ä–∞–Ω–µ–Ω—ã. –ú–∞—Å—Ç–µ—Ä - —Ç–∞–∫—Ç–∏—á–Ω—ã–π –º–æ–ª–æ–¥–æ–π —á–µ–ª–æ–≤–µ–∫. –°–ø–∞—Å–∏–±–æ!,,,,,,5,True,96,9,11,1,0,2,0,0,33.699999999999996
3942831,5,–†–æ–º–∞–Ω –∏ –µ–≥–æ –∫–æ–ª–ª–µ–≥–∞ –°–£–ü–ï–† —Å–ø–µ—Ü–∏–∞–ª–∏—Å—Ç—ã üëçüèªüëçüèªüëçüèª,,,,,,5,True,44,5,7,0,0,1,0,0,15.9
3942887,5,"–û–≥—Ä–æ–º–Ω–æ–µ —Å–ø–∞—Å–∏–±–æ, –∑–∞ –ø–æ–º–æ—â—å –∏ –ø—Ä–æ–¥–µ–ª–∞–Ω–Ω—É—é –í–∞–º–∏ —Ä–∞–±–æ—Ç—É!",,,,,,5,True,54,5,8,0,0,1,0,0,19.1
3943072,5,–ë–æ–ª—å—à–æ–µ —Å–ø–∞—Å–∏–±–æ –û–ª—å–≥–µ - –æ—á–µ–Ω—å –ø–æ–º–æ–≥–ª–∞ –∏ –æ—Ç–≤–µ—Ç–∏–ª–∞ –Ω–∞ –≤—Å–µ –≤–æ–ø—Ä–æ—Å—ã ‚ù§Ô∏è‚ù§Ô∏è‚ù§Ô∏è,,,,,,5,True,70,6,12,0,0,1,0,1,25.200000000000003
3943634,5,–û–≥—Ä–æ–º–Ω–æ–µ —Å–ø–∞—Å–∏–±–æ —Å–∞–Ω—Ç–µ—Ö–Ω–∏–∫—É –ì–µ–Ω–Ω–∞–¥–∏—é –∑–∞ –∫–∞—á–µ—Å—Ç–≤–µ–Ω–Ω–æ –æ–∫–∞–∑–∞–Ω–Ω—É—é —É—Å–ª—É–≥—É –∏ –ø—Ä–æ—Ñ–µ—Å—Å–∏–æ–Ω–∞–ª–∏–∑–º. –ü—Ä–∏—è—Ç–Ω–æ –∏–º–µ—Ç—å –¥–µ–ª–æ —Å —Ç–∞–∫–∏–º–∏ –ª—é–¥—å–º–∏.,,,,,,5,True,123,12,16,0,2,1,0,0,43.4
3944008,5,–°–ø–∞—Å–∏–±–æ! –í–æ–ø—Ä–æ—Å —Ä–µ—à–µ–Ω –≤ —Å–∂–∞—Ç—ã–µ —Å—Ä–æ–∫–∏ –∏ –±—ã–ª–∞ –ø—Ä–µ–¥–æ—Å—Ç–∞–≤–ª–µ–Ω–∞ –æ–±—Ä–∞—Ç–Ω–∞—è —Å–≤—è–∑—å.,,,,,,5,True,73,8,11,0,0,1,0,1,26.3
3944648,5,"–°–ø–∞—Å–∏–±–æ –∑–∞ –ø—Ä–æ–≤–µ—Ä–∫—É, –∑–∞ –æ–±—Ä–∞—Ç–Ω—ã–π –∑–≤–æ–Ω–æ–∫ –∏ —Ä–∞–∑—ä—è—Å–Ω–µ–Ω–∏–µ",,,,,,5,True,53,4,7,0,0,1,0,0,18.4
3944742,5,"—Å–ø–∞—Å–∏–±–æ, –Ω–æ –º–æ–∂–Ω–æ —É–±–∏—Ä–∞—Ç—å —Ä–µ–≥—É–ª—è—Ä–Ω–æ –∏ –±–µ–∑ –∑–∞—è–≤–æ–∫",,,,,,5,True,48,4,8,0,0,1,0,0,17.1
3945582,5,"–í—ã–ø–æ–ª–Ω–µ–Ω–æ –±—ã—Å—Ç—Ä–æ, –Ω–æ —Ö–æ—Ç–µ–ª–æ—Å—å –±—ã, —á—Ç–æ–±—ã —ç—Ç–æ–≥–æ –Ω–µ –ø—Ä–æ–∏—Å—Ö–æ–¥–∏–ª–æ.",,,,,,5,True,61,5,9,1,0,0,0,0,21.400000000000002
3945794,5,"–°–ø–∞—Å–∏–±–æ. –ù–∞ —É–¥–∏–≤–ª–µ–Ω–∏–µ, –≤–æ–ø—Ä–æ—Å –±—ã–ª —Ä–µ—à—ë–Ω –±—ã—Å—Ç—Ä–æ –∏ –æ–ø–µ—Ä–∞—Ç–∏–≤–Ω–æ.",,,,,,5,True,60,6,9,2,0,1,0,1,22.2
3946019,5,"–°–ø–∞—Å–∏–±–æ –±–æ–ª—å—à–æ–µ, –≤—Å–µ –≤—ã–ø–æ–ª–Ω–µ–Ω–æ –±—ã—Å—Ç—Ä–æ –∏ –∫–∞—á–µ—Å—Ç–≤–µ–Ω–Ω–æ üòäüëç",,,,,,5,True,54,4,8,1,1,1,0,0,19.5
3946414,5,–°–ø–µ—Ü–∏–∞–ª–∏—Å—Ç –ø—Ä–µ–∫—Ä–∞—Å–Ω–æ –≤—ã–ø–æ–ª–Ω–∏–ª —Ä–∞–±–æ—Ç—É! –ë–ª–∞–≥–æ–¥–∞—Ä–Ω–∞ –∑–∞ –æ—Ç–∑—ã–≤—á–∏–≤–æ—Å—Ç—å. –ë–æ–ª—å—à–µ –±—ã —Ç–∞–∫–∏—Ö —Å–æ—Ç—Ä—É–¥–Ω–∏–∫–æ–≤.,,,,,,5,True,94,9,11,0,0,3,1,0,33.400000000000006
3946768,5,"–í—Å–µ —Å–¥–µ–ª–∞–Ω–æ –æ–ø–µ—Ä–∞—Ç–∏–≤–Ω–æ, –º–∞—Å—Ç–µ—Ä –í–æ—Ä–æ–Ω–∫–æ–≤ –°–µ—Ä–≥–µ–π —Å–¥–µ–ª–∞–ª –≤—Å–µ –±—ã—Å—Ç—Ä–æ",,,,,,5,True,64,7,8,2,0,1,1,0,23.4
3946799,5,–û—á–µ–Ω—å –æ–ø–µ—Ä–∞—Ç–∏–≤–Ω–æ —Ä–µ—à–∏–ª–∏ –ø—Ä–æ–±–ª–µ–º—É,,,,,,5,True,32,4,4,1,0,0,0,2,12.100000000000001
3946934,5,"–°–ø–∞—Å–∏–±–æ –¢–∞—Ç—å—è–Ω–µ, –≤—Å—é –∏–Ω—Ñ–æ—Ä–º–∞—Ü–∏—é –æ–±–Ω–æ–≤–∏–ª–∏",,,,,,5,True,40,4,5,0,0,1,0,0,14.100000000000001
3947311,5,"–û—á–µ–Ω—å –ø–æ–¥—Ä–æ–±–Ω–æ, –±–æ–ª—å—à–æ–µ —Å–ø–∞—Å–∏–±–æ –∑–∞ –∫–æ–Ω—Å—É–ª—å—Ç–∞—Ü–∏—é!",,,,,,5,True,48,4,6,0,0,1,0,0,16.7
3947806,5,–°–ø–∞—Å–∏–±–æ —á—Ç–æ –≤ –Ω–∞—à–µ–π –£–ö –µ—Å—Ç—å —Ç–∞–∫–∏–µ —Å–ø–µ—Ü–∏–∞–ª–∏—Å—Ç—ã. –ü—Ä–∏—á–∏–Ω–∞ –æ—Ç—Å—É—Ç—Å—Ç–≤–∏—è —ç–ª–µ–∫—Ç—Ä–∏—á–µ—Å—Ç–≤–∞ –±—ã–ª–∞ –Ω–∞–π–¥–µ–Ω–∞ —Å—Ä–∞–∑—É –∏ –±—ã—Å—Ç—Ä–æ —É—Å—Ç—Ä–∞–Ω–µ–Ω–∞.,,,,,,5,True,118,13,17,1,0,2,0,0,42.3
3947929,5,–ü—Ä–µ–∫—Ä–∞—Å–Ω–æ –≤—ã–ø–æ–ª–Ω–µ–Ω–Ω–∞—è —Ä–∞–±–æ—Ç–∞. –ü–æ–ª—É—á–∏–ª —Ü–µ–Ω–Ω—É—é —Ä–µ–∫–æ–º–µ–Ω–¥–∞—Ü–∏—é –Ω–∞ –±—É–¥—É—â–µ–µ. –°–ø–∞—Å–∏–±–æ!,,,,,,5,True,78,7,9,0,0,1,0,0,26.9
3947984,5,–±—ã—Å—Ç—Ä–æ –æ—Ç–∫–ª—é—á–∏–ª–∏ –ø–æ–∂–∞—Ä–Ω—É—é –≤—ã—Ç—è–∂–∫—É,,,,,,5,True,33,4,4,1,0,0,0,0,11.800000000000002
3948185,5,"–ë—ã—Å—Ç—Ä–æ –ø—Ä–∏–µ—Ö–∞–ª –º–∞—Å—Ç–µ—Ä , —Å–æ—Å—Ç–∞–≤–∏–ª–∏ –∞–∫—Ç .",,,,,,5,True,39,5,7,1,0,1,0,0,14.7
3948403,5,–û—Ç–ª–∏—á–Ω–∞—è —Ä–∞–±–æ—Ç–∞ –º–∞—Å—Ç–µ—Ä–∞. –ë—ã—Å—Ç—Ä–æ –∏ –∫–∞—á–µ—Å—Ç–≤–µ–Ω–Ω–æ,,,,,,5,True,45,5,6,1,1,1,0,0,16.599999999999998
3948418,5,"–ë–æ–ª—å—à–æ–µ —Å–ø–∞—Å–∏–±–æ –∑–∞ —Å–≤–æ–µ–≤—Ä–µ–º–µ–Ω–Ω—É—é –æ–±—Ä–∞—Ç–Ω—É—é —Å–≤—è–∑—å! –í—Å—ë —á—ë—Ç–∫–æ –æ–±—ä—è—Å–Ω–∏–ª–∏,–∫—É–ª—å—Ç—É—Ä–Ω–æ!",,,,,,5,True,79,7,9,0,0,1,0,0,27.2
3948436,5,–æ—Ç–ª–∏—á–Ω—ã–π –º–∞—Å—Ç–µ—Ä! –±–æ–ª—å—à–æ–µ —Å–ø–∞—Å–∏–±–æ –∑–∞ –ø–æ–º–æ—â—å!,,,,,,5,True,43,4,6,0,0,2,0,0,15.500000000000002
3948735,5,"—Å–ø–∞—Å–∏–±–æ, —á—Ç–æ —Ä–µ—à–∏–ª–∏ —Å–≤–æ—é –ø—Ä–æ–±–ª–µ–º—É, –∞ —Ç–æ –∫–∞–∫ —Ç–æ –Ω–µ –æ—á–µ–Ω—å, –ø–ª–∞—Ç–∏—à—å –≤–æ–≤—Ä–µ–º—è, –∞ —Ç–µ–±–µ –ø—Ä–æ –¥–æ–ª–≥ –ø–∏—à—É—Ç.",,,,,,5,True,96,9,16,0,0,1,0,2,34.699999999999996
3948958,5,"–ú–∞—Å—Ç–µ—Ä –±—ã—Å—Ç—Ä–æ –ø—Ä–∏—à—ë–ª, –±—ã—Å—Ç—Ä–æ –ø–æ–Ω—è–ª –≤ —á–µ–º –ø—Ä–æ–±–ª–µ–º–∞ –∏ –±—ã—Å—Ç—Ä–æ —É—Å—Ç—Ä–∞–Ω–∏–ª –µ—ë, –≤ –æ–±—â–µ–º –≤—Å—ë –æ—Ç–ª–∏—á–Ω–æ, —Å–ø–∞—Å–∏–±–æ",,,,,,5,True,100,11,14,1,0,2,0,2,36.5
3949033,5,–†–∞–±–æ—Ç–∞ –≤—ã–ø–æ–ª–Ω–µ–Ω–∞ –Ω–∞ –æ—Ç–ª–∏—á–Ω–æ! –ë—ã—Å—Ç—Ä–æ –∏ –∫–∞—á–µ—Å—Ç–≤–µ–Ω–Ω–æ! –°–ø–∞—Å–∏–±–æ –±–æ–ª—å—à–æ–µ!,,,,,,5,True,67,6,9,1,1,1,0,0,23.999999999999996
3949304,5,–°–ø–∞—Å–∏–±–æ –∑–∞ –±—ã—Å—Ç—Ä–æ–µ –∏ –∫–∞—á–µ—Å—Ç–≤–µ–Ω–Ω–æ–µ —Ä–µ—à–µ–Ω–∏–µ –≤–æ–ø—Ä–æ—Å–∞,,,,,,5,True,49,4,7,1,1,1,0,1,18.099999999999998
3949394,5,–í—Å–µ –æ—Ç–ª–∏—á–Ω–æ! –°–ø–µ—Ü–∏–∞–ª–∏—Å—Ç –ø—Ä–∏—à—ë–ª —á–µ—Ä–µ–∑ 30 –º–∏–Ω—É—Ç –ø–æ—Å–ª–µ –∑–∞—è–≤–∫–∏. –í—Å–µ –æ–ø–µ—Ä–∞—Ç–∏–≤–Ω–æ –ø–æ—á–∏–Ω–∏–ª.,,,,,,5,True,83,7,11,1,0,1,0,0,29.099999999999998
3949561,5,—Å–ø–∞—Å–∏–±–æ –æ–≥—Ä–æ–º–Ω–æ–µ. –Ω–æ —É–±–æ—Ä–∫–∞ –ª–∏—Ñ—Ç–∞ —ç—Ç–æ –≤—Ä–µ–º–µ–Ω–Ω–æ–µ —Ä–µ—à–µ–Ω–∏–µ –ø—Ä–æ–±–ª–µ–º–º—ã. –ø–æ—Ç–æ–º—É —á—Ç–æ –≤ –Ω–∏—Ö –≥–∞–¥—è—Ç —Å–∏—Å—Ç–µ–º–∞—Ç–∏—á–µ—Å–∫–∏. –ø—Ä–æ—Å—å–±–∞ –≤—ã—è–≤–∏—Ç—å –∏ –Ω–∞–∫–∞–∑–∞—Ç—å –Ω–∞—Ä—É—à–∏—Ç–µ–ª–µ–π,,,,,,5,True,144,14,20,0,0,1,0,1,50.599999999999994
3949596,5,–ú–∞—Å—Ç–µ—Ä - –°–∞–º—ã–π –õ—É—á—à–∏–π! –°–ø–∞—Å–∏–±–æ –í–∞–º –û–≥—Ä–æ–º–Ω–æ–µ –∑–∞ —Ç–∞–∫–∏—Ö —Å–æ—Ç—Ä—É–¥–Ω–∏–∫–æ–≤!!!!,,,,,,5,True,68,7,10,0,0,3,0,0,24.699999999999996
3949613,5,"–°–ø–∞—Å–∏–±–æ! –¢–∞–∫ –±—ã—Å—Ç—Ä–æ —Å–¥–µ–ª–∞–ª–∏ , –∫—Ä–∞—Å–∏–≤—É—é —Å–≤–µ—Ç–æ–¥–∏–æ–¥–Ω—É—é –ª–∞–º–ø—É –ø–æ—Å—Ç–∞–≤–∏–ª–∏",,,,,,5,True,67,6,9,1,0,1,1,0,23.999999999999996
3949687,5,"–æ–ø–µ—Ä–∞—Ç–∏–≤–Ω–æ –æ—Ç—Ä–µ–∞–≥–∏—Ä–æ–≤–∞–ª–∏ –Ω–∞ –∑–∞—è–≤–∫—É, –∏ —É—Å—Ç—Ä–∞–Ω–∏–ª–∏.",,,,,,5,True,48,4,6,1,0,0,0,1,17.0
3949875,5,–î–æ–±—Ä–æ–≥–æ –¥–Ω—è! –°–ø–∞—Å–∏–±–æ –∑–∞ —Ç–∞–∫–∏—Ö –ü—Ä–µ–∫—Ä–∞—Å–Ω—ã—Ö –°–æ—Ç—Ä—É–¥–Ω–∏–∫–æ–≤!,,,,,,5,True,53,5,7,0,0,2,0,0,18.9
3949884,5,–°–ø–∞—Å–∏–±–æ –∑–∞ –æ–ø–µ—Ä–∞—Ç–∏–≤–Ω–æ—Å—Ç—å. –ü–æ—Å–ª–µ —É–∫–ª–∞–¥–∫–∏ –ø–ª–∏—Ç–∫–∏ –æ—Å—Ç–∞–ª–∏—Å—å –Ω–µ–∑–∞–¥–µ–ª–∞–Ω–Ω—ã–µ —à–≤—ã –Ω–∞ —Å—Ç—ã–∫–µ. –î–ª—è —Å—Ä–∞–≤–Ω–µ–Ω–∏—è –Ω–∞ 1 —ç—Ç–∞–∂–µ –≤ —Ö–æ–ª–ª–µ —à–≤—ã —Ä–æ–≤–Ω–æ –∑–∞–∫—Ä—ã—Ç—ã. –ü—Ä–æ—Å—å–±–∞ –∑–∞–≤–µ—Ä—à–∏—Ç—å —Ä–∞–±–æ—Ç—É –¥–æ –∫–æ–Ω—Ü–∞.,,,,,,5,True,169,17,24,1,0,1,0,0,59.49999999999999
3950433,5,–º–∞—Å—Ç–µ—Ä –ø—Ä–∏—à—ë–ª –±—ã—Å—Ç—Ä–æ. –í—Å–µ –±—ã—Å—Ç—Ä–æ —Å–¥–µ–ª–∞–ª.,,,,,,5,True,40,5,6,1,0,1,1,0,15.1
3950683,5,–û–≥—Ä–æ–º–Ω–µ–π—à–µ–µ —Å–ø–∞—Å–∏–±–æ. –ú–∞–∫—Å–∏–º–∞–ª—å–Ω–æ –±—ã—Å—Ç—Ä–æ –∏ –∫–∞—á–µ—Å—Ç–≤–µ–Ω–Ω–æ!!! –ü—Ä–æ—Å—Ç–æ —Å–æ—Ç—Ä—É–¥–Ω–∏–∫ –º–µ—Å—è—Ü–∞,,,,,,5,True,80,6,9,1,1,2,0,0,28.2
3951189,5,–®–∏–∫–∞—Ä–Ω—ã–π —Å–ø–µ—Ü–∏–∞–ª–∏—Å—Ç. –°–ø–∞—Å–∏–±–æ –∑–∞ –æ—Ç–ª–∏—á–Ω—É—é —Ä–∞–±–æ—Ç—É –∏ —Å–∫–æ—Ä–æ—Å—Ç—å,,,,,,5,True,58,5,8,0,0,2,0,0,20.6
3951714,5,"–î–æ–±—Ä–æ–µ —É—Ç—Ä–æ, —Å–ø–∞—Å–∏–±–æ. –¢–æ–ª—å–∫–æ –±–æ–ª—å—à–∞—è –ø—Ä–æ—Å—å–±–∞, —Ä–∞–Ω–µ–µ –≤ —ç—Ç–æ–º —Å–≤–µ—Ç–∏–ª—å–Ω–∏–∫–µ –º—ã –º–µ–Ω—è–ª–∏ –ª–∞–º–ø–æ—á–∫—É –∏ —Ç. –∫. –Ω–µ –±—ã–ª–æ –ª–∞–º–ø–æ—á–∫–∏ —Å —Ü–æ–∫–æ–ª–µ–º 14, –º—ã —Å—Ç–∞–≤–∏–ª–∏ –ø–µ—Ä–µ—Ö–æ–¥–Ω–∏–∫, –≤–µ—Ä–Ω–∏—Ç–µ –µ–≥–æ –ø–æ–∂–∞–ª—É–π—Å—Ç–∞.",,,,,,5,True,175,19,27,0,0,1,0,0,61.99999999999999
3952142,5,"–û—Å—Ç–∞–Ω–æ–≤–∏–ª–∏ —Ç–µ—á—å, –¥–∞–ª–∏ —Ä–µ–∫–æ–º–µ–Ω–¥–∞—Ü–∏–∏ —á—Ç–æ –¥–µ–ª–∞—Ç—å –¥–∞–ª—å—à–µ. –ë–æ–ª—å—à–æ–µ —Å–ø–∞—Å–∏–±–æ!",,,,,,5,True,70,7,9,0,0,1,0,0,24.5
3952250,5,–æ–ø–µ—Ä–∞—Ç–∏–≤–Ω–æ –∏ –≤–µ–∂–ª–∏–≤–æ. —Ç–∞–∫–æ–≥–æ –Ω–µ—Ç –≤ –º–æ—Å–∫–≤–µ,,,,,,5,True,41,5,7,1,0,0,0,0,15.0
3952354,5,"–°–ø–∞—Å–∏–±–æ –∑–∞ –æ–ø–µ—Ä–∞—Ç–∏–≤–Ω–æ—Å—Ç—å. –ù–æ —è —Ç–∞–∫ –∏ –Ω–µ –ø–æ–Ω—è–ª–∞. –ü–æ—á–µ–º—É —Ä–µ–¥—É–∫—Ç–æ—Ä—ã –Ω–∞–º –ø–æ—Å—Ç–∞–≤–∏–ª–∏ –ø–ª–æ—Ö–∏–µ, –∫–æ–≥–¥–∞ –≤—Å–µ–º –º–µ–Ω—è–ª–∏?",,,,,,5,True,105,10,17,1,0,1,0,0,37.5
3952439,5,–°–ø–∞—Å–∏–±–æ –±–æ–ª—å—à–æ–µ. –°–∞–Ω—Ç–µ—Ö–Ω–∏–∫ –±—ã—Å—Ç—Ä–æ —É—Å—Ç—Ä–∞–Ω–∏–ª –∑–∞—Å–æ—Ä.,,,,,,5,True,49,5,6,1,0,1,0,1,17.799999999999997
3952848,5,"–ø—Ä–∏–µ—Ö–∞–ª–∏ –±—ã—Å—Ç—Ä–æ , –≤—Å—ë —Å–¥–µ–ª–∞–ª–∏ —á—ë—Ç–∫–æ. –±–ª–∞–≥–æ–¥–∞—Ä—é",,,,,,5,True,46,5,7,1,0,1,1,0,17.099999999999998
3953192,5,"–°–ø–∞—Å–∏–±–æ –±–æ–ª—å—à–æ–µ –º–∞—Å—Ç–µ—Ä—É, –≤—Å–µ –±—ã—Å—Ç—Ä–æ —Å–¥–µ–ª–∞–ª",,,,,,5,True,42,4,6,1,0,2,1,0,15.8
3953818,5,"–°–∞–Ω—Ç–µ—Ö–Ω–∏–∫ –æ–±—ä—è—Å–Ω–∏–ª –ø—Ä–∏—á–∏–Ω—É –ø—Ä–æ–±–ª–µ–º—ã, —á—Ç–æ –¥–ª—è —Ö–æ—Ä–æ—à–µ–≥–æ –Ω–∞–ø–æ—Ä–∞ –≤–æ–¥—ã –Ω—É–∂–Ω–æ –º–µ–Ω—è—Ç—å –Ω–∞ —Å–º–µ—Å–∏—Ç–µ–ª—å —Å 40 –∫–∞—Ä—Ç—Ä–∏–¥–∂–µ–º, —Ç–µ–ø–µ—Ä—å –ø–æ–Ω—è—Ç–Ω–æ! –°–ø–∞—Å–∏–±–æ!",,,,,,5,True,133,13,19,0,0,1,0,1,46.9
3954582,5,"–û—Ç–ª–∏—á–Ω—ã–π –º–∞—Å—Ç–µ—Ä, —Ä–µ—à–∏–ª –ø—Ä–æ—Ñ–µ—Å—Å–∏–æ–Ω–∞–ª—å–Ω–æ –≤–æ–ø—Ä–æ—Å. –ë–æ–ª—å—à–æ–µ —Å–ø–∞—Å–∏–±–æ!!!",,,,,,5,True,65,6,7,0,1,2,0,2,23.599999999999998
3954839,5,"—Å–ø–∞—Å–∏–±–æ –≤–∞–º –±–æ–ª—å—à–æ–µ, –∫–æ–Ω—Å—É–ª—å—Ç–∞–Ω—Ç—ã –ø–æ–º–æ–≥–ª–∏ —Å —Ä–µ—à–µ–Ω–∏–µ–º –ø—Ä–æ–±–ª–µ–º, –æ–±—ä—è—Å–Ω–∏–ª–∏ –≤—Å–µ –æ—á–µ–Ω—å –¥–æ—Å—Ç—É–ø–Ω–æ! —Å–ø–∞—Å–∏–±–æ –≤–∞–º –æ–≥—Ä–æ–º–Ω–æ–µ üôè",,,,,,5,True,114,11,14,0,0,1,0,1,39.8
3955195,5,–°–ø–∞—Å–∏–±–æ –±–æ–ª—å—à–æ–µ –∑–∞ –±—ã—Å—Ç—Ä—É—é —Ä–µ–∞–∫—Ü–∏—é! –£—Å–ø–æ–∫–æ–∏–ª–∏ üíô,,,,,,5,True,47,4,7,1,0,1,0,0,16.900000000000002
4237692,5,–±—ã—Å—Ç—Ä–æ –ø—Ä–∏—Å–ª–∞–ª–∏ –∫–æ–¥. –µ–¥–∏–Ω—Å—Ç–≤–µ–Ω–Ω–æ–µ —á—Ç–æ —Å–º—É—â–∞–µ—Ç –∫–æ–¥—ã –ª–µ–≥–∫–∏–µ —Å–ª–∏—à–∫–æ–º.,,,,,,5,True,66,8,9,1,0,0,0,0,23.500000000000004
4237302,5,—Å–ø–∞—Å–∏–±–æ! –±—ã—Å—Ç—Ä–æ –∏ –æ–ø–µ—Ä–∞—Ç–∏–≤–Ω–æ –∑–∞–∫—Ä–µ–ø–∏–ª–∏ —Å–≤–µ—Ç–∏–ª—å–Ω–∏–∫. üëç,,,,,,5,True,52,4,7,2,0,1,0,0,18.699999999999996
4236894,5,"–≤—Å—ë –ø—Ä–µ–∫—Ä–∞—Å–Ω–æ –∏ –æ–ø–µ—Ä–∞—Ç–∏–≤–Ω–æ, –Ω–æ –∞–∫—Ç —Ö–æ—Ç–µ–ª–æ—Å—å –±—ã –ø–æ–ª—É—á–∏—Ç—å",,,,,,5,True,55,5,9,1,0,0,0,0,19.6
4236551,5,—Å–ø–∞—Å–∏–±–æ –∑–∞ –±—ã—Å—Ç—Ä—ã–π –æ—Ç–≤–µ—Ç. –≤—Å–µ –ø–æ–Ω—è—Ç–Ω–æ –æ–±—ä—è—Å–Ω–∏–ª–∏,,,,,,5,True,47,4,7,1,0,1,0,0,16.900000000000002
4236406,5,"–≤—Å–µ –æ—Ç–ª–∏—á–Ω–æ! —Å–∞–Ω—Ç–µ—Ö–Ω–∏–∫ –æ–ø–µ—Ä–∞—Ç–∏–≤–Ω–æ –ø—Ä–∏—à–µ–ª, –ø—Ä–∏ –º–Ω–µ –≤—Å–µ —É—Å—Ç—Ä–∞–Ω–∏–ª! –≤–∏–¥–Ω–æ, —á—Ç–æ —Å–ø–µ—Ü –≤ —Å–≤–æ–µ–º –¥–µ–ª–µ!",,,,,,5,True,93,9,14,1,0,0,0,1,33.1
4235894,5,—Å–ø–µ—Ü–∏–∞–ª–∏—Å—Ç –≤—ã—à–µ–ª –Ω–∞ —Å–≤—è–∑—å –ø–æ –∑–∞—è–≤–∫–µ –¥–æ—Å—Ç–∞—Ç–æ—á–Ω–æ –±—ã—Å—Ç—Ä–æ. –∫–æ–Ω—Å—É–ª—å—Ç–∞—Ü–∏—è —É–∂–µ –Ω–µ —Ç—Ä–µ–±–æ–≤–∞–ª–∞—Å—å. –º—É–∂ —Å–ø—Ä–∞–≤–∏–ª—Å—è —Å –∑–∞–¥–∞—á–µ–π —Å–∞–º–æ—Å—Ç–æ—è—Ç–µ–ª—å–Ω–æ .,,,,,,5,True,128,13,18,1,0,1,0,0,45.2
4235354,5,"–≤—Å—ë –æ—Ç–ª–∏—á–Ω–æ, —Å–¥–µ–ª–∞–ª–∏ –≤ —Ç–æ—Ç –¥–µ –¥–µ–Ω—å. —Å–ø–∞—Å–∏–±–æ",,,,,,5,True,43,4,8,0,0,1,1,0,15.9
4234406,5,"—Å–ø–∞—Å–∏–±–æ , –∞–Ω—Ç–æ–Ω—É, –∑–∞ –≥—Ä–∞–º–æ—Ç–Ω–æ—Å—Ç—å –≤ —Å–≤–æ–µ–π —Ä–∞–±–æ—Ç–µ!",,,,,,5,True,48,4,8,0,0,1,0,0,17.1
4234085,5,—Å–ø–∞—Å–∏–±–æ –¥–º–∏—Ç—Ä–∏—é. –ø—Ä–∏—à–µ–ª –æ–ø–µ—Ä–∞—Ç–∏–≤–Ω–æ. –≤—Å–µ —Å–¥–µ–ª–∞–ª.,,,,,,5,True,47,4,6,1,0,1,1,0,17.0
4233528,5,–±—ã—Å—Ç—Ä–æ —Å–æ —Å–ª–æ–≤ —Å–∞–Ω—Ç–µ—Ö–Ω–∏–∫–∞ –≤—Å–µ —Å–¥–µ–ª–∞–ª–∏,,,,,,5,True,37,4,6,1,0,0,1,0,13.700000000000001
4233496,5,–º–∞—Å—Ç–µ—Ä –ø—Ä–∏—à–µ–ª –±—ã—Å—Ç—Ä–æ. –ø–ª–æ–º–±—É —Ç–æ–∂–µ –ø–æ—Å—Ç–∞–≤–∏–ª –±—ã—Å—Ç—Ä–æ. —Å–ø–∞—Å–∏–±–æ,,,,,,5,True,58,6,7,1,0,2,0,0,20.899999999999995
4233035,5,"–æ–ø–µ—Ä–∞—Ç–∏–≤–Ω–æ –ø—Ä–∏—à–ª–∏, –≤—ã–ø–æ–ª–Ω–∏–ª–∏ –æ—Å–º–æ—Ç—Ä, —Å–æ—Å—Ç–∞–≤–∏–ª–∏ –∞–∫—Ç! –Ω–∞ –≤—Å–µ –∏–Ω—Ç–µ—Ä–µ—Å—É—é—â–∏–µ –≤–æ–ø—Ä–æ—Å—ã –æ—Ç–≤–µ—Ç–∏–ª–∏. –±–ª–∞–≥–æ–¥–∞—Ä—é!",,,,,,5,True,100,10,12,1,0,1,1,1,35.6
4232957,5,–º–∞—Å—Ç–µ—Ä –º–æ–ª–æ–¥–µ—Ü . –±—ã—Å—Ç—Ä–æ –∏ –≤—Å–µ –∫–∞—á–µ—Å—Ç–≤–µ–Ω–Ω–æ —Å–¥–µ–ª–∞–ª,,,,,,5,True,48,5,8,1,1,2,1,0,18.5
4232820,5,–¥–æ–≤–æ–ª—å–Ω–æ –±—ã—Å—Ç—Ä–æ –ª–∏–∫–≤–∏–¥–∏—Ä–æ–≤–∞–ª–∏ –æ—Ç—Å—É—Ç—Å—Ç–≤–∏–µ —ç–ª–µ–∫—Ç—Ä–∏—á–µ—Å—Ç–≤–∞.,,,,,,5,True,55,5,5,1,0,0,0,0,18.8
4232359,5,"–∫–∏—Ä–∏–ª–ª, —Å–ø–∞—Å–∏–±–æ! –ø–æ–∑–≤–æ–Ω–∏–ª–∏, —Ä–∞–∑—ä—è—Å–Ω–∏–ª–∏, —á—Ç–æ –Ω–µ—Ç —Ç–∞–∫–∏—Ö –æ–≥—Ä–∞–Ω–∏—á–µ–Ω–∏–∏ —É –Ω–∞—Å.",,,,,,5,True,72,7,10,0,0,1,0,0,25.299999999999997
4231245,5,—Å–ø–µ—Ü–∏–∞–ª–∏—Å—Ç –æ–ø–µ—Ä–∞—Ç–∏–≤–Ω–æ —É—Å—Ç—Ä–∞–Ω–∏–ª –ø–æ–ª–æ–º–∫—É! –æ—á–µ–Ω—å –¥–æ–≤–æ–ª–µ–Ω –∏ –±–ª–∞–≥–æ–¥–∞—Ä–∏–º –∑–∞ –æ–ø–µ—Ä–∞—Ç–∏–≤–Ω–æ—Å—Ç—å). —Å–ø–µ—Ü–∏–∞–ª–∏—Å—Ç—É –≤—ã–ø–∏—Å–∞—Ç—å –ø—Ä–µ–º–∏—é),,,,,,5,True,114,11,13,1,0,2,0,1,40.2
4231128,5,"–±—ã—Å—Ç—Ä–æ –æ—Ç—Ä–µ–∞–≥–∏—Ä–æ–≤–∞–ª–∏, –¥–æ—Å—Ç–∞—Ç–æ—á–Ω–æ –±—ã—Å—Ç—Ä–æ —É—Å—Ç—Ä–∞–Ω–∏–ª–∏ —Ç–µ—á—å. –≤–µ—á–µ—Ä–æ–º —Å–∞–Ω—Ç–µ—Ö–Ω–∏–∫ –µ—â—ë —Ä–∞–∑ –ø—Ä–∏—à—ë–ª —É–¥–æ—Å—Ç–æ–≤–µ—Ä–∏—Ç—å—Å—è, —á—Ç–æ –≤—Å–µ –≤ –ø–æ—Ä—è–¥–∫–µ. —Å–ø–∞—Å–∏–±–æ",,,,,,5,True,131,13,16,1,0,1,0,1,46.0
4230769,5,"–æ—Ç–ª–∏—á–Ω–∞—è —Ä–∞–±–æ—Ç–∞! –±—ã—Å—Ç—Ä–æ, –∫–∞—á–µ—Å—Ç–≤–µ–Ω–Ω–æ, –∞–∫–∫—É—Ä–∞—Ç–Ω–æ. —Å–ø–∞—Å–∏–±–æ –±–æ–ª—å—à–æ–µ)",,,,,,5,True,65,6,7,1,2,1,0,0,23.299999999999997
4229497,5,—Å–ø–∞—Å–∏–±–æ –±–æ–ª—å—à–æ–µ ! –æ–ø–µ—Ä–∞—Ç–∏–≤–Ω–æ –ø–æ–º–æ–≥–ª–∏ —Ä–µ—à–∏—Ç—å –≤–æ–ø—Ä–æ—Å .,,,,,,5,True,52,5,8,1,0,1,0,1,19.1
4228897,5,—Å–∞–Ω—Ç–µ—Ö–Ω–∏–∫–∏ –ø—Ä–∏–µ—Ö–∞–ª–∏ –æ–ø–µ—Ä–∞—Ç–∏–≤–Ω–æ –∏ —É—Å—Ç—Ä–∞–Ω–∏–ª–∏ –ø—Ä–æ—Ç–µ—á–∫—É –≤ —Å–º–µ—Å–∏—Ç–µ–ª–µ. —Å–ø–∞—Å–∏–±–æ!,,,,,,5,True,73,6,9,1,0,1,0,1,25.799999999999997
4228768,5,"—Å–ø–µ—Ü–∏–∞–ª–∏—Å—Ç –æ—Ç–ª–∏—á–Ω—ã–π, –≤–µ–∂–ª–∏–≤—ã–π –∏ –±—ã—Å—Ç—Ä–æ —Å–¥–µ–ª–∞–ª, —è –æ—á–µ–Ω—å –¥–æ–≤–æ–ª—å–Ω–∞.",,,,,,5,True,64,8,9,1,0,1,1,0,23.5
4228491,5,"–±—ã—Å—Ç—Ä–æ —Ä–µ—à–∏–ª–∏ –ø—Ä–æ–±–ª–µ–º—É , —ç–ª–µ–∫—Ç—Ä–∏–∫–∏ –ø—Ä–∏—à–ª–∏ –ø–æ—á—Ç–∏ —Å—Ä–∞–∑—É –ø–æ—Å–ª–µ –∑–∞—è–≤–∫–∏ , —Å–ø–∞—Å–∏–±–æ, –±–æ–ª—å—à–æ–µ",,,,,,5,True,85,9,12,1,0,1,0,2,30.900000000000002
4228481,5,–∑–¥—Ä–∞–≤—Å—Ç–≤—É–π—Ç–µ! —Å–ø–∞—Å–∏–±–æ –æ–≥—Ä–æ–º–Ω–æ–µ —Å–ø–µ—Ü–∏–∞–ª–∏—Å—Ç–∞–º –∑–∞ –±—ã—Å—Ç—Ä—ã–π –æ—Ç–≤–µ—Ç –∏ —Ä–µ—à–µ–Ω–∏–µ –Ω–∞—à–µ–π –ø—Ä–æ–±–ª–µ–º—ã!,,,,,,5,True,86,7,11,1,0,2,0,1,30.599999999999998
4228411,5,–æ–ø–µ—Ä–∞—Ç–∏–≤–Ω–æ –∏ –±—ã—Å—Ç—Ä–æ! —Å—É–ø–µ—Ä –≤—Å–µ–≥–¥–∞ –±—ã —Ç–∞–∫,,,,,,5,True,40,4,7,2,0,0,0,0,14.8
4227850,5,—Å–ø–∞—Å–∏–±–æ –±–æ–ª—å—à–æ–µ –∑–∞ –ø–æ–º–æ—â—å –≤ —Ä–µ—à–µ–Ω–∏–∏ –≤–æ–ø—Ä–æ—Å–∞.,,,,,,5,True,44,4,7,0,0,1,0,1,16.0
4227759,5,"–Ω–∞ —ç—Ç–æ—Ç —Ä–∞–∑ –±—ã—Å—Ç—Ä–æ –æ—Ç–∫–ª—é—á–∏–ª–∏, —Å–ø–∞—Å–∏–±–æ!",,,,,,5,True,38,4,6,1,0,1,0,0,14.000000000000002
4227554,5,"–æ—Ü–µ–Ω–∫–∞ –∑–∞ –æ–ø–µ—Ä–∞—Ç–∏–≤–Ω–æ—Å—Ç—å ‚Äî –æ—Ç–ª–∏—á–Ω–æ, –∑–∞ —É–±–æ—Ä–∫—É ‚Äî —Ö–æ—Ä–æ—à–æ. —Å–ø–∞—Å–∏–±–æ!",,,,,,5,True,63,5,8,1,0,1,0,0,22.1
4227035,5,–æ–≥—Ä–æ–º–Ω–æ–µ —Å–ø–∞—Å–∏–±–æ! –≤–æ–ø—Ä–æ—Å –±—ã–ª —Ä–µ—à–µ–Ω –±—ã—Å—Ç—Ä–æ! —Å–ø–µ—Ü–∏–∞–ª–∏—Å—Ç –ø—Ä–æ—Ñ–µ—Å—Å–∏–æ–Ω–∞–ª –≤ —Å–≤–æ–µ–º –¥–µ–ª–µ!,,,,,,5,True,80,9,11,1,1,2,0,1,29.5
4226802,5,"—Å–ø–∞—Å–∏–±–æ, —á—Ç–æ –±—ã—Å—Ç—Ä–æ –æ—Ç—Ä–µ–∞–≥–∏—Ä–æ–≤–∞–ª–∏. –ø—Ä–æ–±–ª–µ–º–∞ —Ä–µ—à–µ–Ω–∞.",,,,,,5,True,51,4,6,1,0,1,0,1,18.199999999999996
4226734,5,"–ø—Ä–∏—è—Ç–Ω–æ —É–¥–∏–≤–ª–µ–Ω–∞. –≤–æ–ø—Ä–æ—Å —Ä–µ—à–∏–ª—Å—è –º–µ–Ω–µ–µ —á–µ–º –∑–∞ —Å—É—Ç–∫–∏! —Å–ø–∞—Å–∏–±–æ, —Ç–∞–∫ –∫—Ä–∞—Å–∏–≤–æ —Ç–µ–ø–µ—Ä—å –∏ –Ω–∏—á–µ–≥–æ –Ω–µ –æ—Ç—Ä–∞–≤–ª—è–µ—Ç –≤–æ–∑–¥—É—Ö –∏ –Ω–µ –ø–æ—Ä—Ç–∏—Ç –≤–∏–¥!!",,,,,,5,True,127,13,19,0,0,1,0,2,45.4
4226636,5,—Å–ø–∞—Å–∏–±–æ –±–æ–ª—å—à–æ–µ —á—Ç–æ –µ—Å—Ç—å —Å–ø–µ—Ü–∏–∞–ª–∏—Å—Ç—ã –≤ —É–∫ –∫–æ—Ç–æ—Ä—ã–º –Ω–µ–±–µ–∑—Ä–∞–∑–ª–∏—á–Ω–æ!! —Å–ø–∞—Å–∏–±–æ –∫—É–ø—Ä–∏—è–Ω–æ–≤—É –∏.–∏.,,,,,,5,True,89,7,11,0,0,2,0,0,30.9
4226443,5,–±—ã—Å—Ç—Ä–æ –∏—Å–ø—Ä–∞–≤–∏–ª–∏ –ø—Ä–∏—á–∏–Ω—É —à—É–º–∞ —â–∏—Ç–∫–∞. —Å–ø–∞—Å–∏–±–æ –∑–∞ –æ–ø–µ—Ä–∞—Ç–∏–≤–Ω–æ—Å—Ç—å,,,,,,5,True,61,6,8,2,0,1,0,1,22.3
4226268,5,"—Å–ø–∞—Å–∏–±–æ –±–æ–ª—å—à–æ–µ –∑–∞ —Ä–∞–∑—ä—è—Å–Ω–µ–Ω–∏—è,—Ç–µ–ø–µ—Ä—å –≤—Å–µ —è—Å–Ω–æ –∏ –ø–æ–Ω—è—Ç–Ω–æ.",,,,,,5,True,57,5,8,0,0,1,0,0,20.0
4226175,5,–æ–ø–µ—Ä–∞—Ç–∏–≤–Ω–æ –æ—Ç—Ä–µ–∞–≥–∏—Ä–æ–≤–∞–ª–∏ –±—ã—Å—Ç—Ä–æ —Å–¥–µ–ª–∞–ª–∏ —Å–ø–∞—Å–∏–±–æ,,,,,,5,True,47,4,5,2,0,1,1,0,17.1
4226089,5,"—Å–ø–∞—Å–∏–±–æ,—Å–∫–∞–∂–∏—Ç–µ –ø–æ–∂–∞–ª—É–π—Å—Ç–∞,–Ω–∞ –∞–Ω–¥—Ä–æ–∏–¥ –æ—Ç–∫—É–¥–∞ –º–æ–∂–Ω–æ —Å–∫–∞—á–∞—Ç—å –¥–∞–Ω–Ω–æ–µ –ø—Ä–∏–ª–æ–∂–µ–Ω–∏–µ? –Ω–µ –ø–æ–ª—É—á–∞–µ—Ç—Å—è,–ø–∏—à–µ—Ç,—á—Ç–æ –Ω–µ –ø–æ–¥–¥–µ—Ä–∂–∏–≤–∞–µ—Ç—Å—è",,,,,,5,True,119,10,11,0,0,1,0,0,40.199999999999996
4225724,5,—Å–ø–∞—Å–∏–±–æ! –∞–ª–µ–∫—Å–∞–Ω–¥—Ä –≤—Å–µ –æ–ø–µ—Ä–∞—Ç–∏–≤–Ω–æ –≤—ã–ø–æ–ª–Ω–∏–ª. –æ—á–µ–Ω—å –≤–Ω–∏–º–∞—Ç–µ–ª—å–Ω–æ –∏ —É–≤–∞–∂–∏—Ç–µ–ª—å–Ω–æ –∏—Å–ø–æ–ª–Ω–∏–ª –∑–∞–∫–∞–∑.,,,,,,5,True,91,8,11,1,0,1,2,0,32.300000000000004
4225626,5,"–æ—á–µ–Ω—å –æ–ø–µ—Ä–∞—Ç–∏–≤–Ω–æ —Ä–µ—à–∏–ª–∏ –≤–æ–ø—Ä–æ—Å, —Å–ø–∞—Å–∏–±–æ!",,,,,,5,True,40,4,5,1,0,1,0,2,15.0
4225032,5,"–≤—Å—ë –±—ã–ª–æ —Å–¥–µ–ª–∞–Ω–æ –±—ã—Å—Ç—Ä–æ –∏ –∫–∞—á–µ—Å—Ç–≤–µ–Ω–Ω–æ, –æ–≥—Ä–æ–º–Ω–æ–µ —Å–ø–∞—Å–∏–±–æ –º–∞—Å—Ç–µ—Ä—É",,,,,,5,True,63,6,9,1,1,2,0,0,23.099999999999998
4223869,5,"—Å–ø–∞—Å–∏–±–æ –±–æ–ª—å—à–æ–µ!!! –≤—Å—ë –æ—á–µ–Ω—å –æ–ø–µ—Ä–∞—Ç–∏–≤–Ω–æ! –ø—Ä–∏—è—Ç–Ω–æ, –∫–æ–≥–¥–∞ –Ω–∞—Å —Å–ª—ã—à–∞—Ç –∏ –ø–æ–Ω–∏–º–∞—é—Ç. –≤—Å–µ–≥–æ –¥–æ–±—Ä–æ–≥–æ!",,,,,,5,True,93,9,13,1,0,1,0,0,32.9
4223661,5,"—Å–∞–Ω—Ç–µ—Ö–Ω–∏–∫ –ø—Ä–∏—à–µ–ª –≤ –¥–µ–Ω—å –æ–± –æ–±—Ä–∞—â–µ–Ω–∏—è, –≤–æ–ø—Ä–æ—Å —Ä–µ—à–µ–Ω –Ω–∞ –º–µ—Å—Ç–µ, —Å–ø–∞—Å–∏–±–æ –∑–∞ –æ–ø–µ—Ä–∞—Ç–∏–≤–Ω–æ—Å—Ç—å.",,,,,,5,True,86,8,13,1,0,1,0,1,30.900000000000002
4223142,5,–±—ã—Å—Ç—Ä–æ –∏ –æ–ø–µ—Ä–∞—Ç–∏–≤–Ω–æ –ø–æ–º–æ–≥–ª–∏ —Ä–µ—à–∏—Ç—å –≤–æ–ø—Ä–æ—Å!,,,,,,5,True,42,5,6,2,0,0,0,1,15.700000000000001
4222643,5,"—Å–µ—Ä–≥–µ–π –Ω–∞—Å—Ç–æ—è—â–∏–π –ø—Ä–æ—Ñ–∏! –≤—Å–µ —á–µ—Ç–∫–æ –∏ –ø–æ –¥–µ–ª—É, –æ—á–µ–Ω—å —Ä–∞–¥–∞, —á—Ç–æ –∏–º–µ–Ω–Ω–æ –µ–º—É –¥–æ—Å—Ç–∞–ª–∞—Å—å –Ω–∞—à–∞ –∑–∞—è–≤–∫–∞, —Å–ø–∞—Å–∏–±–æ!",,,,,,5,True,103,11,17,0,0,1,0,0,36.8
4222607,5,"–æ—á–µ–Ω—å –≤–µ–∂–ª–∏–≤—ã–π, –∫–æ–Ω—Ç–∞–∫—Ç–Ω—ã–π –º–∞—Å—Ç–µ—Ä. —Ç–æ–ª—å–∫–æ –ø–æ–ª–æ–∂–∏—Ç–µ–ª—å–Ω—ã–µ –≤–ø–µ—á–∞—Ç–ª–µ–Ω–∏—è –æ—Ç –ø–æ–¥—Ö–æ–¥–∞ –∫ —Ä–∞–±–æ—Ç–µ –∏ –µ–µ –≤—ã–ø–æ–ª–Ω–µ–Ω–∏—é.",,,,,,5,True,104,11,14,0,0,1,0,0,36.49999999999999
4222340,5,—Å–∞–Ω—Ç–µ—Ö–Ω–∏–∫ –∞–Ω–¥—Ä–µ–π –∫–∞—á–µ—Å—Ç–≤–µ–Ω–Ω–æ –≤—ã–ø–æ–ª–Ω–∏–ª —Å–≤–æ—é —Ä–∞–±–æ—Ç—É.,,,,,,5,True,50,6,6,0,1,0,1,0,18.0
4221917,5,"—Å–ø–∞—Å–∏–±–æ, –æ—á–µ–Ω—å –±—ã—Å—Ç—Ä–æ —Ä–µ—à–∏–ª–∏ –≤–æ–ø—Ä–æ—Å –ø–æ –∑–∞—è–≤–∫–µ!",,,,,,5,True,46,5,7,1,0,1,0,2,17.4
4221077,5,"–±–æ–ª—å—à–æ–µ —Å–ø–∞—Å–∏–±–æ, –≤—Å–µ –ø–æ—á–∏–Ω–∏–ª–∏ –æ—á–µ–Ω—å –æ–ø–µ—Ä–∞—Ç–∏–≤–Ω–æ!",,,,,,5,True,47,4,6,1,0,1,0,0,16.700000000000003
4220856,5,"–±–ª–∞–≥–æ–¥–∞—Ä—é —Ä–æ—Å—Ç–∏—Å–ª–∞–≤–∞, –±—ã—Å—Ç—Ä–æ –∏ –∫–∞—á–µ—Å—Ç–≤–µ–Ω–Ω–æ –∑–∞–º–µ–Ω–∏–ª —Ä–µ–∑–∏–Ω–∫—É –º–∞–Ω–∂–µ—Ç—É –≤ —Å—Ç–∏—Ä–∞–ª—å–Ω–æ–π –º–∞—à–∏–Ω–µ.",,,,,,5,True,87,9,11,1,1,1,0,0,30.999999999999996
4220642,5,"–ø—Ä–µ–∫—Ä–∞—Å–Ω—ã–π –º–∞—Å—Ç–µ—Ä. –≤—Å–µ –æ–ø–µ—Ä–∞—Ç–∏–≤–Ω–æ —Ä–µ—à–∏–ª, –±–ª–∞–≥–æ–¥–∞—Ä—é !",,,,,,5,True,52,5,7,1,0,2,0,1,19.2
4220372,5,—Å–ø–∞—Å–∏–±–æ –∑–∞ –æ–ø–µ—Ä–∞—Ç–∏–≤–Ω–æ—Å—Ç—å –∑–∞ –±—ã—Å—Ç—Ä—É—é –æ–±—Ä–∞—Ç–Ω—É—é —Å–≤—è–∑—å,,,,,,5,True,50,4,6,2,0,1,0,0,17.9
4220220,5,"–±—ã—Å—Ç—Ä–æ, –æ–ø–µ—Ä–∞—Ç–∏–≤–Ω–æ, —Å–æ—Ç—Ä—É–¥–Ω–∏–∫ –ø—Ä–∏–±—ã–ª –∫–∞–∫ –ø–æ —Ç–∞–π–º–µ—Ä—É. —Å–ø–∞—Å–∏–±–æ!",,,,,,5,True,61,5,8,2,0,2,0,0,22.1
4219996,5,–±–ª–∞–≥–æ–¥–∞—Ä—é! –≤–æ–ø—Ä–æ—Å –±—ã–ª –æ–ø–µ—Ä–∞—Ç–∏–≤–Ω–æ —Ä–µ—à–µ–Ω,,,,,,5,True,38,5,5,1,0,1,0,1,14.3
4219754,5,"–¥–æ–≤–æ–¥—á–∏–∫ –∑–∞–º–µ–Ω–∏–ª–∏ –≤ —Ç–æ—Ç –∂–µ –¥–µ–Ω—å, —Å–ø–∞—Å–∏–±–æ.",,,,,,5,True,41,4,7,0,0,1,0,0,14.8
4219518,5,"—Å–ø–∞—Å–∏–±–æ –º–∞—Å—Ç–µ—Ä—É, –ø–æ—á–∏–Ω–∏–ª –≤—Å—ë –±—ã—Å—Ç—Ä–æ –∏ –ø—Ä–æ—Ñ–µ—Å—Å–∏–æ–Ω–∞–ª—å–Ω–æ, –ø–æ—Å—Ç–∞–≤–∏–ª –Ω–æ–≤—ã–π –¥–æ–≤–æ–¥—á–∏–∫. –¥–≤–µ—Ä—å —Ç–µ–ø–µ—Ä—å –∑–∞–∫—Ä—ã–≤–∞–µ—Ç—Å—è, —Ç–µ–ø–ª–æ–ø–æ—Ç–µ—Ä—å –Ω–µ—Ç.",,,,,,5,True,122,12,15,1,1,2,0,0,43.2
4219489,5,"—Å–ø–∞—Å–∏–±–æ –±–æ–ª—å—à–æ–µ —á—Ç–æ —É—Å–ª—ã—à–∞–ª–∏, —É–±—Ä–∞–ª–∏ –≤–æ–∑–ª–µ 38/1 –º—É—Å–æ—Ä.—Ç–µ–ø–µ—Ä—å —Ö–æ—Ç—å —Ä—è–¥–æ–º —Å –±–∞–Ω–∫–∞–º–∏ –±—Ä–æ—Å–∞—Ç—å –Ω–µ –±—É–¥—É—Ç –ª—é–¥–∏ –º—É—Å–æ—Ä!",,,,,,5,True,110,9,17,0,0,1,0,0,38.49999999999999
4219378,5,—ç–ª–µ–∫—Ç—Ä–∏–∫ –≤—Å–µ –æ—Ç–ª–∏—á–Ω–æ –æ–±—ä—è—Å–Ω–∏–ª –∏ –ø–æ–º–æ–≥ —É—Å—Ç—Ä–∞–Ω–∏—Ç—å –ø—Ä–æ–±–ª–µ–º—É. –æ—á–µ–Ω—å –ø—Ä–æ—Ñ–µ—Å—Å–∏–æ–Ω–∞–ª—å–Ω–æ. –º–æ–ª–æ–¥–µ—Ü.,,,,,,5,True,89,9,11,0,1,1,0,1,31.599999999999998
4219364,5,"—Ö–æ—Ç—å —Ñ–æ—Ç–æ –Ω–µ —ç—Ç–æ–≥–æ –º–µ—Å—Ç–∞, –Ω–æ –ø–æ–¥—Ç–≤–µ—Ä–∂–¥–∞—é —á—Ç–æ —Ä–∞–±–æ—Ç–∞ –≤—ã–ø–æ–ª–Ω–µ–Ω–∞ –∏ –≥–ª–∞–≤–Ω–æ–µ –≤—ã–ø–æ–ª–Ω–µ–Ω–∞ –æ–ø–µ—Ä–∞—Ç–∏–≤–Ω–æ.",,,,,,5,True,93,9,13,1,0,0,0,0,32.599999999999994
4219271,5,—Å–ø–∞—Å–∏–±–æ! –æ–ø–µ—Ä–∞—Ç–∏–≤–Ω–æ –ø–æ–ª—É—á–µ–Ω—ã –ø–æ —ç–ª–µ–∫—Ç—Ä–æ–Ω–Ω–æ–π –ø–æ—á—Ç–µ.,,,,,,5,True,50,4,6,1,0,1,0,0,17.6
4218908,5,—ç–ª–µ–∫—Ç—Ä–∏–∫ —Å–ø—Ä–∞–≤–∏–ª—Å—è —Å –ø—Ä–æ–±–ª–µ–º–æ–π –∑–∞ 5–º–∏–Ω—É—Ç –º–æ–ª–æ–¥–µ—Ü,,,,,,5,True,48,4,7,0,0,1,0,1,17.2
4218859,5,–æ—á–µ–Ω—å –æ–ø–µ—Ä–∞—Ç–∏–≤–Ω–æ —Ä–µ—à–∏–ª–∏ –ø—Ä–æ–±–ª–µ–º—É –∏ –≤–æ—Å—Å—Ç–∞–Ω–æ–≤–∏–ª–∏ –æ—Å–≤–µ—â–µ–Ω–∏–µ –≤ —Ö–æ–ª–ª–µ.,,,,,,5,True,66,7,9,1,0,0,0,2,23.9
4218754,5,–±–æ–ª—å—à–æ–µ —Å–ø–∞—Å–∏–±–æ –æ—á–µ–Ω—å –±—ã—Å—Ç—Ä–æ –∏—Å–ø—Ä–∞–≤–∏–ª–∏,,,,,,5,True,38,4,5,1,0,1,0,1,14.100000000000001
4218135,5,–æ–ø–µ—Ä–∞—Ç–∏–≤–Ω–æ –ø—Ä–æ–≤–µ–¥–µ–Ω–∞ –∫–æ–Ω—Å—É–ª—å—Ç–∞—Ü–∏—è –∏ –ø—Ä–æ–±–ª–µ–º–∞ –±—ã–ª–∞ —É—Å—Ç—Ä–∞–Ω–µ–Ω–∞. –æ–≥—Ä–æ–º–Ω–æ–µ —Å–ø–∞—Å–∏–±–æ.,,,,,,5,True,78,7,9,1,0,1,0,1,27.499999999999996
4218027,5,—Å–ø–∞—Å–∏–±–æ –±–æ–ª—å—à–æ–µ. –æ–ø–µ—Ä–∞—Ç–∏–≤–Ω–æ —É—Å—Ç—Ä–∞–Ω–∏–ª–∏ —Ç–µ—á—å –ø–æ —Å—Ç–æ—è–∫—É –≤ –≤–∞–Ω–Ω–æ–π.,,,,,,5,True,62,6,9,1,0,1,0,1,22.499999999999996
4217635,5,"—Å–ø–∞—Å–∏–±–æ, –∑–∞ –±—ã—Å—Ç—Ä—É—é —Ä–µ–∞–∫—Ü–∏—é –∏ —Ä–µ—à–µ–Ω–∏–µ –ø—Ä–æ–±–ª–µ–º—ã",,,,,,5,True,46,4,7,1,0,1,0,1,16.9
4217525,5,"—Å–ø–∞—Å–∏–±–æ –≤–∞–ª–µ—Ä–∏—é. –≤—Å–µ —Å–¥–µ–ª–∞–ª —Ö–æ—Ä–æ—à–æ. –º–∞–ª–µ–Ω—å–∫–∏–π –º–∏–Ω—É—Å, —á—Ç–æ –¥–æ–ª–≥–æ —à–ª–∏. –±—ã–ª–∞ –±—ã —Ç–µ—á—å –±–æ–ª–µ–µ —Å–∏–ª—å–Ω–æ–π, —Ç–æ –∑–∞ 2,5 —á–∞—Å–∞ ... –Ω–æ —è –¥—É–º–∞—é, —á—Ç–æ —ç—Ç–æ –ø—Ä–æ–±–ª–µ–º–∞ –æ–±—Ä–∞–±–æ—Ç–∫–∏ –∑–∞—è–≤–∫–∏. –µ–º—É –Ω–µ —Å—Ä–∞–∑—É –ø–µ—Ä–µ–¥–∞–ª–∏! –ø—Ä–∏–º–∏—Ç–µ –≤–æ –≤–Ω–∏–º–∞–Ω–∏–µ. –ø–ª–æ—Ö–æ, —á—Ç–æ –Ω–µ—Ç –ø—Ä—è–º–æ–≥–æ –∞–≤–∞—Ä–∏–π–Ω–æ–≥–æ —Ç–µ–ª–µ—Ñ–æ–Ω–∞ –Ω–µ–ø–æ—Å—Ä–µ–¥—Å—Ç–≤–µ–Ω–Ω–æ –≤ –∂–∏–≤–∏ –≤ —Ä—ã–±–∞—Ü–∫–æ–º. –∑–≤–æ–Ω–∏—à—å —á–µ—Ä–µ–∑ –¥–µ—Å—è—Ç—ã–µ —Ä—É–∫–∏...",,,,,,5,True,313,32,47,0,0,1,1,1,110.60000000000001
4217490,5,–æ—Ç–ª–∏—á–Ω–æ! —Ç–∞–∫ –±—ã –ø–æ –≤—Å–µ–º —Å–µ—Ä–≤–∏—Å–∞–º –∏—Å–ø–æ–ª–Ω—è–ª–æ—Å—å –±—ã. —á—ë—Ç–∫–æ –∏ –±—ã—Å—Ç—Ä–æ.,,,,,,5,True,64,6,11,1,0,0,0,0,22.9
4216642,5,–æ—Ç–ª–∏—á–Ω–æ!!!! –±—ã—Å—Ç—Ä–æ –æ—Ç—Ä–µ–∞–≥–∏—Ä–æ–≤–∞–ª–∏. –≤—Å—ë —Ä–∞–±–æ—Ç–∞–µ—Ç!!!!!!,,,,,,5,True,52,4,5,1,0,0,0,0,17.7
4216104,5,"–≤—ã—Ä–∞–∂–∞—é –æ–≥—Ä–æ–º–Ω—É—é –±–ª–∞–≥–æ–¥–∞—Ä–Ω–æ—Å—Ç—å –º–∞—Å—Ç–µ—Ä—É -—ç–ª–µ–∫—Ç—Ä–∏–∫—É –∑–∞ –ø—Ä–æ–¥–µ–ª–∞–Ω–Ω—É—é —Ä–∞–±–æ—Ç—É. –ø—Ä–æ—Ñ–µ—Å—Å–∏–æ–Ω–∞–ª —Å–≤–æ–µ–≥–æ –¥–µ–ª–∞, —â–µ–ø–µ—Ç–∏–ª—å–Ω–æ –ø—Ä–æ–≤–µ—Ä–∏–ª –≤—Å–µ –≤–æ–∑–º–æ–∂–Ω—ã–µ –≤–∞—Ä–∏–∞–Ω—Ç—ã –Ω–µ–ø–æ–ª–∞–¥–æ–∫, –Ω–∞—à–µ–ª –∏ —É—Å—Ç—Ä–∞–Ω–∏–ª –ø—Ä–∏—á–∏–Ω—É –∑–∞–º—ã–∫–∞–Ω–∏—è. –µ—â–µ —Ä–∞–∑ –±–æ–ª—å—à–æ–µ —Å–ø–∞—Å–∏–±–æ!",,,,,,5,True,213,21,26,0,1,3,0,1,74.8
4216092,5,"–æ—Ç—Ä–µ–≥—É–ª–∏—Ä–æ–≤–∞–ª–∏ –æ–ø–µ—Ä–∞—Ç–∏–≤–Ω–æ, –≤–æ–ø—Ä–æ—Å —Ä–µ—à—ë–Ω. –Ω–æ –æ—á–µ–Ω—å –¥–æ—Ä–æ–≥–æ, –∫–æ–≥–¥–∞ —Ä–µ–≥—É–ª–∏—Ä–æ–≤–∫–∞ —Ä–∞–≤–Ω–∞ –ø–æ–ª–æ–≤–∏–Ω–µ —Å—Ç–æ–∏–º–æ—Å—Ç–∏ —Ä–µ–≥—É–ª—è—Ç–æ—Ä–∞ –¥–∞–≤–ª–µ–Ω–∏—è –≤–æ–¥—ã.",,,,,,5,True,126,13,15,1,0,0,0,1,44.0
4215839,5,—Å–ø–∞—Å–∏–±–æ –∑–∞ –æ–ø–µ—Ä–∞—Ç–∏–≤–Ω–æ—Å—Ç—å. —Å–æ—Ç—Ä—É–¥–Ω–∏–∫ —É—Å—Ç—Ä–∞–Ω–∏–ª –ø—Ä–æ–±–ª–µ–º—É.,,,,,,5,True,54,4,6,1,0,2,0,2,19.7
4215769,5,"—Å–ø–∞—Å–∏–±–æ. –∑–Ω–∞—á–∏—Ç —Å –≥—É–ª–æ–º –≤ —Ç—Ä—É–±–∞—Ö, –º–æ–∂–Ω–æ –±–æ—Ä–æ—Ç—å—Å—è. –¥–µ–π—Å—Ç–≤–∏—Ç–µ–ª—å–Ω–æ —Å—Ç–∞–ª–æ —Ç–∏—Ö–æ. –µ—Å–ª–∏ –ø—Ä–æ–±–ª–µ–º–∞ –≤–æ–∑–Ω–∏–∫–Ω–µ—Ç –æ–ø—è—Ç—å –±—É–¥–µ—Ç –º–Ω–æ–≥–æ –∑–∞—è–≤–æ–∫.",,,,,,5,True,125,13,18,0,0,1,0,1,44.300000000000004
4215565,5,—Å–ø–∞—Å–∏–±–æ –∏–Ω–∂–µ–Ω–µ—Ä—É –±—ã—Å—Ç—Ä–æ –∏ –æ–ø–µ—Ä–∞—Ç–∏–≤–Ω–æ —Ä–∞–±–æ—Ç–∞–µ—Ç. —Ö–æ—Ç—å –∫—Ç–æ-—Ç–æ –≤ —ç—Ç–æ–π –∫–æ–º–ø–∞–Ω–∏–∏ –æ—Ç–≤–µ—Ç—Å—Ç–≤–µ–Ω–Ω—ã–π —á–µ–ª–æ–≤–µ–∫.,,,,,,5,True,97,8,13,2,0,1,0,0,34.199999999999996
4215416,5,–±–æ–ª—å—à–æ–µ —Å–ø–∞—Å–∏–±–æ.. –æ–ø–µ—Ä–∞—Ç–∏–≤–Ω–æ –ø–æ–¥–∫–ª —ç–ª–µ–∫—Ç—Ä–∏—á–µ—Å—Ç–≤–æ !,,,,,,5,True,50,4,6,1,0,1,0,0,17.6
4214634,5,—Å–ø–∞—Å–∏–±–æ! –æ—Ç–≤–µ—Ç –±—ã–ª –ø—Ä–µ–¥–æ—Å—Ç–∞–≤–ª–µ–Ω –æ–ø–µ—Ä–∞—Ç–∏–≤–Ω–æ ü§ù,,,,,,5,True,44,4,6,1,0,1,0,0,15.799999999999999
4214606,5,"—Ä–∞–±–æ—Ç–∞ –≤—ã–ø–æ–ª–Ω–µ–Ω–∞ –±—ã—Å—Ç—Ä–æ, –ø—Ä–æ–±–ª–µ–º–∞ —Ä–µ—à–µ–Ω–∞",,,,,,5,True,40,5,5,1,0,0,0,1,14.6
4214480,5,"–±—ã—Å—Ç—Ä–æ –æ—Ñ–æ—Ä–º–∏–ª–∏ –∑–∞—è–≤–∫—É, –±—ã—Å—Ç—Ä–æ –ø—Ä–∏—à–ª–∏ —Å–∞–Ω—Ç–µ—Ö–Ω–∏–∫–∏",,,,,,5,True,48,6,5,1,0,0,0,0,16.9
4214193,5,"–æ—á–µ–Ω—å –±—ã—Å—Ç—Ä–æ, –æ—á–µ–Ω—å –ø—Ä–∏—è—Ç–Ω—ã–µ –ª—é–¥–∏.",,,,,,5,True,34,5,4,1,0,0,0,0,12.3
4214096,5,–æ—Ç—Ä–µ–∞–≥–∏—Ä–æ–≤–∞–ª–∏ –±—ã—Å—Ç—Ä–æ –∏ —É—Å—Ç—Ä–∞–Ω–∏–ª–∏ –Ω–µ–∏—Å–ø—Ä–∞–≤–Ω–æ—Å—Ç—å,,,,,,5,True,46,4,5,1,0,0,0,1,16.2
4213768,5,–æ—Ç–∑—ã–≤—á–∏–≤—ã–µ –¥–µ–≤–æ—á–∫–∏!—Ä–µ—à–∏–ª–∏ –ø—Ä–æ–±–ª–µ–º—É –±—ã—Å—Ç—Ä–æ!–æ—á–µ–Ω—å –¥–æ–≤–æ–ª—å–Ω–∞!,,,,,,5,True,57,7,5,1,0,0,0,2,20.399999999999995
4213725,5,"–æ–≥—Ä–æ–º–Ω–æ–µ —Å–ø–∞—Å–∏–±–æ, –∑–∞ –º–æ–ª–Ω–∏–µ–Ω–æ—Å–Ω–æ–µ —Ä–µ—à–µ–Ω–∏–µ –ø—Ä–æ–±–ª–µ–º—ã.",,,,,,5,True,51,4,6,0,0,1,0,1,17.9
4213476,5,"‚ù§Ô∏è‚ù§Ô∏è‚ù§Ô∏è –∂–∏–≤—É —Ç—É—Ç –Ω–µ –¥–æ–ª–≥–æ –Ω–æ –ø–æ–∫–∞ —á—Ç–æ –≤—ã –ª—É—á—à–∞—è —É–∫, —Å–ø–∞—Å–∏–±–æ –∑–∞ –±—ã—Å—Ç—Ä–æ–µ —Ä–µ–≥–∏—Ä–æ–≤–∞–Ω–∏–µ –Ω–∞ –ø—Ä–æ–±–ª–µ–º—ã, —Ö–æ—Ä–æ—à–µ–≥–æ –¥–Ω—è",,,,,,5,True,107,12,19,1,0,1,0,1,39.199999999999996
4213472,5,"—Ä–µ–±—è—Ç–∞ –º–æ–ª–æ–¥—Ü—ã, —Å–ø–∞—Å–∏–±–æ –æ–≥—Ä–æ–º–Ω–æ–µ , –≤—Å–µ —É—Å—Ç—Ä–∞–Ω–∏–ª–∏ üôè",,,,,,5,True,50,4,8,0,0,1,0,1,18.000000000000004
4213418,5,"—Å–ø–∞—Å–∏–±–æ, —á—Ç–æ —É—Å—Ç—Ä–∞–Ω–∏–ª–∏ —Ç–µ—á—å! –±—ã–ª–æ –±—ã –µ—â—ë –ø—Ä–∏—è—Ç–Ω–µ–π, –µ—Å–ª–∏ –±—ã –Ω–µ –ø—Ä–∏—à–ª–æ—Å—å —Ä—É–≥–∞—Ç—å—Å—è (–æ—Å–æ–±–µ–Ω–Ω–æ —Å —Å–∞–Ω—Ç–µ—Ö–Ω–∏–∫–æ–º )–∏ –∂–¥–∞—Ç—å —Å—É—Ç–∫–∏ –ø–æ–∫–∞ –æ—Ç–∫–ª—é—á–∞—Ç –≤–æ–¥—É –∏ –Ω–∞—á–Ω—É—Ç —á—Ç–æ-—Ç–æ –ø—Ä–µ–¥–ø—Ä–∏–Ω–∏–º–∞—Ç—å.",,,,,,5,True,168,16,25,0,0,1,0,1,59.2
4213235,5,"—Å—É–ø—Ä—É–≥–∞ —Å —Ä–µ–±–µ–Ω–∫–æ–º –∫ —Å–æ—Å–µ–¥—è–º –∑–∞—à–ª–∏,—Ç–∞–∫ –∫–∞–∫ —Å–≤–µ—Ç–∞ –Ω–µ –±—ã–ª–æ. —Å–ø–∞—Å–∏–±–æ",,,,,,5,True,65,6,11,0,0,1,0,0,23.2
4212726,5,"–æ—á–µ–Ω—å –ø—Ä–æ—Ñ–µ—Å—Å–∏–æ–Ω–∞–ª—å–Ω—ã–π –∫–æ–º–ø–µ—Ç–µ–Ω—Ç–Ω—ã–π —Å–æ—Ç—Ä—É–¥–Ω–∏–∫! –≤–µ–∂–ª–∏–≤—ã–π –∏ –≥—Ä–∞–º–æ—Ç–Ω—ã–π, –ø–æ–º–æ–≥ —Ä–µ—à–∏—Ç—å –≤—Å–µ –≤–æ–ø—Ä–æ—Å—ã –ø–æ –∑–∞—è–≤–∫–µ!",,,,,,5,True,104,10,13,0,1,1,0,1,36.7
4211602,5,"–±–ª–∞–≥–æ–¥–∞—Ä—é –∑–∞ –æ–ø–µ—Ä–∞—Ç–∏–≤–Ω–æ–µ –≤—ã–ø–æ–ª–Ω–µ–Ω–∏–µ –∑–∞—è–≤–∫–∏. —è –ø—Ä–∏—è—Ç–Ω–æ —É–¥–∏–≤–ª—ë–Ω. —Å –º–æ–º–µ–Ω—Ç–∞ –ø–æ–¥–∞—á–∏ –∑–∞—è–≤–∫–∏, –¥–æ –≤—ã—Ö–æ–¥–∞ –º–∞—Å—Ç–µ—Ä–∞ –ø—Ä–æ—à–ª–æ –º–µ–Ω–µ–µ 40 –º–∏–Ω—É—Ç —Ç–æ—á–∫–∞ —Ç–∞–∫ –¥–µ—Ä–∂–∞—Ç—å —Å–ø–∞—Å–∏–±–æ",,,,,,5,True,153,17,23,1,0,3,0,0,55.1
4211396,5,"–º–∞—Å—Ç–µ—Ä –ø—Ä–∏—à–µ–ª,—É—Å—Ç–∞–Ω–æ–≤–∏–ª –¥–æ–≤–æ–¥—á–∏–∫,–±—ã–ª –¥–æ–±—Ä–æ–∂–µ–ª–∞—Ç–µ–ª–µ–Ω. —Å–ø–∞—Å–∏–±–æ !!!",,,,,,5,True,64,6,6,0,0,2,0,0,22.2
4211152,5,–º–∞—Å—Ç–µ—Ä –æ—á–µ–Ω—å –±—ã—Å—Ç—Ä–æ –ø—Ä–∏—à–µ–ª –∏ –≤–∫–ª—é—á–∏–ª —ç–ª–µ–∫—Ç—Ä–∏—á–µ—Å—Ç–≤–æ üëçüèª,,,,,,5,True,53,6,8,1,0,1,0,0,19.3
4210961,5,"–≤—Å–µ –æ—Ç–ª–∏—á–Ω–æ, —Ç–∞—Ç—å—è–Ω–µ –±–æ–ª—å—à–æ–µ —Å–ø–∞—Å–∏–±–æ, –æ–ø–µ—Ä–∞—Ç–∏–≤–Ω–æ –ø–æ–º–æ–≥–ª–∞ —Ä–µ—à–∏—Ç—å –ø—Ä–æ–±–ª–µ–º—É",,,,,,5,True,72,7,9,1,0,1,0,1,25.699999999999996
4210858,5,—Å–µ—Ä–≥–µ–π —Å–∞–º—ã–π –∞–¥–µ–∫–≤–∞—Ç–Ω—ã–π —Å–∞–Ω—Ç–µ—Ö–Ω–∏–∫ –Ω–∞—à–µ–≥–æ –∂–∫! —Å–ø–∞—Å–∏–±–æ!,,,,,,5,True,53,6,7,0,0,1,0,0,18.799999999999997
4210181,5,"–æ–≥—Ä–æ–º–Ω–æ–µ —Å–ø–∞—Å–∏–±–æ –∞–Ω—Ç–æ–Ω—É –∑–∞ –ø—Ä–æ–¥–µ–ª–∞–Ω–Ω—É—é —Ä–∞–±–æ—Ç—É. –≤—Å–µ —á–µ—Ç–∫–æ, –∞–∫–∫—É—Ä–∞—Ç–Ω–æ! –≤—ã–ø–∏—à–∏—Ç–µ —Å–æ—Ç—Ä—É–¥–Ω–∏–∫—É –ø—Ä–µ–º–∏—é –∑–∞ –æ—Ç–≤–µ—Ç—Å—Ç–≤–µ–Ω–Ω–æ–µ –æ—Ç–Ω–æ—à–µ–Ω–∏–µ –∫ —Ä–∞–±–æ—Ç–µ!",,,,,,5,True,132,12,16,0,1,2,0,0,46.1
4209886,5,—Å–ø–∞—Å–∏–±–æ –±–æ–ª—å—à–æ–µ —Ä–µ–±—è—Ç–∞–º —Å–¥–µ–ª–∞–ª–∏ –≤—Å–µ —Ö–æ—Ä–æ—à–æ –ø–æ—Å–º–æ—Ç—Ä–∏–º –∫–∞–∫ –±—É–¥–µ—Ç –≤ –¥–∞–ª—å–Ω–µ–π—à–µ–º –≤–µ—Å—Ç–∏ —Å–µ–±—è —Ç—Ä—É–±–∞ –∞ —Ç–∞–∫ –≤—Å–µ –æ—Ç–ª–∏—á–Ω–æ,,,,,,5,True,110,11,17,0,0,1,1,0,39.2
4209867,5,"–æ—á–µ–Ω—å —Ö–æ—Ä–æ—à–∏–π —Å–æ—Ç—Ä—É–¥–Ω–∏–∫. –ø–æ–º–æ–≥–ª–∞ —É—Å—Ç–∞–Ω–æ–≤–∏—Ç—å –ø—Ä–∏–ª–æ–∂–µ–Ω–∏–µ –∫–ª—é—á, –æ–±—ä—è—Å–Ω–∏–ª–∏ –∫–∞–∫ —Ä–∞–±–æ—Ç–∞–µ—Ç –ø—Ä–∏–ª–æ–∂–µ–Ω–∏–µ, —Å–¥–µ–ª–∞–ª–∏ —Ç—Ä–∏ –∫–ª—é—á–∞. –¥–æ–±—Ä–æ–∂–µ–ª–∞—Ç–µ–ª—å–Ω–æ–µ –æ—Ç–Ω–æ—à–µ–Ω–∏–µ, –≤—Å—ë –æ–ø–µ—Ä–∞—Ç–∏–≤–Ω–æ.",,,,,,5,True,158,16,18,1,0,1,1,0,55.1
4209833,5,—Å–ø–∞—Å–∏–±–æ –±–æ–ª—å—à–æ–µ. –æ—á–µ–Ω—å –æ–ø–µ—Ä–∞—Ç–∏–≤–Ω–æ —Ä–µ—à–∏–ª–∏ –≤–æ–ø—Ä–æ—Å.,,,,,,5,True,48,5,6,1,0,1,0,2,17.799999999999997
4209715,5,"—Å–ø–∞—Å–∏–±–æ , –≤—Å–µ —Ä–∞–±–æ—Ç–∞–µ—Ç. –∂–∞–ª—å, —á—Ç–æ –º–µ–¥–ª–µ–Ω–Ω–æ –æ—Ç—Ä–∞–±–∞—Ç—ã–≤–∞—é—Ç—Å—è –ø–ª–∞—Ç–Ω—ã–µ –∑–∞—è–≤–∫–∏ üòî",,,,,,5,True,74,6,11,0,0,1,0,0,25.9
4209346,5,–¥–æ–±—Ä—ã–π –¥–µ–Ω—å! —Å–ø–∞—Å–∏–±–æ! –Ω–∞–¥–µ—é—Å—å –∫–æ–Ω—É—Å—ã –Ω–µ —Ç–∞–∫ –ª–µ–≥–∫–æ –±—É–¥–µ—Ç —Å–¥–≤–∏–Ω—É—Ç—å –∫–∞–∫ —Å—Ñ–µ—Ä—ã,,,,,,5,True,74,8,12,0,0,1,0,0,26.500000000000004
4209040,5,–±–æ–ª—å—à–æ–µ —Å–ø–∞—Å–∏–±–æ! –æ–ø–µ—Ä–∞—Ç–∏–≤–Ω–æ —Ä–µ—à–∏–ª–∏ –ø—Ä–æ–±–ª–µ–º—É,,,,,,5,True,43,4,5,1,0,1,0,2,15.9
4209036,5,"—à–∏–∫–∞—Ä–Ω—ã–π —Å–∞–Ω—Ç–µ—Ö–Ω–∏–∫. —Å–ø–∞—Å–∏–±–æ! —á–µ—Ä–µ–∑ 10 –º–∏–Ω –ø–æ—Å–ª–µ –∑–∞—è–≤–∫–∏ –ø—Ä–∏—à–µ–ª,—Å—Ä–∞–∑—É –ø–æ–Ω—è–ª –ø—Ä–∏—á–∏–Ω—É ,—É—Å—Ç—Ä–∞–Ω–∏–ª —Å–≤–æ—é –∑–æ–Ω—É –æ—Ç–≤–µ—Ç—Å—Ç–≤–µ–Ω–Ω–æ—Å—Ç–∏-–æ–±—ä—è—Å–Ω–∏–ª ,—á—Ç–æ –º–Ω–µ –Ω–∞–¥–æ —Å–¥–µ–ª–∞—Ç—å —Å–∞–º–æ–π.",,,,,,5,True,155,15,20,0,0,1,0,1,54.1
4208969,5,"—Å–∞–Ω—Ç–µ—Ö–Ω–∏–∫–∏ –æ—Ç—Ä–µ–∞–≥–∏—Ä–æ–≤–∞–ª–∏ –±—ã—Å—Ç—Ä–æ, –Ω–∞ –¥–∞–Ω–Ω—ã–π –º–æ–º–µ–Ω—Ç –≤—Å–µ —É—Å—Ç—Ä–∞–Ω–∏–ª–∏",,,,,,5,True,63,6,8,1,0,0,0,1,22.3
4208370,5,–±–æ–ª—å—à–æ–µ —Å–ø–∞—Å–∏–±–æ! –∫–∞–∫–∏–µ –≤—ã –º–æ–ª–æ–¥—Ü—ã!,,,,,,5,True,34,4,5,0,0,1,0,0,12.3
4208316,5,"–±–æ–ª—å—à–µ —Å–ø–∞—Å–∏–±–æ! –≤—Å—ë —Å–¥–µ–ª–∞–ª–∏ –±—ã—Å—Ç—Ä–æ , –æ–ø–µ—Ä–∞—Ç–∏–≤–Ω–æ.",,,,,,5,True,48,4,7,2,0,1,1,0,17.799999999999997
4208199,5,—Å–ø–∞—Å–∏–±–æ –º–µ–Ω–µ–¥–∂–µ—Ä—É –∞–ª–∏–Ω–µ –∑–∞ –ø–æ–º–æ—â—å –≤ —Ä–µ—à–µ–Ω–∏–∏ –∑–∞—è–≤–∫–∏,,,,,,5,True,50,5,8,0,0,2,0,0,18.200000000000003
4207809,5,–≤—Å–µ –ø—Ä–æ—à–ª–æ —Ö–æ—Ä–æ—à–æ. –≤–µ–∂–ª–∏–≤—ã–π –º–æ–ª–æ–¥–æ–π —á–µ–ª–æ–≤–µ–∫ –≤—Å—ë —Å–¥–µ–ª–∞–ª –∏ –≤—Å–µ –æ–±—ä—è—Å–Ω–∏–ª. —Å–ø–∞—Å–∏–±–æ.,,,,,,5,True,79,7,11,0,0,1,1,0,27.9
4207006,5,"–≤–∫–ª—é—á–∏–ª–∏ –ª–∏—Ñ—Ç –±—ã—Å—Ç—Ä–æ, –Ω–æ –∫–∞–∫ –Ω–∞–¥–æ–µ–ª–æ —ç—Ç–æ –Ω–∞–±–ª—é–¥–∞—Ç—å –ø–æ—á—Ç–∏ –∫–∞–∂–¥—ã–π –¥–µ–Ω—å!",,,,,,5,True,69,8,11,1,0,0,0,0,24.8
4206375,5,"–±—ã—Å—Ç—Ä–æ –ø–µ—Ä–µ–∑–≤–æ–Ω–∏–ª–∏, –≤–æ–ø—Ä–æ—Å —Ä–µ—à–∏–ª–∏",,,,,,5,True,33,4,4,1,0,0,0,2,12.400000000000002
4206278,5,"–ø–æ –ø–æ–≤–æ–¥—É —É–±–æ—Ä–∫–∏ —ç—Ç–∞–∂–µ–π, —è –∑–Ω–∞—é —á—Ç–æ —É–±–∏—Ä–∞—é—Ç –≤ —Å—Ä–µ–¥—É, –Ω–æ –ø—Ä–æ–±–ª–µ–º–∞ —É–±–æ—Ä–∫–∏ 1 —ç—Ç–∞–∂–∞. —Å–ø–∞—Å–∏–±–æ –∑–∞ –≤–∞—à—É —Ä–∞–±–æ—Ç—É",,,,,,5,True,103,12,18,0,0,1,0,1,37.5
4206264,5,"—Å–ø–∞—Å–∏–±–æ, –≤—Å–µ —Å–¥–µ–ª–∞–ª–∏, –æ—á–µ–Ω—å –±–ª–∞–≥–æ–¥–∞—Ä–Ω—ã –∑–∞ –æ–ø–µ—Ä–∞—Ç–∏–≤–Ω–æ—Å—Ç—å!",,,,,,5,True,56,4,7,1,0,2,1,0,20.2
4206233,5,–≤–µ–ª–∏–∫–æ–ª–µ–ø–Ω–æ! —ç–ª–µ–∫—Ç—Ä–∏–∫ –ø—Ä–∏—à–µ–ª –±—ã—Å—Ç—Ä–æ. –≤—Å–µ —Å–¥–µ–ª–∞–ª.,,,,,,5,True,48,5,6,1,0,0,1,0,17.2
4205767,5,"–º–æ–ª–æ–¥—Ü—ã, –æ–ø–µ—Ä–∞—Ç–∏–≤–Ω–æ –≤—Å√´ –ø–æ—á–∏–Ω–∏–ª–∏.",,,,,,5,True,33,4,4,1,0,0,0,0,11.800000000000002
4205657,5,–º–∞—Å—Ç–µ—Ä –ø—Ä–∏—à–µ–ª –æ—á–µ–Ω—å –æ–ø–µ—Ä–∞—Ç–∏–≤–Ω–æ. —Å–ø–∞—Å–∏–±–æ!,,,,,,5,True,40,4,5,1,0,2,0,0,14.700000000000001
4205610,5,"—Å–ø–∞—Å–∏–±–æ –±–æ–ª—å—à–æ–µ —é—Ä–∏—é! –æ–ø–µ—Ä–∞—Ç–∏–≤–Ω–æ –ø–æ–∑–≤–æ–Ω–∏–ª, –ø—Ä–æ–∫–æ–Ω—Å—É–ª—å—Ç–∏—Ä–æ–≤–∞–ª, —Ä–µ—à–∏–ª–∏ –ø—Ä–æ–±–ª–µ–º—É üëçüèΩ —Å–ø–∞—Å–∏–±–æ",,,,,,5,True,88,7,9,1,0,1,0,2,30.799999999999997
4205393,5,"–æ–ø–µ—Ä–∞—Ç–∏–≤–Ω–æ. –µ—â—ë –±—ã –Ω–∞—Å—Ç—Ä–æ–∏–ª–∏ –µ–≥–æ, —á—Ç–æ–± –Ω–µ —Ö–ª–æ–ø–∞–ª–∞ –¥–≤–µ—Ä—å.",,,,,,5,True,56,6,9,1,0,0,0,0,20.1
4204413,5,"–Ω–∞ –º–æ—é –ø—Ä–æ—Å—å–±—É –±—ã—Å—Ç—Ä–æ –æ—Ç—Ä–µ–∞–≥–∏—Ä–æ–≤–∞–ª–∏, –ø–æ–∑–≤–æ–Ω–∏–ª–∏ –∏ –±—ã—Å—Ç—Ä–æ —Ä–µ—à–∏–ª–∏ –ø—Ä–æ–±–ª–µ–º—É",,,,,,5,True,71,8,9,1,0,0,0,2,25.6
4204394,5,"–æ–≥—Ä–æ–º–Ω–æ–µ —Å–ø–∞—Å–∏–±–æ! –Ω–∞–∫–æ–Ω–µ—Ü-—Ç–æ —Ä–µ—à–∏–ª–∏ –ø—Ä–æ–±–ª–µ–º—É! –¥–µ–≤—É—à–∫–∞ ""–≤–µ–ª–∞"" –º–µ–Ω—è –ø–æ—à–∞–≥–æ–≤–æ, —Ç–µ—Ä–ø–µ–ª–∏–≤–æ –æ–±—ä—è—Å–Ω—è—è",,,,,,5,True,94,9,11,0,0,1,0,2,33.1
4204166,5,–æ—Ç–ª–∏—á–Ω–æ. —Å–ø–∞—Å–∏–±–æ –±–æ–ª—å—à–æ–µ. —á–µ—Ç–∫–æ –∏ –±—ã—Å—Ç—Ä–æ.,,,,,,5,True,41,4,6,1,0,1,0,0,14.9
4204054,5,"–±—ã–ª–æ –≤—ã–ø–æ–ª–Ω–µ–Ω–æ –≤—Å–µ –±—ã—Å—Ç—Ä–æ, –∫–∞—á–µ—Å—Ç–≤–µ–Ω–Ω–æ –∏ –ø—Ä–æ—Ñ–µ—Å—Å–∏–æ–Ω–∞–ª—å–Ω–æ, —Å–ø–∞—Å–∏–±–æ!",,,,,,5,True,66,5,8,1,2,1,0,0,23.6
4203883,5,"–ø—Ä–∏—à–µ–ª —Å –≤–æ–ø—Ä–æ—Å–æ–º, –¥–µ–≤—É—à–∫–∞ –≤—Å–µ —Ä–∞—Å—Å–∫–∞–∑–∞–ª–∞, –ø–æ–∫–∞–∑–∞–ª–∞ –∫–∞–∫ —Å–¥–µ–ª–∞—Ç—å, –≤–æ–ø—Ä–æ—Å —Ä–µ—à–∏–ª—Å—è –∑–∞ 5 –º–∏–Ω—É—Ç. —Å–ø–∞—Å–∏–±–æ",,,,,,5,True,99,9,15,0,0,1,0,2,35.4
4203848,5,—Å–ø–∞—Å–∏–±–æ —Å–∞–Ω—Ç–µ—Ö–Ω–∏–∫—É —Å–µ—Ä–≥–µ—é –∑–∞ —Ä–∞–±–æ—Ç—ã –ø–æ —É—Å—Ç—Ä–∞–Ω–µ–Ω–∏—é –Ω–µ–ø–æ–ª–∞–¥–∫–∏ –≤ —Å–∏—Å—Ç–µ–º–µ –≥–≤—Å.,,,,,,5,True,74,7,11,0,0,1,0,0,26.099999999999998
4203698,5,–≤—Å–µ –æ—Ç–ª–∏—á–Ω–æ! —Å–ø–∞—Å–∏–±–æ —É–∫ –∏ –ª–∏—á–Ω–æ –±–æ—Ä–∏—Å—É,,,,,,5,True,38,4,7,0,0,1,0,0,13.900000000000002
4203344,5,"—Å–ø–∞—Å–∏–±–æ, –¥–≤–∞ –¥–Ω—è —É –º–∞–≥–∞–∑–∏–Ω–∞ –Ω–∏—á–µ–≥–æ –Ω–µ—Ç, —Å—Ç–µ–ª–ª–∞–∂–µ–π –∏ –º—É—Å–æ—Ä–∞",,,,,,5,True,58,7,10,0,0,1,0,0,21.099999999999998
4203276,5,—Ç–µ–ø–µ—Ä—å –≤—Å—ë –≤ –ø–æ—Ä—è–¥–∫–µ. –ø–æ–≤—Ç–æ—Ä–Ω–æ–µ –Ω–∞—á–∏—Å–ª–µ–Ω–∏–µ —É–±—Ä–∞–ª–∏. —Å–ø–∞—Å–∏–±–æ!,,,,,,5,True,59,5,8,0,0,1,0,0,20.6
4202514,5,"—Å—É–ø–µ—Ä —Å–æ—Ç—Ä—É–¥–Ω–∏–∫ ! 10 –∏ 10 –±–∞–ª–ª–æ–≤ , –ø—Ä–æ—Ñ–µ—Å—Å–∏–æ–Ω–∞–ª—å–Ω—ã–π –ø–æ–¥—Ö–æ–¥ . —Å–ø–∞—Å–∏–±–æ.",,,,,,5,True,69,5,11,0,1,2,0,0,24.799999999999997
4202115,5,–æ—á–µ–Ω—å –±—ã—Å—Ç—Ä–æ —Ä–µ—à–∏–ª–∏ –≤–æ–ø—Ä–æ—Å! –æ—Ç –≤—ã–∑–æ–≤–∞ —ç–ª–µ–∫—Ç—Ä–∏–∫–∞ –ø–æ –∑–∞–º–µ–Ω–µ –ª–∞–º–ø –≤ –∫–æ—Ä–∏–¥–æ—Ä–µ –¥–æ —É—Å—Ç—Ä–∞–Ω–µ–Ω–∏—è –Ω–µ–∏—Å–ø—Ä–∞–≤–Ω–æ—Å—Ç–∏ –ø—Ä–æ—à–ª–æ –º–∏–Ω—É—Ç 30. –Ω–µ–æ–∂–∏–¥–∞–Ω–Ω–æ –∏ –ø—Ä–∏—è—Ç–Ω–æ!,,,,,,5,True,140,15,21,1,0,0,0,2,50.1
4201573,5,"—Å–ø–∞—Å–∏–±–æ –∑–∞ –±—ã—Å—Ç—Ä—ã–π –æ—Ç–∫–ª–∏–∫ –Ω–∞ –∑–∞—è–≤–∫—É, –∫ —Å–æ–∂–∞–ª–µ–Ω–∏—é –ø—Ä–æ–±–ª–µ–º–∞ –Ω–µ —Ä–µ—à–∏–ª–∞—Å—å, –∑–∞–ø–∞—Ö –æ—Å—Ç–∞–ª—Å—è, –±—É–¥–µ–º –∂–¥–∞—Ç—å –ø–æ—Ç–æ–ø.",,,,,,5,True,104,11,16,1,0,1,0,2,37.800000000000004
4200782,5,"—Å–ø–∞—Å–∏–±–æ, –º—É—Å–æ—Ä –∏ –¥–≤–µ—Ä—å –≤—ã–Ω–µ—Å–ª–∏, –Ω–æ –ø–æ–ª—ã –Ω–µ –ø–æ–º—ã–ª–∏",,,,,,5,True,49,5,9,0,0,1,0,0,17.8
4200630,5,"–±—ã—Å—Ç—Ä–æ –æ—Ç—Ä–µ–∞–≥–∏—Ä–æ–≤–∞–ª–∏ –Ω–∞ –∑–∞—è–≤–∫—É , —Å—Ä–∞–∑—É —Ä–µ—à–∏–ª–∏ –ø—Ä–æ–±–ª–µ–º—É , —Å–ø–∞—Å–∏–±–æ",,,,,,5,True,64,6,9,1,0,1,0,2,23.4
4200359,5,"–±–æ–ª—å—à–æ–µ —Å–ø–∞—Å–∏–±–æ –∑–∞ –æ–ø–µ—Ä–∞—Ç–∏–≤–Ω–æ—Å—Ç—å, –≤ —Ä–µ—à–µ–Ω–∏–∏ –¥–∞–Ω–Ω–æ–π –ø—Ä–æ–±–ª–µ–º—ã",,,,,,5,True,59,5,8,1,0,1,0,1,21.2
4199856,5,–≤–æ–ø—Ä–æ—Å —Ä–µ—à–∏–ª–∏ –æ—á–µ–Ω—å –±—ã—Å—Ç—Ä–æ. –±–æ–ª—å—à–æ–µ —Å–ø–∞—Å–∏–±–æ!,,,,,,5,True,44,5,6,1,0,1,0,2,16.599999999999998
4199634,5,–æ—á–µ–Ω—å –≤–µ–∂–ª–∏–≤—ã–π –∏ –≤–Ω–∏–º–∞—Ç–µ–ª—å–Ω—ã–π –º–∞—Å—Ç–µ—Ä. –≤—Å–µ –≤—ã—è—Å–Ω–∏–ª –∏ –ø–æ—á–∏–Ω–∏–ª !,,,,,,5,True,61,6,9,0,0,1,0,0,21.6
4199041,5,–æ—á–µ–Ω—å –¥–æ–≤–æ–ª–µ–Ω üëç –±—ã—Å—Ç—Ä–æ –∏ –∫–∞—á–µ—Å—Ç–≤–µ–Ω–Ω–æ –±–ª–∞–≥–æ–¥–∞—Ä—é ü§©,,,,,,5,True,48,5,8,1,1,1,0,0,17.9
4198998,5,"–±—ã—Å—Ç—Ä–æ –æ–±—Ä–∞–±–æ—Ç–∞–ª–∏ –∑–∞—è–≤–∫—É,–∏ –±—ã—Å—Ç—Ä–æ –ø—Ä–∏—à–ª–∏ —Å–ª–µ—Å–∞—Ä–∏",,,,,,5,True,48,6,5,1,0,0,0,0,16.9
4198806,5,"–≤–µ–∂–ª–∏–≤—ã–µ –∏ –æ—Ç–∑—ã–≤—á–∏–≤—ã–µ —Å–æ—Ç—Ä—É–¥–Ω–∏–∫–∏, –±—ã—Å—Ç—Ä–æ —Ä–µ—à–∞—é—Ç –≤—Å–µ –≤–æ–∑–Ω–∏–∫—à–∏–µ –ø—Ä–æ–±–ª–µ–º—ã!",,,,,,5,True,71,7,9,1,0,1,0,1,25.4
4198291,5,"–æ—á–µ–Ω—å –ø–æ–Ω—Ä–∞–≤–∏–ª—Å—è –≤–∞—à —Å–æ—Ç—Ä—É–¥–Ω–∏–∫. –≤—Å–µ –ø—Ä–æ–≤–µ—Ä–∏–ª, –ø–æ–∫–∞–∑–∞–ª, –æ–±—ä—è—Å–Ω–∏–ª. –Ω–∞–¥–µ—é—Å—å —Å –æ—Ç–æ–ø–ª–µ–Ω–∏–µ–º –ø—Ä–æ–±–ª–µ–º –Ω–µ –±—É–¥–µ—Ç. —Å–ø–∞—Å–∏–±–æ",,,,,,5,True,111,11,15,0,0,2,0,1,39.4
4198286,5,–æ–≥—Ä–æ–º–Ω–æ–µ —Å–ø–∞—Å–∏–±–æ. –≤—Å–µ —á–µ—Ç–∫–æ. –ø—Ä–µ–¥–≤–∞—Ä–∏—Ç–µ–ª—å–Ω–æ –ø–µ—Ä–µ–∑–≤–æ–Ω–∏–ª–∏ –∏ –º–∞—Å—Ç–µ—Ä –ø—Ä–∏—à–µ–ª –≤ –Ω–∞–∑–Ω–∞—á–µ–Ω–Ω–æ–µ –≤—Ä–µ–º—è,,,,,,5,True,91,8,12,0,0,2,0,0,31.900000000000006
4197411,5,–∫–∞—á–µ—Å—Ç–≤–µ–Ω–Ω–æ ü§ù –æ—Å–æ–±–æ–µ –±–ª–∞–≥–æ–¥–∞—Ä–Ω–æ—Å—Ç—å —Å–µ—Ä–≥–µ—é,,,,,,5,True,41,4,5,0,1,1,0,0,14.7
4196686,5,"–±–∞—Ç–∞—Ä–µ—è –ø–æ–ª–Ω–æ—Å—Ç—å—é –≥–æ—Ä—è—á–∞—è, —Å–ø–∞—Å–∏–±–æ –æ–≥—Ä–æ–º–Ω–æ–µ –∑–∞ —Ä–∞–±–æ—Ç—É",,,,,,5,True,53,5,7,0,0,1,0,0,18.599999999999998
4196374,5,"—Å–ø–∞—Å–∏–±–æ –∑–∞ —Ä–∞–±–æ—Ç—É ,–æ—á–µ–Ω—å —Ö–æ—Ä–æ—à–∏–π —á–µ–ª–æ–≤–µ–∫.",,,,,,5,True,41,4,6,0,0,1,0,0,14.600000000000001
4196273,5,"–æ—á–µ–Ω—å –±—ã—Å—Ç—Ä–æ –æ—Ç—Ä–µ–∞–≥–∏—Ä–æ–≤–∞–ª–∏, –ø—Ä–æ–±–ª–µ–º—É —Ä–µ—à–∏–ª–∏",,,,,,5,True,43,5,5,1,0,0,0,2,15.8
4196155,5,"—Å–ø–∞—Å–∏–±–æ ,–æ—á–µ–Ω—å –±—ã—Å—Ç—Ä–æ –≤—ã–ø–æ–ª–Ω–∏–ª–∏ —Ä–∞–±–æ—Ç—É",,,,,,5,True,38,4,5,1,0,1,1,0,14.100000000000001
4196018,5,"–æ—á–µ–Ω—å –±—ã—Å—Ç—Ä–æ –æ—Ç—Ä–µ–∞–≥–∏—Ä–æ–≤–∞–ª–∏, –ø—Ä–∏–µ—Ö–∞–ª–∏ –≤ —É–¥–æ–±–Ω–æ–µ –≤—Ä–µ–º—è!",,,,,,5,True,53,6,7,1,0,0,0,0,18.799999999999997
4195889,5,"—Å–ø–∞—Å–∏–±–æ, —è –≤–∏–∂—É —Å—á–µ—Ç—á–∏–∫–∏ –∑–∞–≤–µ–¥–µ–Ω—ã –≤ –ø—Ä–æ–≥—Ä–∞–º–º—É –∏ –æ—Ç–æ–±—Ä–∞–∑–∏–ª–∏—Å—å –≤ –ø—Ä–∏–ª–æ–∂–µ–Ω–∏–∏",,,,,,5,True,73,7,10,0,0,1,0,0,25.599999999999998
4195710,5,—Å–ø–∞—Å–∏–±–æ! –ø–æ–ª—É—á–∏—Ç—å –∫–ª—é—á —Å–∞–º–∞ –Ω–µ –º–æ–≥—É. –ø—Ä–æ—à—É –≤—ã–¥–∞—Ç—å –∫–ª—é—á —Ç—Ä–æ—Ñ–∏–º–æ–≤–∞ —Å—Ç–µ–ø–∞–Ω—É –≤–∏–∫—Ç–æ—Ä–æ–≤–∏—á—É 29.06.1993 –≥.—Ä.,,,,,,5,True,100,10,13,0,0,1,0,0,34.9
4195451,5,"—É–∫ –æ—Ç—Ä–µ–∞–≥–∏—Ä–æ–≤–∞–ª–∏ –±—ã—Å—Ç—Ä–æ. —Å–∞–Ω—Ç–µ—Ö–Ω–∏–∫ –ø—Ä–∏—à–µ–ª –≤–æ–≤—Ä–µ–º—è, –∏—Å–ø—Ä–∞–≤–∏–ª.",,,,,,5,True,60,7,7,1,0,0,0,1,21.4
4195343,5,"–±–æ–ª—å—à–æ–µ —Å–ø–∞—Å–∏–±–æ –º–∞—Å—Ç–µ—Ä–∞–º –∫–æ—Ç–æ—Ä—ã–µ —á–∏–Ω–∏–ª–∏ –±–∞—Ç–∞—Ä–µ—é, –ø—Ä–∏—à–ª–∏ –æ—á–µ–Ω—å –±—ã—Å—Ç—Ä–æ —è –¥–∞–∂–µ –Ω–µ –æ–∂–∏–¥–∞–ª–∞. –≤—Å–µ —Å–ø–æ–∫–æ–π–Ω–æ —Å–¥–µ–ª–∞–ª–∏. —Å–ø–∞—Å–∏–±–æ",,,,,,5,True,117,12,16,1,0,2,1,0,41.900000000000006
4195228,5,"–¥–∞ –Ω–µ–∏—Å–ø—Ä–∞–≤–Ω–æ—Å—Ç—å —É—Å—Ç—Ä–∞–Ω–µ–Ω–∞, –Ω–æ –ø–æ –≤—Ä–µ–º–µ–Ω–∏ –Ω–µ –æ—á–µ–Ω—å –±—ã—Å—Ç—Ä–æ",,,,,,5,True,57,5,9,1,0,0,0,0,20.2
4194964,5,"–º–∞—Å—Ç–µ—Ä –ø—Ä–∏—à–µ–ª –≤–æ–≤—Ä–µ–º—è, –ø–æ–º–µ–Ω—è–ª –∏ –æ–ø–ª–æ–º–±–∏—Ä–æ–≤–∞–ª —Å—á—ë—Ç—á–∏–∫, –≤—Å—ë –æ—Ç–ª–∏—á–Ω–æ",,,,,,5,True,66,7,9,0,0,1,0,0,23.3
4194793,5,–±—ã—Å—Ç—Ä–æ –ø–æ–º–æ–≥–ª–∏ —Å –æ—Ç–≤–µ—Ç–æ–º + —á–µ—Ç–∫–æ –≤—ã—Ä–∞–∂–µ–Ω–∞ –º—ã—Å–ª—å –∏ —Ç–æ —á—Ç–æ —è –ø—Ä–æ—Å–∏–ª–∞ - —É—Å–ª—ã—à–∞–ª–∞,,,,,,5,True,77,9,15,1,0,0,0,0,28.2
4194676,5,—Å–ø–∞—Å–∏–±–æ! –æ—á–µ–Ω—å –ø–æ–º–æ–≥–ª–∏! –æ—Ç–ª–∏—á–Ω—ã–π —Å–∞–Ω—Ç–µ—Ö–Ω–∏–∫,,,,,,5,True,42,4,5,0,0,1,0,0,14.700000000000001
4194664,5,"—Å–ø–∞—Å–∏–±–æ –±–æ–ª—å—à–æ–µ —Å–µ—Ä–≥–µ—é —Å–∞–Ω—Ç–µ—Ö–Ω–∏–∫—É. –ø—Ä–∏—à—ë–ª –±—ã—Å—Ç—Ä–æ, –≤—Å—ë –æ—Ç—Ä–µ–º–æ–Ω—Ç–∏—Ä–æ–≤–∞–ª –∏ –¥–∞–ª –¥–µ–ª—å–Ω—ã–µ —Å–æ–≤–µ—Ç—ã!!!",,,,,,5,True,92,9,12,1,0,1,0,0,32.4
4194284,5,"—Å–ø–∞—Å–∏–±–æ –±–æ–ª—å—à–æ–µ –∑–∞ —Ä–∞–±–æ—Ç—É, –∑–∞ –±—ã—Å—Ç—Ä—ã–π –æ—Ç–≤–µ—Ç –Ω–∞ –∑–∞—è–≤–∫—É –∏ —É—Å—Ç—Ä–∞–Ω–µ–Ω–∏—è .",,,,,,5,True,68,6,11,1,0,1,0,0,24.4
4194080,5,–∏–¥–µ–∞–ª—å–Ω–æ –∑–∞–∫—Ä—ã–≤–∞–µ—Ç—Å—è –¥–≤–µ—Ä—å. –æ–≥—Ä–æ–º–Ω–æ–µ —Å–ø–∞—Å–∏–±–æ –º–∞—Å—Ç–µ—Ä—É!,,,,,,5,True,53,5,6,0,0,2,0,0,18.7
4193401,5,–≤—Å—ë —Å—É–ø–µ—Ä. —Å–ø–∞—Å–∏–±–æ —Å–∞–Ω—Ç–µ—Ö–Ω–∏–∫—É –∑–∞ —Ä–µ—à–µ–Ω–∏–µ –ø—Ä–æ–±–ª–µ–º—ã.,,,,,,5,True,50,4,7,0,0,1,0,1,17.8
4193119,5,"—Å–ø–∞—Å–∏–±–æ –∑–∞ –æ–ø–µ—Ä–∞—Ç–∏–≤–Ω—É—é —Ä–∞–±–æ—Ç—É,–≤–æ–ø—Ä–æ—Å —Ä–µ—à–µ–Ω.",,,,,,5,True,43,4,5,1,0,1,0,1,15.600000000000001
4192859,5,—Å–ø–∞—Å–∏–±–æ! –≤—Å–µ –æ–ø–µ—Ä–∞—Ç–∏–≤–Ω–æ –∏ –±—ã—Å—Ç—Ä–æ –±—ã–ª–æ —Å–¥–µ–ª–∞–Ω–æ! üëçüèª,,,,,,5,True,49,4,8,2,0,1,0,0,18.0
4192384,5,"–æ–ø–µ—Ä–∞—Ç–∏–≤–Ω–æ –∏ –±—ã—Å—Ç—Ä–æ –≤—Å–µ —Å–¥–µ–ª–∞–ª–∏, —á—Ç–æ —Ç—Ä–µ–±–æ–≤–∞–ª–æ—Å—å.",,,,,,5,True,49,4,7,2,0,0,1,0,17.799999999999997
4192338,5,–ø–µ—Ä–≤—ã–π —Ä–∞–∑ –∑–∞ 5 –ª–µ—Ç –∑–∞—è–≤–∫–∞ –≤—ã–ø–æ–ª–Ω–µ–Ω–∞ –∫–∞–∫ –ø–æ–ª–∞–≥–∞–µ—Ç—Å—è –∏ –æ–ø–µ—Ä–∞—Ç–∏–≤–Ω–æ! —Å–ø–∞—Å–∏–±–æ!,,,,,,5,True,74,7,12,1,0,1,0,0,26.6
4192327,5,"–±—ã—Å—Ç—Ä–æ –æ—Ç—Ä–µ–∞–≥–∏—Ä–æ–≤–∞–ª–∏, —Ç–µ—Ö–Ω–∏–∫ –ø–æ–∑–≤–æ–Ω–∏–ª, —á—Ç–æ-—Ç–æ –≥–¥–µ-—Ç–æ —Å–¥–µ–ª–∞–ª, –æ—Ç–æ–ø–ª–µ–Ω–∏–µ —Å–Ω–æ–≤–∞ –≥—Ä–µ–µ—Ç. —Å–ø–∞—Å–∏–±–æ.",,,,,,5,True,92,8,11,1,0,1,1,0,32.3
4192161,5,–æ—Ç—Ä–µ–∞–≥–∏—Ä–æ–≤–∞–ª–∏ –º–æ–º–µ–Ω—Ç–∞–ª—å–Ω–æ. —Å–∞–Ω—Ç–µ—Ö–Ω–∏–∫ –Ω–∞—à–µ–ª –ø—Ä–∏—á–∏–Ω—É –±—ã—Å—Ç—Ä–æ –∏ —É—Å—Ç—Ä–∞–Ω–∏–ª –±—ã—Å—Ç—Ä–æ. —Å–ø–∞—Å–∏–±–æ –±–æ–ª—å—à–æ–µ.,,,,,,5,True,93,9,11,1,0,1,0,1,32.8
4191863,5,"–æ—Ç–ª–∏—á–Ω–∞—è —Ä–∞–±–æ—Ç–∞, –±—ã—Å—Ç—Ä–æ –∏ –∫–∞—á–µ—Å—Ç–≤–µ–Ω–Ω–æ",,,,,,5,True,37,4,5,1,1,0,0,0,13.5
4191852,5,"–æ—Ç–ª–∏—á–Ω–∞—è —Ä–∞–±–æ—Ç–∞, –±—ã—Å—Ç—Ä–æ, –∫–∞—á–µ—Å—Ç–≤–µ–Ω–Ω–æ üôå",,,,,,5,True,38,4,5,1,1,0,0,0,13.8
4191795,5,"—Å–ø–∞—Å–∏–±–æ –∑–∞ —Ä–µ–º–æ–Ω—Ç, –ø—Ä–∏—Å—Ç—É–ø–∏–ª–∏ –∫ —Ä–∞–±–æ—Ç–∞–º –≤ —Ç–æ—Ç –∂–µ –¥–µ–Ω—å!",,,,,,5,True,54,5,10,0,0,1,0,0,19.5
4191625,5,"—Å–ø–∞—Å–∏–±–æ, –º–∞—Å—Ç–µ—Ä –ø—Ä–∏—à—ë–ª –æ—á–µ–Ω—å –±—ã—Å—Ç—Ä–æ.",,,,,,5,True,36,4,5,1,0,2,0,0,13.5
4191616,5,"—Å–ø–∞—Å–∏–±–æ! –æ—á–µ–Ω—å –±—ã—Å—Ç—Ä–æ –æ—Ç—Ä–µ–∞–≥–∏—Ä–æ–≤–∞–ª–∏ –∏ –∑–∞–º–µ–Ω–∏–ª–∏ –ª–∞–º–ø—É –Ω–µ —Ç–æ–ª—å–∫–æ –Ω–∞ 2 —ç—Ç–∞–∂–µ, –Ω–æ –∏ –Ω–∞ –ø–µ—Ä–≤–æ–º. –±–ª–∞–≥–æ–¥–∞—Ä—é!",,,,,,5,True,101,9,15,1,0,2,0,0,35.99999999999999
4191260,5,–±–æ–ª—å—à–æ–µ —Å–ø–∞—Å–∏–±–æ. –≤—Å–µ –≤—ã–ø–æ–ª–Ω–µ–Ω–æ –æ–ø–µ—Ä–∞—Ç–∏–≤–Ω–æ –∏ –∫–∞—á–µ—Å—Ç–≤–µ–Ω–Ω–æ,,,,,,5,True,55,4,7,1,1,1,0,0,19.599999999999998
4190995,5,–Ω–∞ –∑–∞—è–≤–∫—É –æ—Ç—Ä–µ–∞–≥–∏—Ä–æ–≤–∞–ª–∏ –Ω–æ—á—å—é –º–≥–Ω–æ–≤–µ–Ω–Ω–æ. —Ç–µ—á—å —É—Å—Ç—Ä–∞–Ω–µ–Ω–∞ –æ–ø–µ—Ä–∞–∏–≤–Ω–æ –∏ –∫–∞—á–µ—Å—Ç–≤–µ–Ω–Ω–æ! —Å–ø–∞—Å–∏–±–æ –≤—Å–µ–º –∏ –≤–∏–∫—Ç–æ—Ä—É –ø–µ—Ä—Å–æ–Ω–∞–ª—å–Ω–æ!,,,,,,5,True,116,11,14,1,1,1,0,0,40.699999999999996
4190986,5,"—Å–ø–∞—Å–∏–±–æ,–æ–ø–µ—Ä–∞—Ç–∏–≤–Ω–æ –æ—Ç—Ä–µ–∞–≥–∏—Ä–æ–≤–∞–ª–∏, –ø–µ—Ä–µ–∫—Ä—ã–ª–∏ –≤–æ–¥—É",,,,,,5,True,48,4,4,1,0,1,0,0,16.6
4190830,5,—Å–ø–∞—Å–∏–±–æ –±–æ–ª—å—à–æ–µ!!! –≤—ã –æ—á–µ–Ω—å –∞–ø–µ—Ä–∞—Ç–∏–≤–Ω—ã–µ,,,,,,5,True,39,4,5,0,0,1,0,0,13.8
4190748,5,"—Ö–æ—Ä–æ—à–æ, —á—Ç–æ —Ä–µ—à–∏–ª–∏ –≤–æ–ø—Ä–æ—Å. –Ω–æ —Ç–µ–º –Ω–µ –º–µ–Ω–µ–µ, —á–µ–ª–æ–≤–µ–∫ –º–µ–Ω–µ–µ –≤–Ω–∏–º–∞—Ç–µ–ª—å–Ω—ã–π –Ω–µ –æ–±—Ä–∞—Ç–∏–ª –±—ã –≤–Ω–∏–º–∞–Ω–∏–µ –Ω–∞ –ø—Ä–∏—à–µ–¥—à–∏–π –ø–æ–≤—Ç–æ—Ä–Ω—ã–π —Å—á—ë—Ç –∑–∞ –∫–æ–º–º—É–Ω–∞–ª–∫—É –∏ –æ–ø–ª–∞—Ç–∏–ª –µ–≥–æ –±—ã –¥–≤–∞–∂–¥—ã.",,,,,,5,True,160,16,24,0,0,0,0,2,56.6
4189998,5,"–æ–ø–µ—Ä–∞—Ç–∏–≤–Ω–æ, –¥–æ–±—Ä–æ–∂–µ–ª–∞—Ç–µ–ª—å–Ω–æ –∏ –∫–∞—á–µ—Å—Ç–≤–µ–Ω–Ω–æ! –æ–≥—Ä–æ–º–Ω–æ–µ —Å–ø–∞—Å–∏–±–æ –∑–∞ –ø–æ–º–æ—â—å.",,,,,,5,True,70,5,8,1,1,1,0,0,24.5
4189813,5,"–æ–≥—Ä–æ–º–Ω–æ–µ —Å–ø–∞—Å–∏–±–æ –∑–∞ –º–≥–Ω–æ–≤–µ–Ω–Ω—É—é –ø–æ–º–æ—â—å!! –æ—á–µ–Ω—å –ø—Ä–∏—è—Ç–Ω–æ, —á—Ç–æ —Ç–∞–∫ –±—ã—Å—Ç—Ä–æ —Å—Ä–µ–∞–≥–∏—Ä–æ–≤–∞–ª–∏ –∏ –ø–æ–Ω—è—Ç–Ω–æ –æ–±—ä—è—Å–Ω–∏–ª–∏, –∫–∞–∫–∏–µ –∫–Ω–æ–ø–∫–∏ –Ω–∞–∂–∏–º–∞—Ç—å!! —Ç–µ–ø–µ—Ä—å —è –∑–Ω–∞—é, —á—Ç–æ –¥–µ–ª–∞—Ç—å –≤ –ø–æ–¥–æ–±–Ω—ã—Ö —Å–ª—É—á–∞—è—Ö, –µ—â—ë —Ä–∞–∑ —Å–ø–∞—Å–∏–±–æ))",,,,,,5,True,191,20,27,2,0,1,0,0,67.60000000000001
4189200,5,—Å–ø–∞—Å–∏–±–æ –æ–≥—Ä–æ–º–Ω–æ–µ –∞–Ω–¥—Ä–µ—é! –º–∞—Å—Ç–µ—Ä —Å–≤–æ–µ–≥–æ –¥–µ–ª–∞,,,,,,5,True,43,5,6,0,0,2,0,0,15.700000000000001
4188873,5,—É—Ä–∞! —Å–ø–∞—Å–∏–±–æ –±–æ–ª—å—à–æ–µ! –∞ –º–æ–∂–Ω–æ –∏—Ö –µ—â—ë –æ—Ç—Ä–µ–≥—É–ª–∏—Ä–æ–≤–∞—Ç—å? —á—Ç–æ–±—ã –º–µ–¥–ª–µ–Ω–Ω–æ –∑–∞–∫—Ä—ã–≤–∞–ª–∏—Å—å –¥–≤–µ—Ä–∏?,,,,,,5,True,86,8,12,0,0,1,0,0,30.100000000000005
4188867,5,–≤–æ—Ç —ç—Ç–æ —Å–∫–æ—Ä–æ—Å—Ç—å –≤—ã–ø–æ–ª–Ω–µ–Ω–∏—è –∑–∞—è–≤–∫–∏ üî• –≤–æ—Ç —ç—Ç–æ —è –ø–æ–Ω–∏–º–∞—é! –≤ –ø—Ä–∏–º–µ—Ä –≤—Å–µ–º –æ—Å—Ç–∞–ª—å–Ω—ã–º! —Å–ø–∞—Å–∏–±–æ –±–æ–ª—å—à–æ–µ! üëçüèΩüëèüèΩ,,,,,,5,True,102,9,15,0,0,1,0,0,35.699999999999996
4188691,5,–ø—Ä–∏—à–ª–∏ –±—ã—Å—Ç—Ä–æ. –≤—Å—ë –∏—Å–ø—Ä–∞–≤–∏–ª–∏. –Ω–∞ —â–∏—Ç–∫–µ –∫–∞–∫ –æ–∫–∞–∑–∞–ª–æ—Å—å —É –º–Ω–æ–≥–∏—Ö –ø–ª–æ—Ö–æ –ø—Ä–∏–∫—Ä—É—á–µ–Ω—ã –∫–æ–Ω—Ç–∞–∫—Ç—ã. —Å–ø–∞—Å–∏–±–æ,,,,,,5,True,96,9,14,1,0,1,0,1,34.3
4188256,5,"—Å–ø–∞—Å–∏–±–æ –±–æ–ª—å—à–æ–µ , –≤ –∫–≤–∞—Ä—Ç–∏—Ä–µ –∞ –≤ –ø—Ä–∞–≤–¥—É –æ—á–µ–Ω—å —Ç–µ–ø–ª–æ —Å—Ç–∞–ª–æ –∫–∞–∫ —Å–¥–µ–ª–∞–ª–∏ –æ—Ç–æ–ø–ª–µ–Ω–∏–µ . –≤–æ—Ç —á—Ç–æ –∑–Ω–∞—á–∏—Ç –æ–ø—ã—Ç–Ω—ã–µ —Å–∞–Ω—Ç–µ—Ö–Ω–∏–∫–∏",,,,,,5,True,115,10,19,0,0,1,1,0,40.9
4188140,5,–¥–æ–±—Ä—ã–π –¥–µ–Ω—å. —Å–ø–∞—Å–∏–±–æ –∑–∞ –ø–æ–Ω–∏–º–∞–Ω–∏–µ –∏ –±—ã—Å—Ç—Ä–æ–µ —Ä–µ—à–µ–Ω–∏–µ!,,,,,,5,True,52,5,8,1,0,1,0,0,18.800000000000004
4188008,5,–º–∞—Å—Ç–µ—Ä –æ–ø–µ—Ä–∞—Ç–∏–≤–Ω–æ –Ω–∞—à–µ–ª –ø—Ä–∏—á–∏–Ω—É –ø—Ä–æ—Ç–µ—á–∫–∏,,,,,,5,True,40,5,5,1,0,1,0,0,14.6
4187234,5,–Ω—É –∑–¥–µ—Å—å –≤ —Ü–µ–ª–æ–º –º–æ–≥—É —Å–∫–∞–∑–∞—Ç—å —á—Ç–æ –∑–∞—è–≤–∫—É –≤—ã–ø–æ–ª–Ω–∏–ª–∏üëçüèª –∑–¥–µ—Å—å –≤–∞–º —Å–ø–∞—Å–∏–±–æ,,,,,,5,True,70,7,11,0,0,1,1,0,25.2
4187231,5,—Å–ø–∞—Å–∏–±–æ –±–æ–ª—å—à–æ–µ –∑–∞ –∫–æ–º–ø–µ—Ç–µ–Ω—Ç–Ω–æ–µ —Ä–∞–∑—ä—è—Å–Ω–µ–Ω–∏–µ –≤–æ–ø—Ä–æ—Å–∞!,,,,,,5,True,52,4,6,0,0,1,0,1,18.2
4187157,5,"–æ—á–µ–Ω—å –ø–æ–Ω—Ä–∞–≤–∏–ª–æ—Å—å –Ω–∞—Å–∫–æ–ª—å–∫–æ –∫–∞—á–µ—Å—Ç–≤–µ–Ω–Ω–æ –±—ã–ª–∞ –≤—ã–ø–æ–ª–Ω–µ–Ω–∞ —Ä–∞–±–æ—Ç–∞ –ø–æ —É—Å—Ç—Ä–∞–Ω–µ–Ω–∏–∏—é —Ç–µ—á–∏ –≤ —Å—Ç–æ—è–∫–µ, –ø–æ —É—Å—Ç—Ä–∞–Ω–µ–Ω–∏—é –ø–æ—Å–ª–µ–¥—Å—Ç–≤–∏–π –∞–≤–∞—Ä–∏–∏. –≥—Ä–∞—á–µ–≤ –º–∏—Ö–∞–∏–ª –∏ –≥–æ–ª—É–±–µ–≤(–ø—Ä–æ—à—É –ø—Ä–æ—â–µ–Ω–∏—è –Ω–µ –∑–Ω–∞—é –∏–º–µ–Ω–∏) –æ—á–µ–Ω—å –∫–∞—á–µ—Å—Ç–≤–µ–Ω–Ω–æ, –Ω–∞ –≤—ã—Å—à–µ–º —É—Ä–æ–≤–Ω–µ –≤—ã–ø–æ–ª–Ω–∏–ª–∏ —Å–≤–æ—é —Ä–∞–±–æ—Ç—É, –¥–∞–∂–µ –ø—Ä–æ—Ñ–µ—Å—Å–∏–Ω–∞–ª –≤—ã—Å–æ–∫–æ –æ—Ü–µ–Ω–∏–ª.",,,,,,5,True,270,30,34,0,1,0,1,0,94.39999999999999
4187124,5,—Å—É–ø–µ—Ä –º–∞—Å—Ç–µ—Ä! –ø—Ä–æ—Ç–µ—á–∫–∞ —É—Å—Ç—Ä–∞–Ω–µ–Ω–∞ ! —Å–ø–∞—Å–∏–±–æ !,,,,,,5,True,44,4,6,0,0,2,0,0,15.799999999999999
4186936,5,–≤—Å–µ —Å—É–ø–µ—Ä. –æ—Ç–ª–∏—á–Ω—ã–π —Å–ø–æ–∫–æ–π–Ω—ã–π –º–∞—Å—Ç–µ—Ä,,,,,,5,True,36,4,5,0,0,1,0,0,12.9
4186811,5,"—à—É–º –ø—Ä–æ—à–µ–ª. –Ω–∞–¥–µ—é—Å—å –Ω–µ –ø–æ–≤—Ç–æ—Ä–∏—Ç—Å—è, —Å–ø–∞—Å–∏–±–æ.",,,,,,5,True,43,4,6,0,0,1,0,0,15.200000000000003
4186370,5,–æ–ø–µ—Ä–∞—Ç–∏–≤–Ω–æ –ø—Ä–∏—à–µ–ª —Å–æ—Ç—Ä—É–¥–Ω–∏–∫ –∏ –Ω–∞—à–µ–ª –∏—Å—Ç–æ—á–Ω–∏–∫ –ø—Ä–æ—Ç–µ—á–∫–∏,,,,,,5,True,53,6,7,1,0,1,0,0,19.099999999999998
4185970,5,"–æ–ø–µ—Ä–∞—Ç–∏–≤–Ω–æ —Ä–∞–∑—Ä–µ—à–∏–ª–∏ –¥–∞–Ω–Ω—É—é –ø—Ä–æ–±–ª–µ–º—É! –Ω–∞–¥–µ—é—Å—å, —á—Ç–æ –±–æ–ª—å—à–µ –≤ –¥–∞–Ω–Ω–æ–º –º–µ—Å—Ç–µ –ø–æ—Å–ª–µ —Å–≤–∞—Ä–∫–∏ –ø—Ä–æ—Ç–µ–∫–∞—Ç—å –Ω–µ –±—É–¥–µ—Ç",,,,,,5,True,104,11,15,1,0,0,0,2,37.3
4185965,5,"—Å–ø–∞—Å–∏–±–æ —Å–∞–Ω—Ç–µ—Ö–Ω–∏–∫—É –≤–∞–ª–µ—Ä–∏—é , —á—Ç–æ —É—Å—Ç—Ä–∞–Ω–∏–ª –≥—É–ª —É —Å–æ—Å–µ–¥–µ–π",,,,,,5,True,55,5,9,0,0,1,0,1,19.900000000000002
4185836,5,–æ–≥—Ä–æ–º–Ω–æ–µ —Å–ø–∞—Å–∏–±–æ —Å–ª–µ—Å–∞—Ä—è–º. –ø—Ä–∏—à–ª–∏ –±—ã—Å—Ç—Ä–æ. –≤—Å–µ —É—Å—Ç—Ä–∞–Ω–∏–ª–∏.,,,,,,5,True,56,5,7,1,0,1,0,1,20.099999999999998
4185499,5,"—Å–ø–∞—Å–∏–±–æ, –≤—Å–µ —Å–¥–µ–ª–∞–ª–∏ –æ—Ç –Ω–∞—á–∞–ª–∞ –∑–∞—è–≤–∫–∏ –¥–æ —Ä–µ–≥—É–ª–∏—Ä–æ–≤–∫–∏ –±–∞—Ç–∞—Ä–µ–∏ –∑–∞ 40 –º–∏–Ω—É—Ç. –æ—á–µ–Ω—å —Ç–æ–ª–∫–æ–≤—ã–π —Ä–∞–±–æ—Ç–Ω–∏–∫ –ø—Ä–∏—à–µ–ª",,,,,,5,True,104,10,16,0,0,2,1,0,37.300000000000004
4184905,5,"–º–∞—Å—Ç–µ—Ä –±—ã—Å—Ç—Ä–æ –æ—Ç—Ä–µ–∞–≥–∏—Ä–æ–≤–∞–ª, —Å—Ä–∞–∑—É –ø—Ä–∏—à–µ–ª , –ø—Ä–æ–±–ª–µ–º—É —Ä–µ—à–∏–ª–∏",,,,,,5,True,58,7,8,1,0,1,0,2,21.599999999999998
4184497,5,"–æ—Ç–ª–∏—á–Ω–æ!—Å–ø–∞—Å–∏–±–æ,–º–∞—Å—Ç–µ—Ä –≤—Å–µ —É—Å—Ç–∞–Ω–æ–≤–∏–ª –∫–∞–∫ –Ω—É–∂–Ω–æ.",,,,,,5,True,47,4,5,0,0,2,0,0,16.5
4184444,5,–º–∞—Å—Ç–µ—Ä –ø–æ–¥–æ—à—ë–ª –≤ —Ç–µ—á–µ–Ω–∏–∏ 3 –º–∏–Ω—É—Ç. —Å–ø–∞—Å–∏–±–æ –æ–≥—Ä–æ–º–Ω–æ–µ.,,,,,,5,True,51,5,8,0,0,2,0,0,18.5
4184401,5,—Å–ø–∞—Å–∏–±–æ —é–ª–∏–∏ –∏ –µ—Ä–ª–∞–Ω—É –∑–∞ —Ä–µ—à–µ–Ω–∏–µ –≤–æ–ø—Ä–æ—Å–∞!,,,,,,5,True,41,4,7,0,0,1,0,1,15.1
4184362,5,–±—ã—Å—Ç—Ä–æ –ø—Ä–∏—à–ª–∏. —Ç–µ—á—å —É—Å—Ç—Ä–∞–Ω–∏–ª–∏.,,,,,,5,True,30,4,4,1,0,0,0,1,11.200000000000001
4183879,5,–±–æ–ª—å—à–æ–µ —Å–ø–∞—Å–∏–±–æ –º–µ–Ω–µ–¥–∂–µ—Ä—É —Ä–µ–ø–∏–Ω–æ–π —Å–≤–µ—Ç–ª–∞–Ω–µ –∑–∞ –æ–ø–µ—Ä–∞—Ç–∏–≤–Ω–æ–µ —Ä–µ—à–µ–Ω–∏–µ –ø—Ä–æ–±–ª–µ–º—ã,,,,,,5,True,74,7,9,1,0,2,0,1,26.599999999999998
4183642,5,"–æ—á–µ–Ω—å –ø—Ä–∏—è—Ç–Ω–æ, —á—Ç–æ —Ç–∞–∫ –æ–ø–µ—Ä–∞—Ç–∏–≤–Ω–æ –æ—Ç—Ä–µ–∞–≥–∏—Ä–æ–≤–∞–ª–∏ –∏ —Ä–µ—à–∏–ª–∏ –≤–æ–ø—Ä–æ—Å. —Å–ø–∞—Å–∏–±–æ –±–æ–ª—å—à–æ–µ!",,,,,,5,True,81,7,11,1,0,1,0,2,29.099999999999998
4183486,5,"–≤–µ–ª–∏–∫–æ–ª–µ–ø–Ω—ã–π —á–µ–ª–æ–≤–µ–∫, –≤–∫–ª—é—á–∏–ª –≤—Å—ë, –º—ã –ø—Ä–æ–≤–µ—Ä–∏–ª–∏ —Ä–∞–±–æ—Ç–∞—é—Ç –ª–∏ –≤—Å–µ –ª–∞–º–ø—ã –∏ —Ç–¥, –æ–±—ä—è—Å–Ω–∏–ª —á—Ç–æ –º–æ–∂–Ω–æ —Å–¥–µ–ª–∞—Ç—å –≤ —Å–ª–µ–¥—É—é—â–∏–π —Ä–∞–∑ –≤ —Ç–∞–∫–æ–π —Å–∏—Ç—É–∞—Ü–∏–∏, —Å–ø–∞—Å–∏–±–æ –µ–º—É!<3",,,,,,5,True,151,16,23,0,0,1,0,0,53.4
4182972,5,"–æ–ø–µ—Ä–∞—Ç–∏–≤–Ω–æ. —Å–ø–∞—Å–∏–±–æ, —á—Ç–æ –Ω–µ –∑–∞—Å—Ç–∞–≤–∏–ª–∏ –∂–¥–∞—Ç—å –æ–∫–æ–Ω—á–∞–Ω–∏—è –ø—Ä–∞–∑–¥–Ω–∏–∫–æ–≤. —Å –Ω–æ–≤—ã–º –≥–æ–¥–æ–º",,,,,,5,True,79,7,11,1,0,1,0,0,27.9
4182649,5,"–≤—Å–µ –º–∞—Å—Ç–µ—Ä –ø–æ–ø—Ä–∞–≤–∏–ª, —Ä–∞–±–æ—Ç–∞–µ—Ç. —Å–ø–∞—Å–∏–±–æ –±–æ–ª—å—à–æ–µ!",,,,,,5,True,47,4,6,0,0,2,0,0,16.700000000000003
4181848,5,"—É—Å–ª—É–≥–∞ –±—ã–ª–∞ –æ–∫–∞–∑–∞–Ω–∞ –∫–∞—á–µ—Å—Ç–≤–µ–Ω–Ω–æ, –Ω–æ –Ω–µ —Å–≤–æ–µ–≤—Ä–µ–º–µ–Ω–Ω–æ (—Å–ø—É—Å—Ç—è 10 –¥–Ω–µ–π –ø–æ—Å–ª–µ –∑–∞–ø—Ä–æ—Å–∞)",,,,,,5,True,82,7,12,0,1,0,0,0,28.7
4180938,5,"—Ç–µ—á—å —É—Å—Ç—Ä–∞–Ω–µ–Ω–∞ –æ–ø–µ—Ä–∞—Ç–∏–≤–Ω–æ. —Ä–∞–±–æ—Ç–∞ –≤—ã–ø–æ–ª–Ω–µ–Ω–∞ –∫–∞—á–µ—Å—Ç–≤–µ–Ω–Ω–æ, —Å–ø–∞—Å–∏–±–æ –±–æ–ª—å—à–æ–µ –≤—è—á–µ—Å–ª–∞–≤—É –∑–∞ –ø–æ–º–æ—â—å.",,,,,,5,True,93,9,11,1,1,1,0,0,32.8
4180924,5,–æ–ø–µ—Ä–∞—Ç–∏–≤–Ω–æ —É—Å—Ç—Ä–∞–Ω–∏–ª–∏ –ø—Ä–æ–±–ª–µ–º—É. –≤–µ–∂–ª–∏–≤—ã–π –º–∞—Å—Ç–µ—Ä. –≤—Å–µ —á—ë—Ç–∫–æ –∏ –ø–æ –¥–µ–ª—É! —Å–ø–∞—Å–∏–±–æ,,,,,,5,True,76,7,11,1,0,2,0,2,27.9
4180245,5,—Å–ø–∞—Å–∏–±–æ –º–∞—Å—Ç–µ—Ä–∞–º! –æ–Ω–∏ –æ—Ç–ª–∏—á–Ω–æ –≤—ã–ø–æ–ª–Ω–∏–ª–∏ —Å–≤–æ—é —Ä–∞–±–æ—Ç—É,,,,,,5,True,51,6,7,0,0,2,1,0,18.799999999999997
4178763,5,—Å–ø–∞—Å–∏–±–æ –±–æ–ª—å—à–æ–µ. –≤—Å–µ –æ—á–µ–Ω—å –±—ã—Å—Ç—Ä–æ –∏ —É–¥–æ–±–Ω–æ.,,,,,,5,True,43,4,7,1,0,1,0,0,15.700000000000001
4178642,5,—Å–ø–∞—Å–∏–±–æ –∑–∞ –æ—Ç–º–µ–Ω—É –∑–∞—è–≤–∫–∏ –ø–æ –º–æ–µ–π –ø—Ä–æ—Å—å–±–µ,,,,,,5,True,40,4,7,0,0,1,0,0,14.500000000000002
4176769,5,–±—ã—Å—Ç—Ä–æ –æ—Ç—Ä–µ–∞–≥–∏—Ä–æ–≤–∞–ª–∏ –Ω–∞ –∑–∞—è–≤–∫—É –∏ –æ–ø–ª–æ–º–±–∏—Ä–æ–≤–∞–ª–∏ —Ç–æ –∂–µ –±—ã—Å—Ç—Ä–æ. –æ—Å—Ç–∞–ª–∞—Å—å –¥–æ–≤–æ–ª—å–Ω–∞. —Å–ø–∞—Å–∏–±–æ,,,,,,5,True,87,7,12,1,0,1,0,0,30.5
4174244,5,"–º–∞—Å—Ç–µ—Ä –ø—Ä–æ—Å—Ç–æ —Å—É–ø–µ—Ä! —Å–¥–µ–ª–∞–ª –≤—Å—ë –Ω–∞ –≤—ã—Å—à–µ–º —É—Ä–æ–≤–Ω–µ, —Å–ø–∞—Å–∏–±–æ –±–æ–ª—å—à–æ–µ üëç",,,,,,5,True,67,6,11,0,0,2,1,0,24.399999999999995
4167943,5,"—Å–ø–∞—Å–∏–±–æ, —Ö–æ—Ç—å –∏ –æ—á–µ–Ω—å –Ω–µ –æ–ø–µ—Ä–∞—Ç–∏–≤–Ω–æ, –∑–∞—è–≤–∫–∞ –≤—ã–ø–æ–ª–Ω–µ–Ω–∞",,,,,,5,True,53,4,8,1,0,1,0,0,18.900000000000002
4164707,5,–±–æ–ª—å—à–æ–µ —Å–ø–∞—Å–∏–±–æ –º–∞—Ä–∏–Ω–µ –∑–∞ –∫–æ–Ω—Ç—Ä–æ–ª—å —É–±–æ—Ä–∫–∏ . –Ω–∞–¥–µ—é—Å—å —á—Ç–æ —Ç–∞–∫ –±—É–¥–µ—Ç –≤—Å–µ–≥–¥–∞.,,,,,,5,True,73,7,12,0,0,1,0,0,25.999999999999996
4158342,5,"–ø–æ —Å–æ—Å—Ç–æ—è–Ω–∏—é –Ω–∞ 18:12, 28.01 –æ–±–∞ –ª–∏—Ñ—Ç–∞ —Ä–∞–±–æ—Ç–∞—é—Ç, —Å–ø–∞—Å–∏–±–æ !!!!!!!!!!",,,,,,5,True,67,4,10,0,0,1,0,0,23.2
4147013,5,"–¥–∞–∂–µ –Ω–∏–∫—Ç–æ –∏ –Ω–µ –ø–æ–¥—Ö–æ–¥–∏–ª –∫ –æ—Ç–≤–∞–ª–∏–≤—à–µ–π—Å—è –ø–ª–∏—Ç–∫–µ, –∫–∞–∫–∏–º –æ–±—Ä–∞–∑–æ–º —Å—Ç–æ–∏—Ç —Å—Ç–∞—Ç—É—Å –≤—ã–ø–æ–ª–Ω–µ–Ω–æ ? —Å–≤–µ—Ä—à–∏–ª–æ—Å—å —á—É–¥–æ —Ü–µ–ª—ã–π –º–µ—Å—è—Ü –ø—Ä–∏–∫–ª–µ–∏–≤–∞–ª–∏, —Å–ø–∞—Å–∏–±–æ –∏ –Ω–∞ —ç—Ç–æ–º",,,,,,5,True,145,15,22,0,0,1,0,0,51.199999999999996
4145398,5,"-1 –∑–≤–µ–∑–¥–∞ –∑–∞ —Ç–æ,—á—Ç–æ –Ω–µ –æ–ø–µ—Ä–∞—Ç–∏–≤–Ω–æ —Ä–µ–∞–≥–∏—Ä—É–µ—Ç–µ –Ω–∞ –∑–∞—è–≤–∫–∏ –±–∞–Ω–∞–ª—å–Ω—ã–µ",,,,,,5,True,64,5,10,1,0,0,0,0,22.5
4126095,5,"–æ–≥—Ä–æ–º–Ω–∞—è –±–ª–∞–≥–æ–¥–∞—Ä–Ω–æ—Å—Ç—å —Å–ª—É–∂–±–µ –∫–ª–∏–Ω–∏–Ω–≥–∞ –∑–∞ —Ä–µ—à–µ–Ω–∏–µ –Ω–µ–ø—Ä–æ—Å—Ç–æ–≥–æ, –Ω–æ –æ—á–µ–Ω—å –≤–∞–∂–Ω–æ–≥–æ –≤–æ–ø—Ä–æ—Å–∞! –Ω–∞–≤–µ–ª–∏ –∏–¥–µ–∞–ª—å–Ω—ã–π –ø–æ—Ä—è–¥–æ–∫ –Ω–∞ —É–∫–∞–∑–∞–Ω–Ω—ã—Ö —ç—Ç–∞–∂–∞—Ö, —ç–≤–∞–∫—É–∞—Ü–∏–æ–Ω–Ω—ã–µ –ª–µ—Å—Ç–Ω–∏—Ü—ã —Å–≤–æ–±–æ–¥–Ω—ã! –≤–ø–µ—á–∞—Ç–ª–∏–ª–∏, —Å–ø–∞—Å–∏–±–æ –≤–∞–ºüôèüíï",,,,,,5,True,192,18,23,0,0,2,0,1,66.7
4086655,5,"–±–æ–ª—å—à–æ–µ —Å–ø–∞—Å–∏–±–æ –∑–∞ –∫–∞—á–µ—Å—Ç–≤–µ–Ω–Ω—É—é,–±—ã—Å—Ç—Ä—É—é –∏ –ø—Ä–æ—Ñ–µ—Å—Å–∏–æ–Ω–∞–ª—å–Ω—É—é —Ä–∞–±–æ—Ç—É!!!",,,,,,5,True,68,5,7,1,2,1,0,0,23.999999999999996
3478532,5,"16.03.2024 –≥ —Ä–µ–±—è—Ç–∞ —É—Å—Ç–∞–Ω–æ–≤–∏–ª–∏ –∫–æ–Ω–¥–∏—Ü–∏–æ–Ω–µ—Ä. —Ä–∞–±–æ—Ç–∞ —Å–¥–µ–ª–∞–Ω–∞ –∫–∞—á–µ—Å—Ç–≤–µ–Ω–Ω–æ, –±–µ–∑ –ª–∏—à–Ω–µ–≥–æ —à—É–º–∞, –≥—Ä—è–∑–∏ –∏ –±—ã—Å—Ç—Ä–æ. –º–∏—Ö–∞–∏–ª (–º–µ–Ω–µ–¥–∂–µ—Ä) –æ—Ç–≤–µ—Ç–∏–ª –Ω–∞ –≤—Å–µ –≤–æ–ø—Ä–æ—Å—ã, –ø—Ä–µ–¥–æ—Å—Ç–∞–≤–∏–ª –≤—Å—é –∏–Ω—Ñ–æ—Ä–º–∞—Ü–∏—é, –¥–∞–ª –ø—Ä–æ—Ñ–µ—Å—Å–∏–æ–Ω–∞–ª—å–Ω—ã–µ —Å–æ–≤–µ—Ç—ã –∏ –æ—Ç–ø—Ä–∞–≤–∏–ª –ø—Ä–µ–∫—Ä–∞—Å–Ω—É—é –±—Ä–∏–≥–∞–¥—É: –Ω–∏–∫–æ–ª–∞—è (–∞–ª—å–ø–∏–Ω–∏—Å—Ç-–º–æ–Ω—Ç–∞–∂–Ω–∏–∫) –∏ —Å–µ—Ä–≥–µ—è - —Å—ë–º–∞ (–º–æ–Ω—Ç–∞–∂–Ω–∏–∫- —ç–ª–µ–∫—Ç—Ä–∏–∫). —Ä–µ–±—è—Ç–∞ –≤–µ–∂–ª–∏–≤—ã–µ, –∞–∫–∫—É—Ä–∞—Ç–Ω—ã–µ, –¥–æ–±—Ä–æ–∂–µ–ª–∞—Ç–µ–ª—å–Ω—ã–µ. –æ—Ç–ª–∏—á–Ω—ã–µ —Ä–∞–±–æ—Ç–Ω–∏–∫–∏. –±–ª–∞–≥–æ–¥–∞—Ä—é –∑–∞ –ø—Ä–æ—Ñ–µ—Å—Å–∏–æ–Ω–∞–ª–∏–∑–º –∏ –∑–∞–∏–Ω—Ç–µ—Ä–µ—Å–æ–≤–∞–Ω–Ω–æ—Å—Ç—å –≤ –∫–ª–∏–µ–Ω—Ç–µ!",,,,,,5,True,431,38,47,1,3,3,0,1,148.7
